listing_id,host_id,conjunto
3457770,9604972,train
4173751,9197440,train
4259427,21833312,train
4370230,22686810,train
5286096,3866196,train
6738207,8965532,test
7124028,1788377,train
8404499,6630320,train
10166986,14461742,train
13670109,59938558,train
14218173,3664605,train
15098355,23303311,train
21279888,18664080,train
31465478,223989399,train
32543276,16165864,train
35001175,86982839,test
39335644,14327476,train
41893558,154741428,train
657198,414627,test
786685,4147380,test
849567,52394,train
1268175,6903071,test
1567225,8336526,train
1871311,2808971,train
2730497,13974214,train
3447238,13637847,test
3760029,19250606,train
4013668,20809866,train
4659046,1420868,test
8274711,1017231,train
9146595,835110,train
9366904,31668272,train
13052968,26959668,train
13192217,94946,test
15896468,2089329,train
17441150,74104595,train
19133220,16413765,test
19212370,11601610,test
21942269,49716547,train
22058411,4012917,train
22192285,162152103,train
23359083,20443939,train
24307110,43321,train
26238688,6141162,train
26774653,27742407,train
26987448,1110208,train
27169140,156343343,train
28389772,214332639,test
29489824,10555698,train
31238549,2235105,train
32165536,1570799,test
32670715,105956343,train
32980398,5338560,train
33373472,6528007,train
34533172,4576698,train
34857809,69433846,test
34940646,9352563,train
35579312,181875962,train
36731574,50237553,train
36971881,12767750,train
37885314,1834658,train
39537003,61024981,train
39923048,30277418,train
40114220,6000480,train
40307620,13324284,train
40968313,37084465,train
41688439,190135133,train
41710729,6609228,train
42814809,12461120,train
42842323,33782746,train
1453998,1459392,train
4359718,841179,test
6953625,4534230,test
7275417,24465966,train
8170917,41466973,train
9241956,23267314,train
9429608,48878723,train
12114756,64674589,train
16517922,74179792,train
17624400,92294213,train
18517584,550009,train
23763320,1181486,train
30737182,197082458,test
31294395,51812548,train
32674139,48438698,test
35739726,14268703,train
35970327,270572800,train
36711786,68327820,train
37972077,5433307,train
38870392,2351055,train
40533628,9892766,test
41179618,53127489,train
41793009,184859394,test
42023288,1356573,train
42158385,1378368,train
42621137,19881574,train
42669190,339925294,train
43668266,318785574,train
43720417,26817172,train
44403356,252118553,test
45251297,922462,train
45465142,9598750,test
47449728,7156036,train
4137680,3507684,train
13728204,76314424,train
15221767,22862376,test
15983139,23423684,train
16004977,26243457,train
16285996,26765580,test
17093180,99634835,test
19709666,21056771,train
20228476,93220722,test
26557748,1840698,train
34813296,28867552,train
37598634,5074874,train
37629191,284298771,train
525120,184883,train
690849,284224,train
777327,4086839,train
813554,4275254,train
949159,2681924,train
1523892,8131250,train
1530386,8163133,train
1742654,9173924,train
2011212,7683195,train
2214323,4237535,train
2243548,9644281,train
2424199,10434821,train
2554749,9586465,train
2683455,1273385,train
2831424,12795393,test
3172778,16109802,train
3272201,16545323,train
3530395,7665324,train
3616003,18219988,train
3759009,18270150,test
3946018,20449160,test
4623635,1136842,test
4948117,6707311,train
5526210,8278521,train
5756476,27583102,train
6192999,32117091,train
7067406,10174191,train
7534543,12215421,test
7801169,1619994,train
8000716,3348610,train
8256749,41514104,train
8942467,36821356,train
8955750,46182242,train
9956834,18999923,train
10032487,51504193,test
10052674,5769728,train
10450820,1918272,train
11044326,1395401,train
11045529,57322543,train
11465084,48870027,train
11650429,2422648,train
12151638,9558116,train
12836808,4920738,test
12854734,70244331,train
13167611,15430149,train
13217241,74130179,test
14385616,176332,train
14406807,425806,train
15187369,96413175,train
15299630,4360212,train
15663285,17152203,train
16330110,105075484,test
17000577,113924874,train
19141391,75065047,train
20356506,127385071,train
21229168,40818755,train
21504803,156249849,train
22151598,342760,train
22207978,803468,test
22258326,42304005,test
22305896,530553,train
22863062,1678861,train
23549904,24475565,train
24285869,97825,train
25183213,14722881,train
25209293,22587087,test
26221423,62701284,test
26325637,47718147,train
26943105,38162443,train
26946895,202741872,test
27482124,20398684,train
27906346,27071572,test
28053907,10043726,train
28778214,148152874,train
28838614,73638523,train
29188542,8053333,train
29431738,47125955,train
29860764,2931626,train
30113594,10082935,train
30153527,14987061,train
30444773,1157099,train
30497529,1286331,train
30940283,6779066,test
30956743,87859431,test
32476906,25214775,test
33135591,549971,test
33488744,3154769,train
35002311,36564046,train
35233962,264950723,train
36079246,34774173,train
38384778,24678971,train
39005390,1181122,train
39225271,8341543,train
39691063,28253570,train
39834665,27606853,train
39926268,4002775,train
40028728,104149113,train
40142970,28073232,train
40379942,7964357,train
40677200,315600896,train
40809805,52701515,train
40845026,136798365,train
41152541,77369641,train
41752476,57071687,train
41906932,70055156,train
43105300,190092585,train
4305170,5918341,train
22066430,20604809,train
23042836,171001581,train
33546854,252642141,test
37767417,5023158,train
38178091,8632571,train
38449283,293105717,train
40893251,316886271,train
44405913,1000596,train
35579364,107299996,train
42954423,131083549,test
13201181,19873203,test
22869881,107299996,train
27201242,1837068,train
32820849,96311058,train
32841707,247064022,train
33994927,256680416,train
38866897,47102830,train
40639790,315123926,test
40657056,315129847,train
40783667,316908165,train
43465256,297732471,train
21711085,135204393,train
28360016,2298141,train
29794702,20241112,train
42627481,339589653,train
45290301,60376755,train
31647962,237280886,train
31832966,236148005,train
35313576,26961393,train
9559335,49494701,train
40091113,309331427,train
1855846,9685977,train
31414558,16792346,test
43285857,344657177,train
43486164,22298266,test
44360351,94869943,train
433218,644941,train
2019927,10384087,train
3367150,16989237,train
19305374,6179439,train
19711512,1024251,train
20843577,2454680,train
27230758,31882405,train
28392603,73445711,train
30537849,21527486,train
35288505,44021873,test
41912608,16527440,train
888583,4282125,test
959791,2172047,train
12135851,2613671,train
13623987,78936234,train
16362150,5659683,train
19283246,107179840,train
31269703,81146418,train
34251212,59782332,train
36901559,3117422,train
37210398,161648438,train
40710124,51297731,train
43608264,204746258,train
2510394,12851900,train
3316877,175694,train
16708692,110708643,test
19018987,170553,train
23808895,178654047,train
28631715,216061803,train
31673405,121842697,test
31929176,137725101,train
34570070,260846055,train
43822047,346595421,train
5839268,16064632,train
15342457,3998751,train
27173512,23371413,train
30712669,7957807,train
30856210,169131031,train
36455402,184501278,train
36944190,14087227,train
40026658,20713614,train
43777972,208918394,train
8590275,45208389,train
11100490,57648603,train
21712595,93094135,test
38298338,269220629,train
40966628,17757212,train
41068409,313368776,train
41406338,11293987,train
41479095,153555756,train
41586699,260383024,train
41983250,728097,test
42125595,56791809,train
43164910,303258981,train
43334707,75566080,train
43476909,678205,train
43790037,348054745,train
2214978,11257635,train
6492778,21575456,train
16009487,69613456,train
20057450,135731332,train
24491524,185008425,train
34709658,240099532,train
35464492,266818709,train
39892290,307205852,train
40591866,312983560,train
42764432,290174259,train
43459971,30949138,train
46758885,319633263,test
1073635,4243849,train
6986600,4394871,train
10310874,36753915,train
20864878,13462349,test
23957358,167157909,train
25811825,74374901,train
26295433,49202674,test
29037588,212697613,train
31362276,18683197,train
34856076,20668390,train
36968066,274606309,train
37330856,281122399,test
38516493,4243394,train
38795690,6264251,train
40366838,1414618,train
40869893,313801681,train
41006553,15754506,train
42303999,336247977,test
42363036,184479197,train
42390283,303744808,train
42422014,134582698,test
43458250,9285314,test
43525863,6804141,test
43695393,324291945,test
43866207,18353188,train
32064131,54632171,train
33930528,52179765,test
41051147,103818938,train
4069681,20741012,train
12106348,64916208,test
14339073,50411243,train
21550242,1913749,train
22144662,73358102,train
23290179,75982141,train
23838400,72142281,train
28520183,1755123,train
30088327,75404627,train
30695144,56286886,train
32302978,2943364,train
32317602,242622786,train
32501542,63116168,train
32668910,8960858,train
33937844,255990804,train
34116575,42144338,train
35175500,264693056,train
35374230,264851724,train
35510968,54332560,test
35570498,267627839,train
36631070,11189098,train
37245145,93062395,test
41034618,309614788,train
42473796,338198692,test
40780291,243106829,train
41839419,9165739,train
1524017,8131878,train
1976123,6547579,train
2410620,12320096,train
6692213,6847312,test
6693612,4316973,test
12224852,38850266,test
18354443,12144814,train
18372104,127218433,train
19532789,15192,test
19588937,3264225,test
21647076,20067071,test
26283982,20030974,train
28414122,7799229,train
31507738,17018355,train
35430525,264817559,train
35455445,266762890,train
35614263,193961455,test
36473403,274231427,train
36606490,67452942,train
36719785,4023646,train
38816761,1407737,train
39449410,3210260,test
40451346,23089194,test
40966218,2897329,test
41932639,225150700,train
894015,4622027,train
1398326,1705617,train
9967579,51221173,train
13848005,81763260,train
14141622,85375269,train
15531889,30380688,train
15549056,53301314,test
16454703,107939984,test
16769229,111327104,train
19619177,137649778,train
20186887,26823131,train
20279823,43121487,train
26471867,4291088,train
26496505,38920716,test
28014366,37697640,train
28359897,207808113,train
28980678,20311036,train
29384451,174570554,test
30762826,6051149,train
30953532,2398258,train
33710046,76256661,train
34803200,23819362,train
35220477,265188674,train
39487508,303336543,train
39506904,303509327,test
42999074,29528165,train
150804,726333,test
23855529,101568108,train
24553891,68557372,train
30286646,401517,train
37236534,25839532,train
39301985,301744489,test
39760322,283812343,train
42159545,26924376,train
2314392,11774035,train
3666709,18594426,train
3943879,20435647,train
6326681,241395,train
6883404,35651501,train
9400570,48489264,train
12792132,29859280,train
13341955,75577166,train
18803472,13351185,train
21112291,21383928,train
21922639,9238069,train
22840839,98956556,train
22858455,14117835,test
23684874,3323468,test
25911322,144002200,train
26744721,8305252,train
29754946,76327788,train
30911300,231007291,test
31143377,232463854,train
31304303,20517979,train
31716471,47114213,train
33497909,252432969,train
33743807,18569998,train
35573670,16634288,train
35816788,226970380,train
37055281,47653589,test
38133113,92509169,train
39060953,299380618,train
40683589,315758129,test
42390588,273843157,train
43440132,8167593,train
6957168,22346913,test
17010314,2092961,train
22083540,11365202,train
26387184,24378438,train
34777979,15010925,train
5919646,410962,train
34271296,257892281,train
20365504,41844294,train
21390251,26765262,train
22360132,50578169,train
27823763,10017420,train
27966667,211022699,train
29829066,179668570,train
30373480,1723475,train
32520381,33159631,test
33616367,71845972,train
35758732,21299191,train
36800722,144521264,train
39215776,1440109,train
40202296,248335189,train
40305212,209527549,test
40372480,289928528,train
41048090,320748529,test
42313819,268831865,train
44395630,8652278,train
944049,1908073,train
1717058,9053036,train
13248968,15985137,train
13604485,56352735,train
14666364,24898836,test
15595714,17301301,train
15606875,96101938,train
16172162,72808547,test
16740081,47716416,train
17906990,23377863,train
19524083,137068370,train
19862234,3418072,train
21434692,111663504,train
21551617,156699963,train
21683372,81928702,test
22176678,110142237,train
22550289,7495768,train
23258724,15194406,train
26897821,111816745,train
27635012,26825592,test
28105759,212306955,train
31951675,91547284,test
32020961,21836588,train
32705496,110001729,train
35260885,264742656,train
40639431,50242408,train
25369155,11353190,test
26036438,40653297,train
32757476,245394439,train
2096968,1461630,train
6625406,23527094,train
9348923,6264251,train
15721685,39668851,train
22079387,148107543,train
24491450,4831440,train
27544396,111587063,train
28518320,127250744,train
34651250,18006125,train
37943586,46220916,test
41549233,4311270,train
44231963,50411243,train
525388,787204,train
12587017,62850707,train
16930274,113110121,train
16933481,359480,train
19472906,135831798,train
20031027,6916278,train
23054891,78814486,test
23497654,56214245,train
26889078,199535935,train
28187115,35649879,train
29731625,30177875,test
34568205,646592,test
36117552,1196848,train
37252794,4019055,test
41656896,118347319,train
42331061,243148907,test
6930780,36333834,train
9614378,49742527,train
23435916,174780742,test
23643300,38672932,train
23746794,97659986,train
25135772,189971299,train
26010424,195497710,train
26743587,201083646,test
27131580,114216175,test
27693532,1423082,train
29827530,6856247,train
29945767,9804005,train
33681005,39395975,test
34679833,128452734,train
42440077,80111968,train
1190223,3202825,train
4453150,1580799,train
9091710,47403089,train
9577777,1439333,test
11827451,63006814,train
15009751,20317929,train
15663586,101131690,train
15742916,8881924,train
19701913,6933440,train
21695338,8652278,train
22495122,89245578,train
23901975,43275413,test
29385308,221371129,train
30102118,5743700,train
30205956,16081505,test
30770830,208477013,train
31991377,99695025,test
33135126,81867025,train
35513360,6293490,train
38116815,289358257,train
40719744,49175180,train
40750579,316441195,train
41430114,279237710,train
41908671,72110132,test
43383021,16916408,train
43425402,20566940,test
43452122,45774825,train
1016105,5591685,test
1655880,8778889,train
1989838,3185905,train
6662241,30208406,train
9596551,37058836,train
21963398,11310081,train
21966758,3179146,train
23771352,25705033,train
25540851,1418307,train
30091241,102655617,train
2243699,1483320,test
741154,1406458,train
6331598,32958503,train
8904076,46574350,train
9011614,31019553,train
9525490,41094794,train
11040458,20607397,train
18972792,59799262,train
23433516,174785774,train
24783060,187388261,train
29736636,164966647,train
60794,293394,train
1071743,5895535,test
3887138,176285,train
6220514,31617949,test
6939638,36307255,train
12762497,11811612,train
21945438,262862,train
27574050,3313681,train
9677912,50001799,train
10277010,5610823,train
10887262,4343152,train
11374453,7605261,train
13098452,4942450,train
19963641,2073124,test
24993467,143739618,train
30441751,28060043,train
32466675,289996492,train
6969473,30247261,train
7345443,38480982,test
8523910,44882587,train
9476449,13859188,train
17042235,25967444,test
26096404,5241297,train
1987949,10252755,train
2083547,4690301,train
3798874,19510462,test
4135674,2011110,train
5602369,1407325,train
6843145,5361360,train
7970578,20233558,train
11474808,1524765,train
11503509,60596749,train
11531322,60817772,train
21950012,53829616,train
28139041,18159034,test
34647478,6895430,train
8881765,218425,test
12079993,35329442,train
15783413,44498923,test
19475005,5180222,train
20000290,361155,train
18324607,17449165,train
36349092,273347409,train
37216048,1421116,train
1382607,6245535,train
4587321,23778946,test
5580236,19512999,train
6326568,32924122,train
6348548,33070890,train
7174695,36903246,test
7310097,38297695,test
8353055,619330,train
8608841,17258663,test
9736227,9245509,train
13613919,40869788,train
14221607,52999390,train
16145871,30826993,train
19639687,138210979,train
22193650,83637,train
22434861,5925222,train
34780613,31239719,test
44496053,360086075,train
1067251,5872605,train
2022920,8214568,train
2150727,5579700,test
2231814,112879,train
2250372,11490872,train
2271504,11598359,test
2274084,11610321,train
2291943,11708656,train
3237602,16379550,test
3455983,178551,train
6269808,233161,test
6426032,33533091,test
6990524,36650631,train
6993265,36666388,train
7006494,36726560,train
7048418,36962150,test
7093979,3946744,train
7543993,7753501,train
7837347,13089720,test
7851047,41371043,train
8029217,36640518,train
8505892,11241345,train
8520836,44866282,train
8614790,45318624,train
8758534,45619483,train
9028839,3248277,train
9197311,26474885,train
9274832,48169083,train
9393885,48723057,train
9793665,11358093,train
9793676,50473263,train
9857920,29941633,train
9865262,50772475,train
10549650,25996073,train
11037105,57275881,train
12169531,11218119,train
13114443,72931015,test
14483469,19928013,train
16112503,105056232,test
16389531,9270927,train
16766743,109859103,train
17156147,10762635,train
17532802,118913632,test
17974244,231704,train
18629326,4401058,train
21660742,2079633,train
21780501,53507512,test
21881605,159623005,train
21967615,15146492,train
23596025,43180601,train
25422338,191913119,train
26198112,196900738,test
26430182,140096210,train
28941589,42226482,train
31562978,27479250,train
34362400,234623462,train
35607907,1348312,train
37246036,129305100,train
39150564,11726951,train
40613498,13874798,train
40919992,318794234,train
42485189,17017313,train
2122613,6854214,train
2151259,10263977,test
4555241,23342410,train
5395116,14586567,train
6470740,33803881,train
7277600,24772574,train
7305718,38269863,train
7331835,23851015,train
7496211,6520502,train
8341919,43945071,train
8905176,46579560,train
9414496,37169371,train
9532665,49379520,train
9717766,50165358,train
9862831,50761842,test
9865374,13757674,train
10869804,56312532,train
11451070,31500454,train
11609114,50556696,train
12388494,66977773,test
12888849,16476167,train
13859896,46643729,train
18175743,40929418,train
18828134,131109595,train
19910666,141011662,train
21849210,25814915,train
21926893,159998120,test
22790196,19981762,train
27677881,652480,train
38284238,291026998,train
42220001,291026998,train
42695549,68945584,test
42836963,111314249,train
43132445,343381111,test
45620293,56877134,train
46285999,144674626,train
2050993,4836650,train
8783567,46039971,train
19478537,1751498,train
19785259,53821069,train
21452348,7390361,train
21852466,44514403,test
30676992,141735689,train
31113241,11082255,train
10367884,724870,train
10724373,1913404,train
12941586,71093679,train
15268792,95436015,train
16346945,15702477,train
22462797,164637779,train
26571486,151714821,train
26602421,200007278,train
27484611,64971854,train
28713390,216586341,train
30504780,228898361,train
31670625,237283862,train
35343378,34708353,train
37499101,42404841,train
1781052,9348961,train
18077050,52711374,train
30231026,86171061,train
36418378,52361438,train
37254241,280461278,train
4782799,2910317,train
9753443,2147475,train
13589415,21283171,train
13856810,81859848,test
18459948,127998381,test
19122738,10733404,train
21504818,39142433,train
21645769,6619124,test
24387440,184065290,train
30428730,17618432,train
30770314,230235805,train
41972453,332259898,train
1984390,10238618,train
5038299,17465490,train
8117729,1106804,train
8826833,46234202,test
11850380,5245797,train
16238779,36382944,test
16378313,58877492,train
19720126,96742320,train
21892596,157642917,test
28441716,2757243,test
31255156,14948568,train
33529806,105270072,train
37491784,282860733,test
1979848,10217559,train
2864637,14641776,train
3164173,2338762,train
3245000,13561307,train
4525589,20627511,test
4747068,24500940,train
4750578,11950208,test
5412567,19655924,train
5511067,28577246,train
7573221,5287536,train
7921643,15102423,train
8294525,25266527,train
8439191,2761047,test
9731039,50213378,train
9831392,49453860,train
9843956,50687223,train
9933667,31222791,train
10117624,12190846,train
10681362,5075354,test
11168007,6032945,train
11926941,4501003,train
12228640,27953420,train
12611122,6444711,train
13942612,20536793,train
14506086,22847606,train
15758553,14258860,train
16147001,35093829,train
16734212,19001553,train
17268091,6396827,train
17545775,15266675,train
21550717,7229833,train
21675338,152959594,train
23597323,99270668,train
24855025,187889772,train
29133348,72006801,train
29683957,18283992,test
40310349,9329143,train
4776107,24631934,train
6198636,31877774,train
8645186,45444713,test
13778127,80886117,train
16498294,13312279,train
19181881,19975102,train
19603624,71811779,train
19791924,112954746,train
21263120,44295724,train
21716197,12672143,train
22556901,17150107,train
23006397,14328715,train
23084751,67375976,train
23753775,2250865,train
26812606,6720254,train
27623360,95642648,train
29181504,35957140,train
30249168,27126531,train
34973988,12642973,train
35874420,55190776,test
35999656,270829432,train
1820858,3609524,test
2101710,10717291,test
2127382,10852093,test
2298759,11741773,train
2835159,7915183,train
3423516,17256091,train
3819656,19644902,test
3898329,20177186,train
3979360,20624434,test
4343860,7679928,train
4394687,10952317,train
4485286,14138135,train
4613154,23899573,test
4798794,1660906,train
4865377,11457159,test
4942985,25476493,test
4978607,2316247,test
5160871,8780729,train
5184986,26819401,train
5233279,19034179,train
5926854,557157,train
6115275,8164199,train
6292334,7189415,test
6438239,11885649,train
6443330,33640698,train
6493737,33941066,train
6506449,34013546,train
6743935,740756,train
6863948,3313475,train
7002884,36713105,train
7052026,36976268,train
7760406,39060578,train
7894084,41620310,test
7928917,41810578,train
8013947,29338009,train
8468662,19244346,train
8719984,42788011,train
8720070,4319369,train
8743269,12226733,train
9136814,44034234,train
9137194,15278522,train
9296598,48264527,test
9381315,7379511,train
9435428,48904356,test
9464137,42956813,train
9715973,50157334,train
9724452,45198805,train
9862199,32787246,train
9898894,19529891,test
10035098,51513795,train
10046083,1523549,train
10065056,36905682,train
10067924,36866768,test
10076836,28504839,test
10115542,16682678,train
10137048,52022983,train
10143705,31698014,train
10526930,54280519,test
10647977,32298504,train
10770836,55709707,train
10787042,16430584,train
10930279,25044529,train
11068187,9132107,train
11415455,20868549,train
11491051,60500336,train
11564448,33856311,train
12004174,21661360,train
12070985,41280277,train
12114228,47864677,test
12342004,6416695,train
12966771,37219626,train
13145377,22363037,train
13745898,2495361,train
13998049,7245466,train
14041141,20971070,train
14437093,4400586,train
14586448,90270616,train
14709693,91510178,train
15664037,22067387,test
16260362,18569725,train
16541635,77375497,train
18070342,17707106,train
18252876,60022283,train
18686390,12540615,test
18793151,4099467,train
19383561,9597266,test
19518453,79912031,train
20388056,46736568,train
20440400,42701042,train
20730891,19141737,train
20820417,66096509,train
22204187,18011536,train
27788826,11376647,train
31560410,21129281,train
32316672,24697585,train
39670496,81009456,train
27164116,204527519,train
39252851,92793705,train
4956293,7463662,test
5135121,5125933,train
8799529,7512454,train
9434432,8012008,train
9613369,49737913,train
15964171,103678761,train
18077742,4004425,train
20583124,123805373,test
20970844,12703148,train
21174364,109074907,test
21474497,2628354,train
22497711,101170573,train
22868847,12624093,train
24862077,142455925,train
27088944,2102205,train
27166904,94832914,train
30422813,158970159,train
32493320,244135864,train
34620353,261183419,train
37280342,38350640,train
40857830,318023304,train
40892905,13458511,train
42950259,326399571,train
1276760,6949594,train
1682258,5434492,train
2158171,11012889,train
2164631,2090668,train
2228296,11371978,test
2273019,8105524,train
2521670,6723969,test
2966685,3963645,test
3010430,15341568,test
3841033,9708374,train
4232356,9368118,test
4401193,22205787,train
4436185,3708965,train
4480308,5152761,test
4518242,23424461,train
4773463,7156474,train
4803623,24747103,train
4995083,25748492,train
5104668,24915685,train
5558242,16548032,test
6292309,931790,train
6373379,33212205,train
6512929,34052554,train
6619100,34642925,train
6779136,35488245,train
7546039,39541748,train
7561686,39639929,train
7563717,39655899,train
7579573,39742177,train
7581727,27921486,test
7602442,39868106,train
7894907,1830864,train
8367125,44099001,train
8808863,496979,train
8809578,14914020,train
8863005,46395463,test
8892174,24297041,train
9231257,45168846,test
9325951,33377685,train
9543557,48498097,train
9677744,50001302,train
9696307,25499953,train
9740264,11462920,train
9859888,50750250,train
10403231,9870528,test
10686287,36998357,test
10782718,55785222,train
11117439,57755346,train
11441692,6501137,train
11491696,60502606,train
12003146,22099204,train
12228859,5138621,train
12290567,66240027,train
12644989,9997184,train
12851607,68322243,train
12864971,70333355,train
13016417,33273074,train
13174320,30812813,test
13571350,78258683,test
13651250,35857384,train
13740419,80437226,train
13748851,80534927,train
14163324,15061780,test
16442999,107833451,train
16505722,15279171,train
17764691,120951063,test
18755951,130496399,train
19117322,131218877,train
19571034,19703184,train
19811442,877697,train
19875496,20608771,train
20305785,144833193,train
20435714,48677247,train
21501507,156216145,train
22209681,162293435,train
22628471,74255931,train
23992731,68350188,test
24140556,36818639,train
25025533,6319849,train
25029982,4246574,train
25867636,194349000,train
26451569,198451327,train
26889817,202268676,train
27351337,10849252,train
30134327,84163854,train
30561958,35435470,train
30584948,145041366,test
31304312,234297980,train
31458142,235655558,train
31805784,35486274,train
35115187,264493502,train
36023925,44355774,train
38544065,267927605,train
39002954,16777657,train
42134520,334297178,test
42876407,177727829,train
18647731,46501846,train
18721341,130186732,test
19544381,2642103,train
21264131,67226812,train
38559180,24968314,train
39437514,71219887,test
3442067,17198795,train
3825437,7018154,train
4498798,8712859,test
4906961,551139,train
6992939,1281637,test
7095426,2252859,test
9971730,31068253,train
13659997,4411751,train
14090133,84754283,train
18449954,127910599,train
19163888,105707375,train
20459381,17575348,train
21015751,79345554,train
24784400,24373940,test
27089135,57336940,test
31127267,32540806,train
39440527,27314977,test
40162918,70872290,train
1891118,9831559,test
2096581,10694601,train
3120723,15853337,test
3539882,16583238,train
5353431,16548665,train
5848422,13465396,train
6209799,7894614,train
6712618,22651758,train
7258306,23387933,train
7347733,21056821,train
7421930,22344488,test
8065272,2928867,train
8485671,29821368,train
8555411,45033715,train
8588016,45197192,train
8948898,5548597,test
9427331,48870194,train
10222008,52526463,test
11910278,174570,train
12145189,2961779,train
12156078,18261318,train
12252513,9280078,test
13043208,14060030,test
13115864,16055560,train
13653708,72002747,train
14763045,54743212,train
16650612,24805629,train
19907826,29003640,train
21676358,55308025,train
24452770,212420,train
27357537,28380119,train
30932198,11286990,train
32550619,51268465,train
10022997,4628519,train
19118803,7628817,train
21980316,5191980,train
25169866,19002326,train
31802796,30077950,train
1136399,6233644,train
2026869,10411521,train
2219294,10485182,train
2803013,8497788,train
2819729,1887123,test
2909006,14861483,train
3106154,2885147,train
3378585,13535952,train
3706213,10856201,train
3917007,4718049,train
4142125,18189742,train
4196039,21768291,train
4421826,22927646,train
4504493,10303277,train
4782252,24657274,train
6232987,32340523,train
6273469,4248868,test
6713911,34988058,train
6812717,2608356,train
6948161,24806455,train
7275273,16398769,train
7560658,8726365,train
7560918,39635423,train
7661735,19071455,train
7716489,22770300,train
7895157,39531775,train
7956149,32502064,test
8381381,2284111,train
8496270,44742061,train
8762641,45950544,train
8883032,46481544,train
8897305,46544348,train
8964740,46851431,train
9191908,14340851,train
9199352,1459609,train
9237600,17051015,train
9299515,48277456,train
9299707,48278499,test
9358066,34654571,train
9474607,43951918,test
9573394,26787684,test
9707469,7185488,train
9736071,17870643,test
9756996,1587220,test
9855043,5259567,train
9884725,17108566,test
9898409,40709140,train
9943258,20765208,train
9968402,6172959,train
10020060,51450214,train
10070350,39765154,train
10116081,51913270,train
10232344,52584471,test
10403667,46714717,train
10564375,304651,train
10921091,56607815,test
11584340,10563705,train
11713899,39149459,test
11867573,6544323,train
11943700,19586959,train
12409508,13755526,train
12492242,38864859,train
12780993,18111963,train
12941306,14035480,train
12956122,11363395,train
13184939,11296515,train
13243615,17770598,train
13531244,9327286,train
13681859,3522798,train
14071817,970540,train
14093225,31250542,test
14234046,18762580,train
16230905,49900664,train
16271281,46382018,train
17508300,1647256,test
18568551,9285643,train
18629621,83141510,train
18655599,36522433,train
18745314,37078449,test
19162994,95471685,train
19279519,22215460,train
19910558,2505262,train
20649687,5731144,train
21384941,11774785,train
21979898,17425841,train
22031711,42051399,train
22401901,10674042,train
22618211,5668546,train
22929141,36307813,train
32815390,9700935,test
35768121,2448443,train
40468711,27161529,train
40783447,14472525,train
1437044,3355679,test
2134052,7978448,train
2261018,9389685,train
2489920,9543143,train
2554110,7132792,train
3811757,3997854,test
4248788,22047286,test
4817208,3514707,train
6515562,14979188,train
8621113,4308094,train
9093389,38738475,train
9607482,36380016,train
9953924,1397160,train
10265988,6713072,train
13065356,42399786,train
14445481,88904682,train
17151145,4628742,train
17188328,6375225,train
20212025,7248357,train
20285258,1457505,train
21433001,11908891,test
21633631,21099366,test
21752471,31583052,test
21811156,158974584,train
26534838,5225042,train
28663593,216091157,train
29681004,15197115,train
29893519,174797199,train
31729652,91390716,train
33190224,21218657,train
40179986,310274555,train
9357,30193,train
1499635,1601577,test
2043329,10478532,train
3362302,16962600,train
3539618,506909,train
4281241,22227178,train
4690677,19007585,train
4691649,8501698,train
4710488,24344873,train
4817139,21671443,train
4909438,24127267,train
4941141,15297517,train
5697062,29537636,train
5718935,29651191,train
6246559,519483,train
7328775,38392850,test
7340318,6772512,train
8207003,4307662,train
8635363,20008462,train
9925100,29413554,train
12292409,23638897,train
12522024,10665495,train
13883249,48852712,train
14312497,38681372,test
16253465,86575720,train
16349645,6335037,train
19903510,17617027,train
28933616,526744,train
35644433,268150010,train
39697022,29874427,train
4121110,1923075,train
4629726,23971405,train
4775737,24630374,test
8523742,44881523,train
9479084,1177400,train
9820053,22440410,train
9937333,1714427,train
10390481,53492531,train
10561771,30356325,train
11505981,60615372,test
13136912,6909591,train
13376886,71496163,test
13387453,23273780,train
14723166,59954257,train
19239928,5530093,train
19922292,51870709,train
22057431,60523852,train
25786994,183033408,train
27602303,6663544,train
39918719,16878660,train
22037644,46972551,train
25980294,195279731,test
6921974,35921273,train
12301489,18276764,train
1483688,477140,train
4941771,25468442,train
8016747,1444040,train
8052841,39084892,train
9040796,21716352,train
9365126,48593631,test
10704981,6716450,train
11573269,11764237,test
13640690,34915405,test
19821206,139949166,train
21472026,17592183,test
22627980,3680044,train
22650253,110345854,test
23190292,13900556,train
24149436,6792120,train
28335031,11050667,train
30283940,128721938,train
30582797,38256284,train
33495663,121431667,train
1635672,8687489,train
1913540,325455,train
1924645,110958,train
1965766,10153970,train
2255005,7748022,test
2425222,12394900,train
2493176,12760201,train
2889781,14724243,train
3083899,15638528,test
3112872,2641574,train
3147439,7361593,train
3237160,4928687,test
3282550,1174963,train
3283729,16596651,train
3993553,6198638,test
4037379,5642757,train
4206087,2423107,train
4639746,6470787,train
4686678,7759020,train
4782243,2715121,train
6026546,22613302,train
6156319,7775447,train
6167817,31997128,train
6169981,32011239,test
6262536,405555,train
6292893,2563284,train
6410814,15613411,train
6425850,32715865,train
6542929,6789992,test
6638377,31889552,train
6674155,1208337,train
6737815,10576227,train
6833000,1587123,train
6909447,36207962,train
6919971,36268893,train
6988905,36133913,train
6994064,35928174,test
7051619,36980964,train
7240002,14905080,train
7417444,11239404,train
7573321,1242357,train
7637047,15090552,train
7922002,41775303,train
7967503,2781031,train
8118692,37670256,train
8186181,56350,train
8281967,43669488,train
8439145,7654837,train
8485571,5805675,train
8974121,46815771,train
9092903,552067,train
9149182,47636934,train
9297852,48261452,train
9382195,48674244,train
9404707,381669,train
9517488,31248442,train
9778978,32525636,train
9819589,2290932,train
10541080,36710280,test
10575811,14611780,train
10732341,34040597,train
11968958,63935825,train
12375976,16617640,train
12423497,2455544,train
12451425,60996330,train
12733430,10777637,train
12902686,70686576,train
12903772,70646170,train
13273903,6297445,test
13309667,2507664,test
13416582,76443791,test
13765949,64839278,test
13858187,79338533,train
15735169,85726670,train
16227237,1914516,train
17045905,26822855,train
17237486,13238971,train
17465199,3637890,train
18835820,52777892,train
19220496,23257199,test
19862892,140476993,test
19906578,132839074,train
20263650,170094,train
21253972,41306788,test
21343278,145687876,train
21426648,683457,train
22002827,11530808,train
22064793,611408,train
22066865,76728828,train
23001249,29074867,train
23467186,148945774,train
24627684,47895481,train
24804386,1092203,train
26662711,104117770,train
27225784,10573806,train
27875757,210578372,train
28513148,1381000,test
30229988,73839962,train
31023868,108810117,test
33660716,73785055,train
34013205,25346924,train
38489373,42951726,train
40028007,33452526,train
1919896,1345452,train
3264684,8830645,train
4044906,15582617,train
4127402,21336880,train
5364814,9881214,train
5567220,27201435,train
6576327,33680030,test
7084621,27919510,train
7194138,16782665,train
7240997,2519631,train
7435577,28460565,test
7517614,39389693,train
7858824,27655084,train
7972839,1287826,train
8250457,43509184,train
9415109,48816743,train
12147723,5120853,train
12679172,43733051,train
13183047,40306612,test
13518997,58266670,train
14080022,84632856,train
14774459,4064681,train
14835670,92602590,train
16518787,1809640,train
17692964,6198824,test
19236409,1722812,test
19269676,7650620,train
19323563,36851145,train
19695276,373060,train
20570202,37512618,test
21238053,153497815,train
21667120,157075387,train
22029995,6967723,test
24369797,251588030,train
27620424,112963302,train
28751496,36391065,train
29858126,149849302,test
33239233,249983430,train
36057248,58916575,test
36808981,276684135,train
2707194,159726,train
3581652,18041691,train
4453233,5827529,train
4456555,747671,train
4492821,743716,train
5656458,16091512,train
5932072,17419521,train
6659371,192349,train
6690696,3131306,test
7470123,39126862,train
7798935,33593407,train
9182754,9859148,train
9731739,34939187,train
12342876,8389062,train
12653674,68735532,train
13165500,4104874,train
13572767,69541888,train
16613219,603592,train
20491800,4376320,train
30964898,14100888,train
741783,3880974,train
2079686,7624316,train
2361020,5535265,train
2865117,3543836,train
6371593,11740479,train
6700860,35075473,train
8286494,43691297,train
8362098,2128335,test
8741676,45859613,test
9989842,5445371,train
10525616,14076423,train
11548744,55601638,train
11641258,61719199,train
13752982,80593607,test
13893494,2700098,train
16634357,109886922,train
5371463,1295576,train
5624807,15775091,train
7835470,2682346,test
7864877,36264666,train
8924552,6818674,train
9414019,1333485,test
10365991,17790870,train
11138910,827235,train
11587722,5099080,train
12705519,1372942,train
16095512,15793354,train
16353458,4229387,train
19700871,41963149,train
20534562,146620661,train
21764442,65483041,test
22059169,32299529,train
22188050,19380568,train
23916900,83967077,train
27053726,33526253,train
35599003,267015438,train
334607,52043,train
2950469,12517087,train
3511898,17682043,train
5144979,12115582,train
6660330,1586060,test
6967305,36531150,train
7417520,37028138,train
7919803,4549552,train
8054523,965061,train
9881195,5913612,test
13805038,8539684,test
20812365,76227113,train
21096186,14945039,train
30694626,541486,train
34481124,144522384,train
34545971,20952448,train
1313593,7138163,test
2178294,5716241,train
2856036,14601436,test
3946239,20449694,train
6358723,33125859,train
6974249,6623402,train
7264659,6994503,train
7265249,38038797,train
9282987,11607339,train
9447274,9703336,test
10387839,53477091,train
10766339,9358748,train
11547077,8200984,test
13519630,1658443,test
13660249,46370904,train
15618325,19313463,test
15647143,531006,train
16716676,110786804,train
19553306,6405437,test
19858046,140433041,train
20231046,278284741,train
20557017,146812160,train
22602605,15535189,train
28195740,212898110,train
28778379,32631901,train
29517411,62015880,train
30232758,6004082,test
32669067,102325214,train
13633400,4372467,train
30938616,38013805,train
33393883,9028198,test
3091872,2308616,test
3513662,6153186,train
6555997,11513446,train
7621698,39978385,train
9136581,47584049,test
9172067,47731857,test
11868110,63269523,train
13666641,3988830,test
13727297,7689009,test
13980828,11708912,train
16194421,42734669,train
16389354,107136259,train
19134330,133736899,train
21518777,2424168,train
21822768,3239797,train
29898471,224806557,train
944183,3361696,test
3642278,18388112,test
4482158,23256032,train
4616452,23915731,test
4745212,2665225,test
5579147,10054163,train
5647213,148610928,train
6104951,815619,train
6346496,14087588,train
6373790,26818265,test
6626894,13500220,test
7378773,11129295,train
7386119,12517331,test
7495497,2045777,train
7699516,40443551,train
8139311,7849109,test
8368928,15789077,train
8381315,43583927,train
9507521,49268145,train
9541753,11460541,train
9945127,14521821,train
10229075,9504403,train
10671589,11375436,train
10765309,8851665,train
11212414,58405281,train
11833497,9946550,train
11943846,50976547,train
12230921,5679552,train
12464635,639785,train
12916138,70828773,test
15308517,2910527,test
15345019,88972153,train
16162621,104781467,train
16308886,106714852,train
17684828,120456470,train
19134814,48240655,train
20028846,142240474,train
20438015,15004693,train
22077920,17322363,train
22261208,405986,train
26993244,132883657,train
27710264,209202426,test
29457851,53223410,test
30537221,3137237,train
30554810,70065270,train
30956885,96049478,train
32551227,132374206,train
33400953,3400827,test
34032175,152850919,train
40672621,196405027,train
13170106,21425186,train
13963005,41870118,test
17316565,116854478,train
20602769,24323380,train
21997208,154608871,train
22704069,162575767,train
23150033,172067924,train
25054951,70120241,test
30888624,146607158,train
36277571,261612429,train
36970116,34143258,test
41486160,87846750,train
41837640,53791388,test
43013278,536686,train
43207235,155619942,train
44644295,240065426,train
47729270,59917107,train
1853765,416918,train
1876969,9582999,test
2026434,5772472,train
2055467,10526877,train
2070290,10585956,train
2203450,1500487,test
2217398,11312158,train
2243769,11460768,train
2282085,2044302,train
2284454,11668649,train
2297192,11732741,train
2329047,9754117,train
2635913,13497325,test
2851945,14582705,train
2925138,14935685,train
3265275,16512899,train
3399909,39304,test
3663423,18570567,test
3703037,18876264,train
3971948,19808313,train
4262120,6914968,train
4567703,22935835,train
4752020,24454906,train
5065630,8813443,train
6156442,31937844,train
6758846,22894987,train
6972271,31213925,test
7206401,17383399,train
7240464,37909191,test
7310330,38294027,train
7471859,3504234,train
7500030,19976579,train
7518327,39394883,train
7596078,4582155,train
7691534,40394783,test
7893820,1330961,train
8519400,44857362,train
9211087,47903548,train
9312190,6930315,test
9362788,812866,train
9485566,46142110,train
9495907,8920162,train
9654190,49907738,train
9685114,33833815,train
9685158,28191353,train
9894820,50894847,train
9919042,50997070,train
9920191,6896056,test
9920626,36054372,train
9944426,51105827,train
9970462,28336810,train
9973211,51248093,train
10059344,11068351,train
10101013,6866192,train
10231620,29452204,train
10548910,52262589,train
10587891,32712155,test
10875244,56342651,test
11039706,57289930,train
11304325,59095370,train
11667455,61938683,train
11751916,62530335,train
12344949,33993577,train
12446494,21742264,test
12566262,32503657,train
12793649,69668616,train
13546134,19004207,test
13673873,78285648,train
13697770,3074354,train
13733036,36234842,test
14651111,45247861,train
15145285,21255768,test
16331969,15130664,train
19250619,115546121,train
19544404,72539408,train
19618443,26921025,train
20152264,10461088,train
20815250,12099193,train
21421478,95740207,train
21787094,415290,train
21827433,142662928,test
21925948,83004119,train
22331268,4457329,train
22436770,114131821,test
24916202,95343073,train
25057198,16205855,train
30046140,59011845,test
31340283,4382127,train
32186503,241366983,test
36482446,1240933,train
40925554,318854591,train
41043703,194696447,train
42017198,31199978,train
45296324,47703629,test
46124926,4290150,train
10811875,768181,train
3485146,6707119,train
4509664,23383529,train
5148878,215570,train
6445126,32850071,train
6661923,15008796,train
6776711,35476099,test
7292891,9403624,train
8335547,1237358,test
8498885,32583045,train
9350295,2539393,train
9737362,14786085,train
9857658,6355999,train
10148955,7342535,train
10438331,53772175,train
11611809,1143620,train
12083016,7226962,train
13925864,58480311,train
18707214,4370956,train
20174551,143603020,train
20280692,46407533,train
22304663,163047898,train
26127726,4965751,train
28461316,82736848,train
30123494,11869986,test
30153101,855079,train
30281771,13291840,train
30338113,226833844,train
30929071,231123296,train
30933535,230517521,train
33330013,13506708,train
1906604,6806417,train
3468486,17475146,train
4530085,2277244,train
6652353,7106617,train
7239575,37904263,train
7367039,1472993,train
7758577,30669247,test
8506867,258023,train
8900026,2543296,train
9521704,14391637,train
10675118,2199280,train
11691699,12010675,test
12591059,68240110,train
17219608,115939440,train
19195474,389321,train
21680639,15105524,train
22368370,139329404,train
31436066,113393845,train
187986,904833,train
6425712,16598550,train
7573103,4565614,test
9276634,46323876,train
9588828,49630478,train
9757351,7952263,train
10043064,51552511,train
12775106,1722054,test
26890649,125059640,test
27160938,12337810,train
2904571,6789600,train
2974957,588899,train
3741405,10577253,test
4602440,6949069,train
4746171,24450948,test
5784146,19446943,train
6556848,9119676,train
8424350,41808609,train
9278786,1449710,train
10193343,15891234,train
11191242,35320932,train
13096146,2762303,train
17499587,46599828,train
21218639,10787061,train
22088276,31880119,train
22869229,23254432,train
24287062,71188253,test
35842576,200782217,train
45542,202249,train
2057403,10535116,train
2297029,10974421,train
3442152,17347275,train
3725902,4830699,train
3841048,18286622,train
5316158,936258,train
6180741,14318669,train
8151605,1740952,train
8770660,2972546,train
13915004,7177483,train
13953640,83082749,test
13991526,14512391,train
15967392,102294498,train
20118387,15572977,train
21762776,156833182,test
22907591,16682397,train
25804768,193910244,test
3358937,16947051,train
4824052,24839116,train
12328112,1180190,train
19069048,778994,train
20156079,126531152,train
21713419,158087989,train
26159891,10995888,train
4710315,129558,train
7727644,40539880,train
8145339,24430182,train
8888689,11469296,train
16112663,93742479,train
19099408,4956248,train
20186673,143725871,test
28838875,1228328,train
321014,1644452,train
3465604,12220316,train
3641819,534776,train
3850967,3424306,train
4053249,21019043,test
4539520,23538896,test
13292993,29183572,train
13750770,58208399,test
20568215,93376283,train
26313558,24013611,train
31389369,22322931,test
34975935,3472623,train
2519770,12899510,test
4737930,1235070,test
7101822,3627066,train
9064688,1606152,train
9998898,9108035,train
13493430,3341869,train
13549611,59575555,train
17710717,18481424,train
21983275,33978706,train
22188812,67336825,train
30818914,18653145,train
34546265,68422715,train
2108237,4185342,test
4606473,23862900,train
6149507,21558108,train
6936903,36369314,train
7074961,37095710,train
7398144,7983308,train
8481074,44666806,train
9594892,10651357,train
11827224,16058022,train
13669613,79501489,train
22142447,1694701,train
30459160,84147508,test
9151490,8133069,train
12114628,17845933,test
25289848,785940,test
29202087,8917825,train
594036,2934010,train
2194382,11192207,train
2447138,3540714,test
2974877,15082988,train
3315933,12774721,test
3372925,17018997,train
3395697,17132728,train
4606385,3184878,train
4704813,24319884,test
4840381,12730517,train
4848500,6902571,test
6188022,1811344,train
6328175,25697753,train
6499870,33975064,train
6502493,14231957,test
6657134,1131394,train
7024774,703023,test
7172107,37565381,train
7437824,17942384,test
7581690,62791,test
7733651,36539736,train
8195719,24128401,train
8553287,45023742,train
8731224,45815117,train
9066389,47289872,train
9212510,28570275,train
9349116,5854655,train
9471893,49090209,train
9766228,38297722,train
9967218,7461203,train
10514879,4118478,train
11003247,57097075,train
11298300,4726696,train
11927624,5251483,train
12986700,1477622,train
14027756,57162807,train
14161351,1876539,test
14369923,24897395,train
16143977,12018166,train
18373279,8221838,train
18582592,118366948,train
19134150,133732087,train
19209710,19785181,train
19410331,23985682,train
19718993,26017313,train
21746100,19298428,train
21815842,1931990,train
22152785,8456422,test
22176068,161997330,test
24171777,6489789,train
26136583,6171984,train
26338897,2594243,train
27746387,27780735,train
28004429,57287101,train
28437669,3964276,train
29491851,2831146,train
29976484,20857455,train
30182955,126974091,train
30980752,41511227,test
33130688,65574027,train
33331584,98056984,test
34621385,3899139,train
34649471,19367832,train
34653507,72977337,train
35681857,12166612,train
38043614,38250741,train
40376737,48448354,test
41001194,4405241,train
4430645,819257,train
5618341,11904076,test
9804814,10487850,test
27196488,204774833,test
29710463,203302656,train
30483899,82189264,train
30589636,229458601,test
41324719,23788242,train
48011377,387015697,train
2612035,10894722,test
7201615,6674211,test
13702697,79951689,train
20191974,7116018,train
21836784,21046508,train
22213508,6707833,train
22685532,143938171,train
29674246,21610233,train
30421730,65797727,train
30954420,231298987,train
35970385,11612418,train
43908283,144674348,train
591602,2919955,train
627949,585879,test
1171581,6414296,train
1805261,9462127,train
2044392,620218,train
2135766,4074918,test
2149184,7363831,train
2227377,11366961,test
2281142,1427243,train
2289119,9968385,train
2299633,11747009,train
2459587,12575621,train
3105531,9306192,train
3157330,9105586,train
3448037,634096,test
4263488,7651028,train
4357134,7809661,train
4587905,3693416,train
4678742,24195790,train
4699289,17014518,test
4727912,24415699,test
4824849,24844621,train
4840977,24913141,train
4885240,210602,train
5084095,1700398,test
5207973,26942242,train
5212133,2265800,train
5756241,11732381,train
5771361,21191263,train
6626581,27077862,train
6662422,34873920,train
6834972,438545,train
6988265,36634420,train
7028199,4051711,train
7162435,19055216,train
7176975,32933539,train
7246159,31245915,train
7714405,40527701,train
7798930,41049217,train
7966153,42030960,test
8539830,1841463,train
8719788,18052038,train
8823472,1415417,test
8924038,46665505,train
8935528,35430339,train
8957189,25492187,train
8973292,1372837,train
9107450,3664194,test
9236348,48007438,train
9288411,6640038,train
9330884,48427159,train
9444819,14266812,train
9514860,16675838,train
9515597,49305338,train
9530079,49367316,train
9595222,4397614,train
9606832,49709755,train
9653005,4878479,train
9711921,30707611,train
9836020,33908393,test
10017920,13507716,train
10020815,564585,test
10030753,51496578,test
10084380,5882165,train
10341003,53218990,train
10805767,11522679,train
10811548,19408191,train
11146878,57944278,test
11279820,22292023,train
11281913,3040512,train
11906169,2103550,train
13164373,473497,train
13731797,62777136,train
16456957,107963058,train
17025831,26754726,train
17133439,11606007,train
17601315,975819,test
19943440,141335210,train
19961187,30849492,train
22232328,57470846,train
22306848,110704364,test
23378120,1670486,train
25206790,41762539,test
29520126,11923041,train
30091823,122053964,train
38070147,9518018,train
38161869,22504679,train
42518532,15862300,test
42851131,34562247,train
14530298,595368,test
22781825,168308087,train
39937438,307575749,train
6901734,36167966,train
9804516,49347242,train
11796761,1039519,test
13360068,26928086,train
15050192,95117581,test
17380431,1012628,test
19363671,46454894,train
20054400,142078178,train
20673848,73597988,train
20832768,42419832,train
21398613,24393270,train
22210721,29035593,test
22551923,56730358,train
22611108,166390893,train
23131033,137292249,train
23289645,173379189,train
23612284,2485076,train
23943945,97964040,test
26584630,6947681,test
26717970,51412807,train
26813575,13885459,train
28454118,29452152,train
29897123,218959287,train
30122033,38140449,train
30227054,50240612,train
31176662,9201921,train
31264500,115506821,train
35311422,243540233,train
40894010,283430433,train
42784564,237947876,test
45089328,364015335,train
409666,405225,train
1801130,9443112,train
2023357,10398270,train
2104588,6757150,train
2110145,2151325,train
2203154,5392354,train
2211028,11279303,test
3084473,5691429,train
3942731,2555556,train
4274589,16666294,train
4525475,12149644,train
4546721,23573737,train
4799245,24728241,test
4977744,10350245,train
5031539,25974544,test
5137531,7881946,train
5601147,11658596,train
6209147,32197200,train
6627016,263614,train
6638446,23032146,train
6821978,13219494,test
6950807,36441990,train
7087549,10566585,train
7715344,15581933,train
7980191,27331181,train
8100914,20739852,train
8283693,15809410,train
8622987,4228414,train
8703355,7991797,train
8709068,43820172,train
8865020,46404051,train
8901901,15433113,train
9027607,19435113,train
9249776,11120994,train
9695552,14651590,train
9733138,14800483,train
9842363,50680790,train
9844892,50690190,train
9902123,50904121,train
9969565,51230222,train
9976536,4829216,train
10001022,27078779,train
10011009,8936313,train
10031336,21801127,train
10080979,51728257,train
10807749,45082547,train
10863225,47898830,train
11377777,16969920,test
11442506,24405972,train
11638302,524597,train
12084009,64765550,train
12099852,42905408,train
12132427,10584659,test
12411737,52559052,test
12912510,37241656,train
13315940,14105586,train
13748546,80315972,train
13846934,81747071,test
13882858,80686298,train
15253883,96867847,test
15358881,67097911,train
16462626,108009985,test
18254225,125654433,test
19272890,134961952,test
20211113,15675912,test
20532490,2789221,train
20570291,44336290,test
21296227,38681422,train
21321273,126346950,train
21323255,145967,train
21520497,156396144,train
21676769,876116,train
21677581,157183215,train
21771454,23596542,train
22308824,56704653,train
23435040,57292550,train
24307675,183375315,train
26473275,749126,train
26837124,8325079,train
27431313,205594437,train
29730504,223667060,test
31276196,6965682,test
31307385,234115186,train
32190231,241513556,train
33154669,90131587,train
34109471,12222242,train
34367165,259459612,test
36231329,43461100,train
37723966,285169106,test
39394198,89842859,train
40181791,39517852,train
5409372,7016520,train
1408406,5761173,train
1856803,485738,train
3511883,17347754,train
9237857,17507097,train
23126553,171854639,train
27061895,12460642,test
27593335,6067124,test
32062843,91393358,test
7047076,3434070,train
9562515,253057,train
19317834,5416971,train
34774305,261584195,train
511960,2521848,test
1793411,2273886,train
2367089,12092726,train
4258867,1663994,train
4387491,3597708,test
4734170,17893360,train
4783738,7655962,train
5373297,26951283,train
5402672,28005408,test
5534192,28696923,train
5631916,14358525,test
6255407,8095903,train
6390092,33159253,train
6775098,23985505,train
7025026,3011750,train
7419334,19135506,train
7725030,7456416,train
7835680,1302599,train
8290724,2857722,train
8653999,43219894,train
8673141,45557152,train
8686040,45608786,train
8925082,33834627,train
8992666,579126,train
9107772,4055295,train
9368365,22157668,train
9379983,48664130,train
9505990,49260425,train
9901706,1904415,train
9906415,50939666,train
10055548,14852867,train
11351798,29658310,train
11775127,15265556,train
12727438,69203926,train
13030999,59552219,test
13126582,73069526,test
13163670,23080138,train
13280112,56589011,train
13308276,75085688,train
13492036,77325010,train
13508285,5390302,test
13544987,26064594,train
16206794,9601972,train
16416588,43870735,train
16617217,107883536,train
17684359,119829743,test
18077717,62680545,train
18674105,129794391,train
18746696,1485117,train
19111261,133534397,train
19132312,66734347,test
19294702,14157243,train
19385872,110175454,train
20255084,144347177,test
20285257,20279155,train
20918850,8245913,test
21539835,156571787,train
21565682,42133913,train
21619743,9450412,train
21649695,115589496,train
21868813,120638903,train
22157683,127267474,train
22321322,964882,train
22338613,52593822,train
22978756,169541552,train
23507660,12009770,train
23901908,179634496,train
24239222,74874485,train
24732974,186318389,train
26270554,28186801,train
26324904,167568754,train
26520216,11541034,test
26564665,68287582,test
26779818,201369441,train
27981955,203271555,train
28775021,3180546,train
29125444,52083976,train
29455045,33142561,train
29760980,223807986,train
29799125,57146691,train
29844533,224461227,train
30019180,35381438,train
30215130,27245607,train
30506799,208537842,train
30554355,9994745,train
30690149,22205488,train
30857971,39548500,train
30907262,215116298,train
30929724,230503468,train
30954828,90230216,train
31290728,234178917,train
31533518,21429624,train
32268149,14936625,train
33046921,248730507,train
33880071,255845450,train
33897838,255980743,test
34039045,30995747,test
34418457,12989163,train
36307882,111768943,train
36515386,267015438,train
39618966,304432775,train
40135849,145269309,train
40642187,494022,train
43260743,70749598,test
44281852,239159830,train
25113440,189829767,train
25826245,123073403,test
33988271,256634850,train
34086213,257171785,train
35127865,70715527,train
4757941,24551170,train
7807454,16853124,train
10068693,16591072,test
11871932,63294576,train
19436446,88972126,test
20055311,318899,test
21582170,36293942,train
24251237,180329864,train
25029794,17145227,test
33133919,120296922,test
34562155,50442154,train
34705150,57399783,test
36908046,188339637,train
28901111,209768607,test
37592967,284018026,train
40538977,313912775,train
4028670,7877288,train
7435904,38952124,train
9492678,1335392,train
10403199,29065752,test
10684843,55197031,train
11222221,18284376,train
11567796,48024019,train
13007839,71754921,train
13113038,72507521,train
13653228,79293779,train
19889906,140798168,train
32171104,241359293,train
32185974,241361740,train
1884398,3627583,train
2181132,11122611,train
3271052,2009585,test
3797183,2538522,train
6403755,33396510,train
8103766,42788707,train
9384723,13838573,train
9477359,22063782,train
9995719,16222762,test
24373602,8409547,test
27085643,349596,train
27720812,4367464,test
28614707,20745804,train
33870097,2405781,train
36960928,61859706,train
40351001,17193773,test
609213,3019795,test
1869202,5008954,train
1929540,6846161,train
1934765,10012271,train
2182899,377361,train
6481924,1862576,test
7348780,38117412,test
9840355,3242525,test
10919160,25498781,test
12774249,20892338,train
13318239,75302217,train
14316198,72607058,train
15066466,83909332,train
20654227,100069033,train
22356352,76835453,train
22409073,162781227,test
24583029,75302217,train
27835546,143952234,train
27839683,210218941,train
28436441,150142253,train
30444675,209943977,test
30525544,228212001,train
34306797,258251034,test
36032523,743321,train
37006731,163435333,test
37677706,3110233,train
37828935,12456721,train
1839231,9613050,train
1879573,9786229,train
1886240,9813233,train
2103480,10725397,train
2106662,10736013,train
2284484,11669123,train
2294663,6509406,test
3605654,18170442,train
3720404,1363910,test
4216435,1361993,train
4620505,12511067,train
5019183,25894037,test
5881858,3311124,train
6346456,32846930,test
6424227,6969910,test
6636389,27439632,train
7601496,39706334,train
7933896,8363605,test
8532128,44923714,train
8551866,45016174,train
8614125,45315085,train
8841107,21332287,train
9093261,47036828,test
9211969,17634934,train
9292072,23429756,train
9334840,2716515,train
9492069,171213,train
9611121,1192413,train
9624177,623474,train
9678870,50005319,train
9775397,50397134,train
9973134,7614268,train
10340849,5836431,train
10412006,53618094,train
10755419,55617221,train
11532518,24319977,test
12333601,9632055,train
12585126,24018769,train
12676400,68878222,test
12753144,5895565,train
13508567,75398380,train
13642631,28115515,train
13905833,82444858,train
15955297,103597496,train
16257739,62287125,test
18330221,22089161,train
19583464,137647792,train
20504573,121869120,train
20582759,3053304,train
21200108,151645438,test
21490787,56391145,train
21674032,22507452,train
21852060,50175698,train
21995927,4683188,train
22392030,151728547,train
22929942,25339875,train
29455559,221871654,train
30539229,49223549,train
30980172,900055,train
31038390,231831493,train
34931085,234975196,train
36308600,74773867,train
38105387,159358124,train
40534352,37126920,train
42646019,339753227,train
42973804,149090450,train
43080595,97862734,train
43444346,346316331,test
44475802,306298527,train
1475084,7895068,train
2088389,234918,train
3616001,4421323,train
4636643,24007762,train
4865387,7017213,test
5442584,27204642,train
9024874,410665,test
9585339,49616729,train
24083686,181344112,train
27540102,206972453,train
29237561,24074596,train
29628681,223027077,train
32403772,243333842,test
35647681,268173853,train
36303314,24258807,train
1989731,1674102,train
5718494,11559667,train
9496372,8472477,train
9759444,13342524,train
12234139,13089400,train
13578125,71308956,train
14699186,31483654,train
16454164,19659393,train
18018424,123894644,train
21228962,35902083,train
21436689,45658261,train
21817570,7412033,train
21897759,54907254,train
22278896,31069102,train
22327622,25188010,train
22667641,167000939,train
25379703,191618352,train
25484398,8063576,test
28835678,94395484,train
29486604,161477319,train
29967691,202183338,test
30715104,141218191,train
33801532,242967001,train
39742137,14019663,train
40445094,9598256,train
40538599,61277311,train
1939106,3710931,test
1977888,9878261,train
2071265,10590038,train
2089712,10666587,train
2246112,11443640,train
2773754,3883648,train
2794734,2343136,train
2799360,14317804,train
3344509,1290508,train
4016121,14707270,train
4077427,4148174,train
4753571,24529969,test
4802648,13026391,train
4822324,24832100,train
5598465,18941320,test
5652542,29279330,train
5725154,29683852,train
5861963,30436731,test
6688119,35005938,train
6882689,4040200,train
7259369,20404001,test
7264263,5030772,train
7457673,2203415,train
7678187,40319733,test
7689495,33064750,train
7775627,40905449,train
8035074,58546,train
9349950,10621509,train
9682617,50015739,train
9996830,51356178,train
10136994,4946655,train
10513499,54206554,train
10562990,9932811,train
11167618,58098561,train
11254989,58730304,train
11675341,62001039,train
11700121,1640615,test
12067652,3555480,test
12626663,2480467,train
12897713,70638431,train
13019053,24278208,train
13209514,6189263,test
13489132,48201284,test
13730254,30708411,train
13856320,2737854,train
14155064,2688383,train
14438244,2024430,train
15827516,102478101,train
16012941,8531067,train
16237773,18104054,train
16353257,27932675,train
16403092,98976,train
16463598,50482164,train
16826741,111798802,test
17210810,6950431,test
17618903,95921812,train
17634206,119930068,test
18291916,33943711,train
19538717,48542743,train
19876292,24607072,train
19998620,116100517,train
20057851,14408045,train
20814478,37038571,train
21022330,137586595,train
21281051,38664335,train
21281641,1662707,test
21473222,2823757,train
22073571,9320996,train
22088784,161360183,train
22803859,7431741,train
24157013,182039779,train
25839759,167570251,train
26134638,20659309,train
26689265,2622041,test
27628195,144699715,train
27854483,5130514,train
28412973,7236717,train
29393808,17218010,train
30064021,225926055,train
30816092,3921081,train
31022770,98522037,train
32264646,242312660,train
32744022,246232599,train
33498032,252437123,test
33826775,255178006,train
34651712,4264648,train
39158857,46723798,test
39508682,24310187,train
32789340,9746153,train
838586,326150,train
4430747,747934,train
5431845,3680008,train
8444013,11625123,train
9597031,49671297,train
13358067,7097844,train
14554093,1258319,train
15851599,48815188,train
18503938,26541948,train
18689588,127767,train
19099600,1342918,test
20321714,115844816,train
21088999,51538274,train
21460249,8687478,train
22589500,18305503,train
25025092,127560,test
26351621,4292600,train
30059328,41194120,train
30129482,9962746,train
30501797,5048861,train
30939405,71867363,train
33367026,27445710,train
34173579,234614550,train
34560998,2068673,train
34668348,106538072,train
35121319,35491006,train
40657464,3069996,test
254409,1336542,train
985338,1417489,test
1189225,6501414,train
1615764,6676776,train
1914185,9928808,train
2517989,9229424,train
2984662,15179425,train
3584528,11495235,train
3600518,4367602,train
3979611,19407840,train
4069228,14793862,train
4469679,19336493,train
4530160,9997747,train
4539483,2968247,train
4785941,1786943,train
4880277,18254644,train
5131879,26529661,train
5262333,27053744,train
5567361,16910623,train
5882068,2533934,test
6029987,15635060,test
6188014,32096696,train
6447136,33648474,train
6660816,1546620,test
6798811,33279657,train
6854404,35919822,train
7065307,4242708,train
7161189,37503617,test
7204721,37188272,train
7480066,4336763,test
7685764,268419,train
8895019,1020828,test
8920988,29823680,train
9369426,943095,train
9575903,1115741,test
9624825,7150006,test
9733227,4396337,train
9737516,9392189,test
9897418,49120239,train
10067809,9294273,train
10539341,54120025,test
10628495,5812675,train
11414971,6705983,train
11495792,60535622,train
11851288,42308954,train
11980791,10461612,train
12409364,36663219,train
12560137,51093380,test
12973819,71402091,test
13445935,30678610,train
13461289,22462003,train
13512636,1402455,train
13530958,3302537,test
13857521,2701094,train
14489610,4149263,train
14553862,2005927,test
14568858,10441070,train
14689860,74919443,train
14853361,92986768,test
15990199,44949168,train
16322824,50690723,train
17172375,29240443,train
17481087,24037775,train
17710842,387844,test
17786762,945880,train
17908179,5502239,train
17944802,1883931,train
18624243,50605761,train
19430305,8575784,train
19732045,21772781,test
21736164,4298654,test
21766524,965946,train
22064022,16753102,train
22161900,26494979,train
22481840,162572530,train
24426631,165884816,test
24561322,37580284,train
26704898,5893206,train
27489247,12841127,train
27623260,17898332,train
28429583,19414064,train
29484503,4952877,train
29515670,11549342,train
30442257,40204585,train
30510275,10184093,test
32818195,246886799,train
33927923,2282687,train
34420423,19509387,train
34929065,8275765,test
36179952,195081151,train
38230816,26359776,train
38571450,60116071,train
40306639,4334736,train
40489146,38341734,test
40555213,5694528,train
40817592,2269285,train
44339323,35891761,test
46415269,34743395,train
2518907,10264377,train
3832774,18982191,train
4171272,21645208,train
4172633,21652004,train
4426435,831666,train
5424994,9488731,train
6505898,34009194,train
6989258,7339760,train
7037537,36897569,train
7181422,4993337,train
7501794,10131727,train
7756711,40784273,train
9331683,45589955,train
9458150,7571483,train
9471997,10208450,test
9999252,2880824,test
11216918,58437137,train
11653913,10575779,train
12630337,516563,train
13006794,10838145,train
13102116,17181881,train
13186447,73764539,test
13446050,13752584,train
15964536,16460821,train
19118405,10469805,train
19980048,15200154,train
20048909,14680684,train
22129871,24379402,train
22191646,30424811,train
22306777,19561602,train
31857171,7700456,test
34959292,263408737,train
39729023,270029540,train
40418905,312475335,train
283550,1476954,train
3354484,4319841,train
3522329,17737666,train
4549248,22089583,train
6766169,35422693,train
7197915,37691482,train
7839972,2905589,train
13370053,75915628,train
17495518,118554120,train
18942156,2340947,train
21172924,152852607,train
21591724,20019290,test
21709374,145552870,train
21936073,6041929,train
29492316,31994,train
29630939,6837618,test
35222909,23090343,train
593000,2927446,test
723560,3738130,train
1582540,8422502,test
1947400,10071397,train
2086647,10653693,train
2102542,2977901,train
2254388,11512483,train
2333141,11917311,test
2495596,12773532,train
2552606,13068601,train
3400645,178784,train
3755474,9928037,train
3833538,2141246,train
3933059,20377328,train
4000579,3146353,train
4218067,20448670,train
4446178,946323,train
4460838,14758012,test
4492678,18601618,test
5040951,26024433,train
5050799,16616158,train
5068972,23340108,train
5204458,1238879,train
5821886,10553573,train
6054864,3088202,train
6167683,25228783,train
6184827,1912541,train
6550596,34262042,test
6553874,34276823,train
6766662,35426209,train
7003788,21773199,train
7065653,1306850,train
7195202,2902496,train
7327833,27630423,train
7364008,38583557,train
7810109,30247185,train
7834712,41262382,train
7979200,12739246,test
8033860,42418809,train
9046808,21647215,train
9114773,47408505,test
9253112,1941852,train
9478196,26748898,train
9854420,33889947,train
9904570,3631872,test
10162752,25169027,test
10987342,7903382,test
11067934,8243103,train
11553908,61003876,train
11865398,43174657,test
11937647,12446288,train
12282916,66182162,train
12445714,67332509,test
12601900,16702803,train
12705155,69063239,train
12869679,1233402,train
13031826,18933388,train
13079618,7221835,train
13114019,34761471,train
13165250,43272945,train
13238211,2584324,train
13658407,26929394,train
14522175,25760832,train
17496511,118547015,train
17766580,4223227,train
18287688,57531995,train
18520516,19355895,test
19828845,48881330,train
19876641,93859477,train
20014895,81140056,train
20091873,52530136,train
22015654,159571314,train
23120678,4757826,train
24715838,5861197,train
25672309,59980195,test
26497309,40594187,train
27482592,52644225,train
27657926,21785798,train
30489218,59026607,test
31470227,235762288,train
32338520,6635392,test
35563249,46094733,train
36076577,271391063,train
36558463,274823301,train
38126513,50439960,train
793590,2450605,train
2089273,8956323,train
3411912,2574806,train
4449611,16761703,train
4853287,23621417,train
5277242,8627814,test
6686332,30340506,train
6731564,35254359,test
8368973,28916226,train
9461187,49027658,test
9508780,10039346,train
9715891,6365575,train
9754751,19067539,train
10054040,13203690,train
10280355,17607084,train
10810807,5397742,train
12055540,64568425,train
13164444,15221605,train
16554739,26387193,train
16662964,23820907,train
17298366,50153931,train
17683202,1721381,train
20175518,6658169,train
20206749,3402375,train
22249256,14815035,test
22309027,6154298,train
22802275,168501789,train
23235762,32927725,train
25767363,2152359,test
26147454,48618049,train
26350983,39456887,train
29880813,27494721,train
40870287,88480904,test
42511429,52413373,test
766814,4022922,train
2003807,10317189,test
2060768,10547610,train
2237981,2261678,train
2238435,11430909,test
2248580,11483903,test
2309559,11254580,train
3487445,2553182,train
4007770,16949652,test
4385360,7809712,train
4777597,10319096,train
4840841,4244200,test
6129158,31796292,test
6436433,2433524,train
6450457,33680384,test
6528046,34142649,test
6560055,34310803,test
6797564,35581556,train
6849332,973817,test
7201169,37243004,train
7582706,12757332,train
8142536,42991737,train
8226137,37440683,train
8994423,2599664,train
9113702,47493116,test
9259254,12587611,train
9282032,4835399,test
9296089,34734634,train
9548756,21188854,train
9728168,5124437,train
9740386,50255130,train
9979270,6837486,train
9991265,2974643,test
9991319,7367006,train
10035023,28640162,train
10772141,55718379,train
10774325,3068641,train
10874577,43220844,train
11006134,24625891,train
11564960,61088024,train
12281070,66173032,train
12990172,37194964,train
13562013,26546007,train
13603951,78499938,train
13623361,22533562,train
13843681,81706032,train
14007809,19462782,train
14100582,55836825,train
14218795,1815738,train
16455521,96438921,test
16709795,19466874,train
18449942,127911754,test
18875994,25822424,test
19222455,134549676,test
19573919,75253309,train
20196464,135940325,test
20581137,39041380,test
21489753,26138840,train
21728681,30723568,train
22704461,2681756,train
23623267,24648109,train
23715974,3635762,train
24116631,5740704,test
27678632,87093714,train
28133007,66744439,train
28360654,55718379,train
31319380,234440538,train
37461474,121193513,train
40653980,2716130,train
42626375,337608527,test
43256993,344445728,test
45471733,278054491,train
4539906,23540800,train
9843277,4210456,train
12882914,807404,train
19547384,4629066,train
19608042,3687198,train
22409935,57044398,train
23001611,129782365,train
28216267,11543355,train
32816064,69426967,test
40841526,21418798,train
41228499,84510411,train
649972,808068,test
832596,1723222,train
1865884,1753078,train
1965712,10153235,train
2186138,11147328,test
2256519,11523254,train
4497963,10225905,train
4619579,23929065,train
4861046,7355953,train
5648549,29272952,train
5805561,19390428,train
6209619,32199364,train
7234538,1793569,test
7397649,9991314,train
7699156,820649,train
7744239,1641361,train
8063565,5072735,train
8498999,44754726,test
8518878,4277248,train
8630853,27504587,test
8742567,45864201,train
8941092,45738364,train
9064238,4166175,train
9137941,4223044,test
9401453,39694819,test
9486332,49167534,train
9514730,2005639,test
9614672,7534128,train
9646346,18668835,train
9665709,49951208,train
9777669,20068971,train
9797293,5474579,train
9838585,18982207,train
10069720,1522922,train
10071232,6050369,train
10120414,33231070,train
10356093,2321360,train
10449807,2981910,train
10658564,21229563,train
10788568,55823684,train
11061063,30918593,test
11242469,17861935,test
11588003,4732500,train
11841988,37809789,train
12113494,3554055,train
12222304,23821373,train
12358495,16596850,test
12387018,31280252,train
12467421,67471774,train
12831088,28340943,train
12950979,71152156,train
13708336,840987,train
13712165,22447216,test
15462245,26495690,test
15553994,14676072,test
16242753,33200665,test
16490625,15651084,train
16734233,5665728,train
17572926,36578169,train
18136685,8740662,train
19621012,39550178,train
20499229,9203654,train
20571263,19336311,test
21642874,8716709,train
22010343,22365640,train
22154118,16725099,train
22338452,4122771,train
23622168,12968185,train
23803836,55339775,train
30393798,16051761,train
31569502,39192815,train
32401972,5611846,train
34743365,26319385,train
44556100,79743016,train
2087663,10657268,test
4924590,25365628,train
7279657,13904931,train
9710538,50132533,train
10099859,51829088,train
13863230,10346084,test
19054683,97907084,test
23161182,6577580,train
1589248,8255208,train
2782449,621971,train
3249078,1705205,test
3424458,17247205,train
3561828,2401823,test
3616527,16669342,train
3970755,3164949,train
4538901,4806989,train
4554473,20042936,train
4678795,24048208,train
5055033,26100862,train
5267177,27263990,train
5341379,17502474,train
5543996,28745989,train
5569464,2729850,train
6462454,3210626,train
7358093,26202073,train
8425657,3404110,train
8615333,14035150,train
8777316,44524700,train
8847268,1818225,test
9116831,3922367,train
9414237,14435697,train
9426418,32725953,train
9546695,34000566,test
9575809,49570763,train
9726720,31543325,test
9757762,3696938,test
9824682,19103161,train
9921366,51002691,train
10067936,51662642,train
10390252,2581816,train
10542658,2470568,test
10562085,5769963,test
10676786,12672672,test
10798553,798949,train
10813133,16326744,test
10824421,7911103,train
10985734,56998739,train
11371974,32974295,train
11529467,60802539,test
11790749,46798824,train
12344255,66649328,train
12360254,32193665,train
13400181,75461641,train
13495082,77369325,train
14100743,27126954,test
14168034,23688348,train
16227620,3548768,train
16390105,2455580,train
18670480,6356476,test
18996087,58108232,train
19162441,43085567,train
19193664,19734419,train
19356281,11495231,train
19905170,34388017,train
21127460,12317482,train
21363936,4547593,train
21729121,13711192,train
21740278,25275076,train
22085185,13775180,train
29214672,7638924,train
30129898,45319780,test
30467289,20631010,train
33367718,706037,train
2050406,10406601,train
2185842,6910298,train
2186452,10636508,train
3223080,16319729,train
4163804,15573381,train
4199411,21787420,train
4435766,23025661,train
4588689,5926785,train
4873699,22840947,train
4879530,25102191,train
4884601,12417880,train
4967114,25605887,train
5590400,28984530,test
5769218,29452212,train
6094708,31629890,train
6939668,36387290,train
7633507,15192120,train
8467950,44593150,train
8838341,5172606,test
9125862,47541749,train
9371045,32975805,train
9675061,23048845,train
9746225,14005489,test
9755479,18799694,test
9795958,4205782,train
9797510,50490104,train
9881339,23500650,train
10548768,54401446,train
10850091,11491637,train
12966974,71321195,train
13631232,64182621,train
15518025,24634123,train
18957774,132194726,train
22082124,4865463,train
23580351,3333344,test
30739837,181370114,train
40612147,238531391,train
16475309,22024939,train
20568978,49989254,train
21748242,33211768,train
21982223,44253752,train
23855466,179187831,test
34538701,21334989,train
35260994,36960740,train
35642392,146623639,train
40501642,29221329,train
41405716,205386178,train
1866051,9729421,train
1979579,8219931,train
2107372,10346860,train
2220959,11330638,train
2237708,10778096,train
2257080,3312524,train
2259719,11539672,train
3464727,17456385,train
3482919,4320908,train
4047751,16325217,train
4203460,12419083,train
4364924,22657141,test
4404818,2909990,train
4447611,10471097,train
4677469,24191104,train
4709700,24341110,train
4762718,22814290,train
4920912,22338025,train
5050369,23465153,train
5236234,12762559,train
5279902,7181834,test
5729530,29707420,train
5928949,28362995,test
6314148,24874937,train
6428942,21694306,train
6610244,7701992,train
6885767,36080537,train
7035579,36885622,train
7054267,36998520,train
7696654,5742112,test
7796446,19693990,train
7819706,13612070,train
8017587,10779300,train
8531441,11234583,train
8679596,4360949,train
8839938,46293809,train
9185689,47790612,test
9348941,7992346,train
9412276,7683847,test
9603991,6725302,train
9652413,17065519,train
9885430,40302046,train
9908400,29505367,train
9997433,51358854,test
10083881,51743699,train
10546568,8007003,train
10648971,10489069,train
11981145,64027912,train
12425296,43585775,train
12846033,62225580,train
13245721,10039614,train
13430210,4027856,train
13525592,3329894,test
14453189,81673810,train
16487043,42783841,train
16561990,16860700,train
16945093,14374073,train
19012370,10447807,test
19083490,35031975,train
19203963,6163686,train
21239226,153509107,train
21836461,9214999,train
22001233,12927770,train
22051863,44869463,train
22232463,7286095,train
22360657,48858084,train
22907187,20268978,train
30557569,9047774,train
30800201,2729738,train
32669305,174804937,train
36441808,24680496,test
37289871,52428829,train
40091096,4117834,train
40400147,14403,train
41268569,324092165,train
43558967,4485400,train
14322,56284,train
959349,1797637,train
1654551,8772693,train
1788989,7607092,train
2022958,195168,test
2061811,10552208,train
2141470,10928857,train
2262357,11552512,train
2271792,11599506,train
2303583,11764444,train
2940007,15010803,train
3018285,67180,train
3213712,1014484,train
3220115,16306708,test
3262855,16499705,test
4392996,844096,train
4678514,23939128,train
4739407,24467359,train
4745012,1766929,train
4774763,24404928,test
4794322,24704747,train
6142960,10520210,train
6345728,13275837,train
6403485,33394459,train
6691723,35025150,train
6866061,4939720,train
6871251,34780872,train
6950074,6434434,train
7361434,38569616,train
7677595,326952,train
8000640,42233780,train
8307946,6502766,train
8388776,2227376,train
8589668,32228,train
8795721,6672223,test
8889423,10328631,train
9906178,11940121,train
10041002,7503132,train
10116351,8869875,train
10985169,825856,train
12358120,2640854,train
13416840,65590212,train
13479649,58639009,train
13620503,27175000,test
13937701,36438456,train
14032445,75853911,train
15597119,2456412,train
18063815,50366453,train
18090441,60786164,test
18716289,16575725,train
18721027,47485343,train
18790004,95786,train
19314671,5148966,train
20233308,142235171,train
20729909,12776165,test
21022616,2195090,train
21344179,4285729,train
24863288,29026712,test
25887161,3391251,train
26001925,67923313,train
26355413,46370836,train
29506320,55966543,train
30428469,29411875,train
31759546,160739637,train
32445673,28556029,test
32802231,29602688,train
37110386,278957412,train
1987627,10251511,train
3095502,10930874,train
4294969,4473916,test
5672288,15586243,test
6246681,27428499,train
6421011,33499491,test
7032396,3716646,train
7772377,16000650,train
8990988,9060143,train
9106735,29721928,train
9462694,10240786,test
9794402,17490821,train
10037631,51525788,test
10684164,19227044,train
12404998,47380199,test
16385859,8571056,test
16917171,31906445,train
18630660,49197104,train
19244710,20283471,train
19857613,1132004,train
19967657,16549535,test
24065918,35996743,train
24130728,11542546,train
30979146,231456842,train
34340299,41213523,train
36605700,17848391,train
1150514,4376062,train
1271103,2243431,test
1455804,4028305,test
1813681,9486005,train
4127524,828682,train
4232865,21964818,train
6731170,24131487,test
6731830,30345458,train
7403613,1405974,test
7938424,5504415,train
8812730,41865488,test
8950064,30116009,train
9699559,3655401,train
11531130,740029,train
11842300,29936265,test
12202511,9314442,train
15633727,16641743,test
18039329,124106675,train
18541736,4914270,test
18756112,119838600,train
19572516,6466505,train
21771169,133453273,train
27600209,101170153,train
4660964,24118443,train
5185359,5788393,train
6012187,25796636,train
6645263,351650,train
11381288,49021868,train
14066397,33990883,train
19155632,114146085,train
19228956,19783595,test
19349497,2601002,test
27195566,92772140,train
27604639,5466113,train
28521841,120378725,train
34368927,20906077,test
456110,2267508,test
647580,3247050,test
840594,4389865,test
976167,5341060,train
1649957,8751800,test
1950603,8048803,train
2118102,7579627,train
2137111,10906528,train
2659477,2294061,train
2713887,13888072,train
2936054,14990573,train
2978421,5418972,train
3121176,3663033,test
3206379,16245979,train
3913635,18834080,train
4085647,21145652,train
4137414,9232428,train
4547273,10411359,train
4611203,11702175,train
4855835,2306320,train
5019373,25895198,train
5362279,9787502,train
5774245,25859072,train
6054400,18874199,train
6196860,32135311,train
6377624,25472836,train
6400482,15195194,train
6408849,33426004,train
6543312,18342421,train
6636968,34738375,test
6923000,1164568,train
6939024,34930811,train
6972554,17155244,train
7399754,4343834,train
7563529,39652597,train
7731348,40627479,train
7956643,3251778,train
8342053,26012172,train
8642428,45433475,train
8757920,8235517,test
9273161,48161896,train
9309192,84320,train
9414521,23850513,train
9821408,1010435,train
9940443,5350711,train
10053993,25821059,train
10106530,8511553,test
10127534,24673896,train
10673134,45891071,train
10919968,4497387,train
11407817,9290968,test
11496968,831572,train
12714891,69131589,train
12873930,70419222,test
12917057,26476746,test
13044996,60278094,test
13072490,19414202,test
13490410,25410835,train
13514940,77603717,train
13531199,14524071,train
15098153,7694993,train
18194482,9945748,train
19970186,10787007,test
20616864,105462484,train
21444065,12762193,train
21450636,21341524,train
22251000,4683415,test
22338292,5795423,train
26040426,195712950,train
26867963,3710483,train
27160354,18320031,train
27425371,14812962,test
29025649,57699301,train
30819021,41955015,test
33547205,252782565,train
430665,2141109,test
811238,4266017,train
848170,4428278,train
2062630,6313448,test
2228840,11375556,train
2471108,12637520,train
2489615,2498724,train
2931544,3136117,train
3369623,17000648,test
3386746,17087544,train
3488989,17568735,test
3628190,14905237,test
4047815,20988865,train
4170796,733543,train
4338541,22410033,test
4440611,14546480,test
4593939,5050537,test
4700082,21409261,train
4807899,3422859,train
4841431,24915465,train
4871966,3896287,train
5115534,26433326,train
5219488,26781249,test
5562962,1389487,train
7127458,37332180,train
7131007,2830197,train
7348925,38500630,train
7402608,38788236,train
7933773,41764756,train
7955150,41951749,train
8009966,3491228,train
8686167,20234611,train
9046095,12995701,train
9062257,6075567,train
9282443,5603037,train
9367337,48603884,train
9705958,20007675,train
9768360,50368164,train
9775237,38263259,test
9851704,12871485,test
9880140,3460956,train
10614204,13620283,test
11305815,59105771,train
11553426,39226206,train
12224443,65760387,test
12423868,9754272,train
13424996,4392549,train
13563973,41913683,train
14010200,1683437,test
15450848,25010766,test
15969964,41471799,train
16238449,19585203,train
16514760,45293248,train
16719568,7857773,train
17398122,117367210,test
18369887,2946771,train
18614596,7318926,train
19242821,134438985,train
19660760,30884023,test
19691853,106955062,train
20928494,22721010,train
21039710,66060459,train
21435622,100970377,test
21455957,3000089,train
22749701,12954861,train
23425584,31825530,train
31188063,23696703,train
599847,2966937,train
2089492,1104548,test
2135754,7793849,train
3290309,16622685,train
3339205,15689833,train
3600961,18142696,train
3874870,4564600,train
4572225,14768898,train
4744592,6648212,test
4901617,16460889,train
6304307,10384362,train
6304928,886705,train
6542603,3057531,train
6933582,35914251,train
7515694,1825554,train
8518280,4264360,test
9291870,48244550,train
9874794,50803532,train
12471447,36966894,test
12836932,70082670,train
13018125,10797290,train
13083638,17176974,train
14473545,37419591,train
14869063,93160113,train
15717652,101529107,train
17045913,40134417,train
18361390,127113351,train
19049579,7980049,train
19679564,15910436,train
19695709,2224802,train
19979892,1537650,test
21183312,50383289,train
24714137,186798498,train
26183582,52526057,train
28344992,76479685,test
28406990,214464499,train
29687597,223426581,train
29835159,16398154,train
29858389,78482422,test
30468177,4765019,train
31858749,2582224,test
2046225,10490291,train
2094213,10642609,train
2272739,11603608,train
2653186,13360423,train
3534443,13337141,train
3868100,47459,train
4479556,23243453,train
4593770,23812318,train
4719825,24381419,train
4868150,3336995,train
5102006,26360956,train
5116727,2897021,test
5465270,4413909,train
5792453,30050649,train
5872177,9893040,test
6291454,20565470,train
6512429,34049419,train
6853661,35914632,train
7129972,3704762,train
7402303,11962385,train
7450047,3676701,train
7602400,2619307,train
9089306,5671308,train
9298825,4631581,train
9429015,13129524,train
9477988,7530710,train
9614552,766920,train
9660751,45166068,test
9694633,3245480,train
9845314,2580352,train
9996144,9212402,train
10015137,51433399,test
10657080,36199306,train
11239248,12317978,train
11672600,4992559,train
11984115,25810,train
12815139,33816358,train
12863815,9679850,train
13039351,751120,train
13156625,49125175,train
13156982,62285182,train
13466168,12176919,train
13634685,1511614,train
13762234,9251010,train
13779358,80894027,train
13915699,1279152,train
13941017,79840032,test
14086770,102535503,train
14354732,86786744,train
16085227,9195264,train
16466804,1708922,train
16691826,60539147,train
16884027,78930817,train
18675215,18838868,train
19120657,15495000,train
19702506,138823659,train
19745541,15476792,train
19780093,6376364,test
20134321,10128779,test
20188905,8345393,train
20569589,11827970,test
21155115,104072192,train
27507561,6344971,test
27763793,15485954,train
28129366,14012333,test
28180599,190130382,train
29135220,32830245,train
30086617,187567357,train
32792802,5861806,train
34509926,121861644,train
629774,834185,train
890855,128920,train
2918732,4619132,train
3251014,8349905,train
3352030,317692,train
3420223,17241205,train
3569374,1673750,train
3585974,3588028,train
4126676,19802029,train
4155012,21560088,train
4438459,4967319,test
4576821,4362140,train
4643192,6694436,train
4846199,5545129,train
6106445,7241674,test
6322937,80447,train
6913431,36229779,train
6970005,23026033,train
7094462,10896584,train
7843582,1246073,train
8237244,38363621,train
8683610,28518140,train
9277581,25687571,train
9463039,5857948,train
9714870,202665,train
10251768,19927798,train
12181485,794042,train
13016230,30074012,train
13540233,13425452,train
13573790,78292517,train
15882274,56551795,test
16055176,2407821,train
16378562,20692024,test
16405126,50097540,train
16865916,4462722,train
20394813,4102722,test
21850183,49661012,test
23123189,101067646,test
26080646,196017028,train
27023307,3399151,train
27137607,32717107,test
27603936,52262348,train
27675173,18763685,train
29519083,60525649,train
29698179,324657,train
32858895,8454981,train
2075526,8109174,train
2116940,2715062,train
2356082,6970733,train
2739577,12082653,train
3168120,16069958,train
3425054,7398990,train
3476431,4374828,train
3851719,4940167,train
4221999,20335235,train
4260964,16212001,train
4365833,208410,train
5319785,5734689,test
5401148,27998261,train
5550377,13972159,train
5681745,29456424,train
5940868,2862308,train
6378298,33163646,test
6407534,5919678,train
6499058,33970775,test
6541214,7155183,train
6571890,34372907,test
6686140,6743604,train
7177958,780952,test
7545274,25846948,train
8838861,46289881,train
8920794,15995278,train
8972219,12933114,train
8990116,5485733,train
9247923,46631730,train
9361349,48577772,test
9415828,43864152,train
9607855,46222477,test
9789350,50455731,train
9918963,50994782,test
9988233,404692,train
11569227,1432593,train
12304523,5741089,train
12851100,3248699,test
13359798,4413028,train
13407328,23244570,train
13449844,76809352,train
13494898,77365697,train
13506168,25912717,train
13525308,50995154,train
13642073,1316648,train
15875061,73175609,test
16392756,5895282,train
17224797,115567902,test
17845650,121620125,train
18074110,32627974,train
18285079,13816539,train
18870342,131476092,train
19069900,1424716,train
19161316,83590674,train
19861088,2462300,train
20014141,54498900,test
20801388,3607821,train
20803227,29766155,train
20837712,36998610,train
21884758,10979123,train
22077540,6123811,test
22307861,16004068,train
22688059,8992812,test
23702555,10434360,train
24729169,13269546,test
25011733,17842138,train
25946015,195021790,train
31400005,87348589,test
31420503,4305407,train
32343097,178631153,train
33329026,250537950,train
35373350,91176276,train
37360299,281493619,test
37862144,8034267,train
40348702,9948798,train
1517917,1430128,train
3332881,16826094,train
3789758,18609156,train
4191257,17106992,train
6165032,25406101,train
6337725,33000709,test
6612744,24261066,train
6657454,6913285,test
7309633,38294553,test
7762201,3189999,test
7932428,21468915,train
8042732,1229609,train
8373265,15094887,test
8722224,45778782,test
8840959,39556296,test
8841646,5380471,train
8863296,27657527,train
9197829,7897952,train
9334365,20592462,train
9775296,24894370,train
9857249,8033291,train
10011086,22257525,train
10069174,2436599,train
11378048,4161553,train
11827175,3716130,train
12764378,69255438,train
13278654,8089285,train
13492449,31489150,train
13862377,2436411,train
16083752,104821930,test
16560739,108786369,train
19056694,34466355,test
19825552,2761278,test
19891602,8199671,train
20056846,3841371,train
20708173,834806,test
21176110,48812051,train
21935042,26790538,train
23019675,30704814,train
25344841,115738772,test
29213886,7956889,train
29488512,46296435,train
32305798,6771515,train
41501938,6598618,test
4606614,23870076,train
4791389,4923436,train
7275655,19491505,train
8842752,4586937,train
8845002,21172422,train
8966368,321710,test
9589179,6312670,train
10037605,24225915,train
10354038,22423634,train
11651929,3927655,train
12206323,65639106,train
13017140,65727695,train
14025561,83933642,train
16037130,11402865,train
16828843,31175385,train
17893069,10838291,train
18579416,11389260,test
19530271,37980834,test
20674600,20369715,train
21736808,40891373,train
21909291,18462292,test
22187524,1661245,test
22382300,10347684,train
26983183,12512629,test
27065834,83856521,train
28181243,15529083,train
29339219,114386000,train
29431974,76323622,train
29957848,74595855,train
30126274,216903925,train
30526468,10674184,train
30953535,2139368,train
34783887,3138868,train
37708441,38585625,train
39972538,151942441,train
1240586,900154,train
2663296,13632182,train
4786139,1760609,train
4930306,25394253,train
5693978,29518961,test
6921984,619693,train
7448093,6223874,train
8521188,684398,train
8610093,45295976,test
9116868,8503277,train
9513278,49293535,train
9917384,50988308,test
9943876,19758408,train
10069964,12616662,train
10154138,23419527,train
10409905,8775113,train
11322591,1525033,train
11728836,10620222,train
13632841,11686214,train
14486682,1206310,train
14633324,90848714,train
16352907,71698853,train
16630483,107459717,train
19270160,20292772,test
21622558,6022622,train
21631836,871914,train
21893658,39253607,train
21906858,1033792,test
22687481,42585518,test
22775929,57791424,train
24756445,4426154,train
24911227,17005953,test
26057084,36440514,test
27196874,8749245,train
27661527,33732084,test
27809602,30209683,test
29629048,160050819,train
29982192,8246221,train
31148404,34271675,train
31894643,27547703,train
36172519,219573002,train
39843067,19510808,test
415304,2050328,train
1306966,5444717,train
2202858,305591,train
2919062,14906518,train
2941297,1495881,train
3101058,15767190,train
3105986,8822946,train
3181376,8158276,train
4379145,16598048,train
4724943,24403405,train
4813696,24791922,train
5327598,11576606,train
5766895,3448931,train
7066122,7951613,train
7535791,39483454,train
7873524,37282412,train
7967942,24707895,train
8186924,22751337,train
8426874,17853061,train
8488615,3969780,test
8554425,45029559,train
8664615,45446889,train
9151677,40880743,train
9201989,39939246,train
9249597,20694807,train
9563436,7969836,train
10010012,43014167,train
10087575,2144034,train
11282348,58931360,train
11374387,4275336,train
11554224,56043282,train
13188552,18142892,train
13386152,9782292,train
15132151,95939781,train
16268946,4308095,test
16871240,112439486,test
19531805,57435629,train
19767372,139511753,train
20328568,1533756,train
21253783,19541889,train
21275645,33294012,train
21481778,1607289,train
21713551,17887542,train
21764778,12776493,train
22309304,75872359,train
22471517,89363555,train
23805007,4335164,train
26254270,138734174,test
26420017,66757117,train
26555992,552288,test
28734438,545355,train
29153508,17604711,train
29259580,3292437,train
30791949,4510691,train
31127742,232648305,train
32040058,7352103,train
37597997,23911502,train
40510710,94087109,train
203901,1000477,test
576916,2837527,test
749965,3905456,train
2008122,10335193,test
2076101,10610482,test
2240661,4660888,train
2529085,1210541,test
3902791,6426063,train
4084603,7861502,train
4209595,20700823,train
4824146,24840863,train
5869197,30475154,test
6257715,1856829,test
6560165,23311838,train
6590549,6495511,train
7024303,2750745,train
7644203,33853401,train
7665764,40244009,train
7858023,41411996,train
7979433,37801911,train
8234510,7853503,train
8825701,414999,train
9104108,47457325,test
9112240,2069753,train
9155475,4900788,train
9370538,6452596,test
9475494,3394386,test
9669305,49967558,train
9713626,13148824,train
9822738,50593964,train
9861797,5559432,test
9907257,50943387,train
10113787,51902072,train
11529406,14406362,train
12547481,43436738,train
13174433,2926947,test
13254504,21350216,train
13864224,74011703,train
14110144,8349334,train
14389886,88399191,train
16226031,106030531,train
17300167,32694917,train
19327636,67280917,train
19625050,52573016,train
19713074,9669516,train
19744093,2239235,train
20549878,19537518,train
20590743,3519805,train
20968000,150846601,train
21651270,119313407,train
22224790,1695734,train
22249905,33470925,train
22326826,74155984,train
22754110,47844929,train
23772926,20333472,train
24602796,52395622,train
26085355,37001535,train
26810466,53883793,train
27501755,557166,test
27624539,46935284,train
27920036,32604201,train
28812837,21376165,train
29096295,5953382,train
29144832,214270886,train
29987700,11729215,train
30439600,209964870,test
33673436,11670365,train
34746284,3565422,train
32356850,221177870,train
478949,1130454,train
11479334,24031106,train
13638026,3695865,train
13687180,27473592,test
15106603,9280524,test
17900193,122650568,train
18409148,20242206,train
19094695,11687702,test
19550838,308068,test
20257357,144376495,train
25227326,75452286,train
25293994,44539148,train
27480436,52676179,train
29706358,259123,test
29776313,864766,train
35543031,4602926,train
35832547,95000637,train
37419048,37077716,train
38382611,95994558,train
39247788,14722556,train
40349419,31645373,train
1215836,6533489,train
1449263,7777902,train
1664716,2110601,train
1728625,9109049,train
2467087,12616627,train
2722693,3280997,train
2788298,14262697,train
2821079,2333304,train
3836180,19758346,train
4006264,942933,test
4128450,6885530,test
4481694,567972,train
4699535,41358,train
4901269,6285979,train
4917122,4445005,train
5293662,6177121,test
5512274,7033514,train
5846654,30354449,train
5913433,30710562,train
6155857,7573842,test
6236181,16419236,train
6371504,26484511,test
6438254,33611370,train
6449002,11179499,train
6622389,5025809,test
6649555,20700509,train
6807281,35634594,train
6809332,198010,train
6833049,1787313,train
6835487,2947857,train
6974801,21175506,train
7023437,1298759,test
7348509,38497438,train
7398507,5898139,train
7707274,19056507,train
7880998,41543076,train
8043824,183594,test
8052243,16396888,train
8101848,5489956,train
8255464,43534773,test
8389603,32588705,test
8482952,44675456,train
8523688,12649916,train
8650076,9094952,train
8667450,45533710,test
8994197,4974196,train
9063266,47275801,test
9238861,4396038,train
9365502,3843401,train
9368754,801176,train
9391430,6487616,train
9405466,3414967,test
9573876,49561278,train
9707531,35671352,train
9755074,33401596,train
10096773,34607505,test
10377405,2983459,train
10500222,22364252,test
10988682,57015584,train
11120231,15193965,train
11375631,58110428,train
11526590,576387,train
11911783,9143200,test
12004744,18978289,train
12050932,64534798,test
12267015,12759735,test
12380717,41265342,train
12462634,48091946,train
12497438,67674810,train
12568401,57786447,train
12675052,54130816,train
12917834,3988031,test
13392392,10032007,train
13411560,26676357,train
13623275,43125231,train
13632649,50210611,train
13712179,45924792,train
14858190,17540607,train
15450257,30116728,test
15983174,103848813,train
18134537,124999506,test
18911633,22781364,train
18961150,5139965,train
20954729,132158770,train
21151399,35413624,train
21546425,37149695,train
21695292,14603774,train
21751275,27551651,train
21849942,23443666,train
21850364,7018179,train
21967751,72760017,train
22376956,707534,train
22842124,869794,test
23725946,13963575,test
27773847,129263359,test
29452507,977716,train
29612248,19920574,train
29881570,12131971,train
30120427,50319699,train
30393853,49282603,train
30792530,21188199,train
32050071,6073347,train
33772781,11902072,test
34199783,9583320,train
34587796,457838,train
34623269,39782325,test
34640995,792823,train
35079012,1722490,test
36054622,22254292,train
37430881,57675402,train
40237882,48189371,train
7693040,4073947,train
10068653,7219850,train
39447656,28801224,test
43091725,37374593,train
44843504,40399125,train
45308579,247672414,test
45448589,308165996,train
45494285,9929221,train
45848254,3090057,test
45883493,193345547,test
46415505,3351317,train
46944215,303911109,train
47175997,9946160,train
47269867,24767731,train
47411421,323360048,test
47411495,323360048,test
47518840,9946160,train
47920406,339362161,train
47991737,7133387,train
42449656,308165996,train
44358310,301703046,train
457829,2275829,test
4956469,25537637,train
7962707,42008401,train
16677170,59163247,train
24889024,83978022,train
25635162,193126561,test
27659540,21923346,train
30337531,227801173,train
31055032,2623620,train
32336400,80781527,train
35496842,127836236,train
40532296,303911109,train
44424215,314025551,train
45150018,94544740,train
9792315,5814274,test
12052143,36306552,train
13825154,1896159,train
37500010,283057520,train
40846471,2248307,train
41229239,323360048,test
43142071,338058474,train
45397098,4975955,test
46491701,37808742,train
47755525,5679153,train
47882494,339362161,train
47883175,339362161,train
2100174,10710522,test
8940685,7918948,train
35603965,267651337,train
36379292,273544738,train
39754062,19342672,train
41580497,314253814,test
43176806,343803186,train
44059368,353115658,test
45687094,52264713,train
46000246,343382932,train
46000579,343382932,train
46000720,343382932,train
46393855,37808742,train
46472388,375788370,train
47825830,75400978,train
47919915,339362161,train
47920132,339362161,train
47920305,339362161,train
5941888,1679702,train
1157522,6263282,test
1355468,7356998,train
1797025,9340104,train
4405156,5787701,train
4564840,1019170,train
4725852,405090,train
7329781,38398698,train
18942038,12155032,train
19094459,624441,test
31534723,20863433,train
32864985,157422070,test
33745098,27621071,train
34999950,220400948,train
40115768,11829141,train
41251479,320073406,test
5225088,2265022,train
24806141,186679495,train
38521003,77777027,train
39415178,302743217,train
40657060,151560682,test
6553257,34272645,train
6798068,1320538,train
8861269,9933134,train
12092786,34758340,train
14503754,89579683,train
23611312,19922549,train
28963068,218311373,test
35114037,47461622,train
217580,1121193,test
6425751,33530934,train
6586663,34453577,train
14968000,24805685,test
15928835,7265110,test
16423080,15231187,train
16710300,53277135,train
17929219,28588488,train
28044485,211836350,train
34125953,58271557,train
34315945,259066380,train
40372199,244473721,train
46074012,373174959,train
22980068,22042097,train
47747711,241888265,train
182069,39260,train
1155885,6334250,train
1988823,10256663,test
2079765,3389163,train
2151479,10981050,train
5649163,643512,train
6766908,308930,train
9241147,39768761,train
9255049,902703,test
9806373,50523735,train
9887396,50864989,train
13650177,79258584,train
13780126,80904983,test
15597600,1781401,train
15851771,39349564,train
15939056,103452342,train
17679822,120393659,train
17899730,94382194,train
19405371,35064923,train
19523894,137114793,train
21970487,158298807,train
22173762,123136283,train
25972861,195219725,train
27551715,14049772,train
28258631,121364360,test
30007128,157410883,train
30082832,226048286,test
31058918,227919091,train
32035609,230062403,test
32234672,24973324,train
32427478,243556325,train
34970126,70773274,train
35540673,119908176,train
37125335,160730491,train
45115824,364361507,test
45638455,77050010,train
46434546,193345547,test
21538056,11082586,train
28517278,215239210,train
42519378,160660639,train
45686011,157241,train
190968,922922,train
6640144,34512551,train
8427638,9036787,train
12051116,6255163,train
13333699,3115626,train
13564134,78176513,test
14441627,88884610,test
14609804,5111513,train
14869215,7702,train
15115143,87565263,train
15261353,2742827,train
15444619,35648363,train
17400624,20410925,test
17806646,29952340,train
19488192,17048787,train
19981889,44194869,train
21062611,8898944,train
22436287,655450,train
23750601,3605048,test
27461602,3125234,train
27517686,3116204,test
32558916,244473721,train
34495013,66266373,train
34978738,199578818,train
45076897,73670220,train
45201724,10078038,train
45524732,119050711,train
45816695,361989,test
7097,17571,train
5179493,4406876,train
8272327,38465372,test
8323015,43876308,test
12827964,65357,train
14203322,35605738,train
15844782,4702833,train
16407461,28779108,train
20203433,9592775,train
22143658,141517425,train
28740981,2225836,train
33769956,252796752,train
35707367,266833571,test
36104174,271581236,train
43132657,343382932,train
3369100,16106756,train
7839109,10020844,train
9464835,33580313,train
9785516,4094857,train
17218433,4554793,train
21054217,151671343,test
30662063,225122879,train
34061088,73670220,train
39845355,592967,train
40506237,313591268,train
41536763,12398671,train
43703242,16472227,train
45390820,28574655,train
47044684,380274974,test
576227,2834840,train
4866875,87473,train
6005868,31177258,test
6748032,35329789,train
6770160,3913087,train
8652653,21169602,train
16751768,32124747,train
17731891,120725189,train
19673076,2983089,train
22653782,153156992,train
27606552,521819,train
29237220,8354383,train
29686857,223422291,train
32309476,242540922,train
39138267,300204537,train
39176548,54294445,train
41582973,286532278,train
45192635,2246147,train
45532107,97118521,test
46708009,246459949,train
11042240,57305837,train
27498398,194047658,train
30824853,5503926,train
530431,2605064,train
9998296,36865981,train
10454844,53327491,train
14619860,6321996,train
15940328,78619120,train
18205794,1448674,train
18704413,130035533,test
24428965,22460686,train
26812324,47596725,train
29301424,15586309,test
30034260,225730907,train
32502180,244217480,train
34907095,13874881,test
36794923,95958773,train
37253934,1737538,train
38261496,243039099,train
41208101,13322715,train
45912662,367390713,train
1080816,5944756,train
1205103,6582962,train
5524451,299752,train
6185426,5689587,train
7646751,40027302,train
17269342,114890218,train
19808524,781674,train
24628788,31929849,test
24992418,9711035,train
25188424,3261533,train
28978145,218417996,train
29096400,2330907,test
29946107,3662048,train
32554867,53750726,train
33243396,409766,test
38021015,1862880,train
39414688,302743217,train
39782131,193345547,test
39812189,7291182,train
40181571,21656569,train
40824272,24750132,train
43213162,3261533,train
44478002,5656188,train
45709979,244473721,train
30129734,221844597,train
36152878,271928929,train
42391240,193345547,test
47978686,157832521,train
7686115,19477289,train
8322478,5008870,train
16798165,1653951,train
18948914,70804640,train
19314589,135272642,train
29906273,53443367,train
30396953,34866807,train
31533891,171367408,train
35186258,264965107,test
46400961,276021627,train
328040,1676487,test
3962389,20534981,test
7024138,12930988,train
11497938,60501531,train
15122925,15239415,train
18450143,127721863,train
22103438,161468583,train
25138442,189981848,train
31511141,236107297,train
31904037,10914119,test
35082055,253308587,train
35152601,264728394,train
36842812,262999899,train
36916000,65523874,train
40724128,41429901,train
40770271,316551429,train
41951271,331818323,train
42509452,94682993,train
467569,282315,train
752289,2285974,train
2193902,1587234,test
4795857,8902883,test
7800079,5134018,train
8102012,9378810,test
9529332,49364392,train
13169559,73583445,train
15068067,9035097,train
22770321,168196322,train
23106013,9318816,train
35603512,2548258,train
38529246,120810666,train
40915227,21620922,train
42741731,268216456,train
43078862,19258433,train
3198709,11134859,train
3683241,18726889,train
11593727,3413015,train
19985425,75218527,train
20689498,46943042,train
23554330,7951200,train
24016962,180744564,train
29149377,7117383,train
29981890,224954032,train
33140204,5944855,train
37588918,19513679,train
38957284,103729,train
40088712,309271477,test
42238751,7939724,train
13234457,2868,train
33964535,56488464,test
39916681,12806055,test
44073392,308427825,test
1461174,7831200,test
20758861,148689791,train
23054077,1655982,train
43499753,32222661,train
43976665,285227358,train
44425491,1495039,train
44617121,65675385,train
45075405,154116030,test
46798669,145146182,train
46798778,145146182,train
47006895,38347589,train
47355967,258066921,train
47360878,156348349,train
47360921,156348349,train
47711817,284706226,test
20353348,142289760,train
26902983,10744485,train
30375487,1907427,train
39114522,195902536,train
40588366,80107020,train
43125570,320390021,train
43567489,66049471,train
44045252,75418632,train
44176279,10994160,train
44791688,8737911,test
45102383,20690756,train
45750789,31389502,train
46021400,284959416,test
46214206,107395400,test
46530547,27076785,train
46617772,376861859,train
46799297,145146182,train
47567710,186750701,train
47568585,127721863,train
2904330,4123046,train
7475708,12535775,train
13122932,73029190,train
13443230,6873787,train
25308386,5119817,train
32470327,243944082,test
33115218,10530947,train
34723211,12898160,train
39927572,608699,train
40283716,94368269,train
41166979,2233907,test
43325883,16838156,test
45763274,224009,train
46311897,60272631,train
46355319,1199690,train
46413526,9487856,test
46503317,57140272,train
46877734,378699132,test
975990,5339881,train
978386,5354308,train
7756015,31876151,test
11136854,21986616,train
12070989,19300745,train
12325045,66501870,train
12670809,55121,train
17187942,2247818,train
20453588,6030671,test
24065326,16835514,test
26783354,129403630,train
27555063,63338955,train
27901304,29600909,train
30183428,11547083,train
30793033,230378560,train
31834190,18957069,train
32242139,20375986,train
33055126,248788151,train
33642266,91783661,train
33658001,1247329,test
38462360,1495039,train
40592120,4380395,train
46483033,253308587,train
1895196,9847713,train
31294112,234211879,train
40972608,33398146,test
46101762,25947734,train
13495012,9007512,train
39943634,257837598,test
8293281,634004,train
33966122,138962369,train
40886721,318397654,test
45481215,7970632,train
3635348,3096525,train
3800547,7453027,test
6104187,31673092,train
6608246,26415767,train
6654202,34824417,train
9488878,49176019,train
30877996,31307082,test
35189297,264983168,train
35189990,264990100,test
35217816,265171569,train
35686594,96608840,train
39702216,44875433,train
134934,652842,train
354095,1474749,test
378460,1900800,train
1361017,7388499,train
1634856,8684081,train
2569808,10302140,train
4492303,7567309,train
6224336,32279718,train
7804337,41079797,train
7857185,41406733,train
8135144,42959506,test
15825854,13454974,train
16999426,113905045,test
17751338,19222653,test
26002818,6241143,train
31028269,5715157,train
32610653,7831200,test
34569480,260839723,train
35185863,264963423,train
40429847,3861106,train
43686536,173369078,train
46211719,232806788,train
14851247,51843917,train
22529259,1533576,train
32591639,1726966,train
43152182,127292,train
1185525,6483295,train
1279234,3967827,train
4877884,25093848,train
7501292,5565918,train
9329015,11241615,train
9494304,224009,train
13216357,14052889,train
16513101,23293950,train
16617969,7005192,train
19057479,10448572,train
19428130,26925441,train
19925397,46708895,train
24588491,119864371,train
40620489,313650853,train
47201764,380972311,test
483505,2393537,train
5297292,26134830,train
12053427,8896489,train
15633510,17328624,train
29964050,128230715,train
35744074,73670512,test
498859,2462260,test
1936772,2274545,train
5028478,3116461,train
5113910,10125456,test
7872617,38337141,train
8225997,11004198,train
9393127,47730499,train
10365516,30983216,train
10470258,53955282,train
11352664,26024758,train
16019792,104188124,train
19769912,54508926,train
20331995,48032663,train
22280395,4189538,train
22374799,163605956,train
23149791,57339374,train
24037808,69561426,train
25460977,2776408,train
28600360,36383387,train
30254229,3624487,test
31319331,234376122,train
33658071,3002017,train
33719615,2727975,test
35076834,6788279,train
38134394,61723596,train
46121224,36308476,test
47006783,380013607,test
6054194,2568690,train
12273048,49580011,train
22647656,15819815,test
26632930,6058163,train
30398373,228257645,train
34608937,256726587,train
35615687,145082728,train
38266909,8451716,train
44456233,21434522,test
44639944,5041498,train
45378053,62583,test
45493984,1356834,test
4737392,24418383,train
5678143,93781,train
6747685,29769754,train
8506757,3599579,train
10666314,9466826,train
13642568,79167228,train
15699803,20414163,train
16544473,7824750,test
19362079,76854135,train
19625202,138052895,test
19929279,10391137,train
19982386,19413375,train
20111316,15758568,train
22944348,169944714,train
27137651,10113487,test
29897019,224808776,train
30014439,35422741,train
30315888,15819815,test
30769129,121434641,train
31665707,27473538,train
32223114,73670512,test
33530282,51667335,train
38361451,270754207,test
38688733,21657411,train
41032108,320390021,train
42515226,12300501,test
3662827,8200795,train
3686972,18690148,test
4089915,2917387,train
4549930,19196381,train
6260442,32527193,test
6701795,35080225,train
6748711,3900093,train
7651418,40151792,train
8240016,36791609,train
8608243,28781526,train
8720655,729279,train
8793166,13456636,train
9240346,2598539,train
10853313,56214524,train
11100541,48880382,train
11677489,8756821,train
15078898,6079510,train
15927071,529412,train
18875512,91361325,train
19177262,16404967,train
20978416,7182337,train
22150519,26411218,test
24758664,187190679,train
27420805,718630,train
28561904,1119058,test
29516095,37510066,test
33092650,27949819,train
33156123,2928681,train
33560460,177742211,train
38481108,10856865,train
38752368,447895,train
39919408,32212,test
4066224,4050500,train
4362570,19735589,train
4499097,23334541,test
5582038,6502530,test
12443469,970831,train
13584582,78430614,test
15158791,84558839,train
15706724,78832142,train
17669480,112814443,train
24572398,10679309,train
24886110,6762900,train
28001559,131379802,test
35164876,27562515,test
35252845,8962282,train
39669282,79267561,test
7594252,13283118,train
17020317,679157,train
45987330,179017459,train
29683,125857,train
1654970,335272,train
2400614,2297544,train
2656394,13596820,train
4947515,1556712,train
5715049,29628369,train
6501996,1304710,train
7004408,21641864,train
8576773,6926778,train
8719522,2610741,train
9112676,1202621,test
10812027,6126518,train
13230807,20907184,train
13406622,1501090,train
14055238,84303682,test
14105220,48910353,test
15247262,10777266,train
19341584,44443943,test
19531390,2716583,train
19887405,83061189,train
20698073,148148402,train
22663674,3889408,train
22881127,90685499,train
23275777,113905011,train
26475612,73570025,train
27700332,2362991,train
28834703,217432173,train
29282847,80026984,train
29993012,23952383,train
30816604,3312111,train
32806998,121180167,train
34123251,257629980,train
34683403,36630119,train
35718438,76407060,train
40059156,1024786,train
40735445,149872054,train
41770339,9052422,train
42433863,337780960,test
512210,2522854,test
5931103,24982374,train
6487933,14063,train
32634041,244964029,train
35379061,266291058,train
37497491,29637230,test
40448123,7077897,train
47052392,46179427,train
1183667,6474981,train
2088918,1309852,train
3801701,12090062,test
4241028,22006854,train
4472978,5800619,test
6169335,32007353,train
6886371,1694147,test
7630422,37138251,test
10702506,23778489,train
12004547,44596503,train
12403816,67073298,train
13654760,88260,train
14843553,493093,train
15500460,72596124,train
15833574,102526590,train
21171726,6009690,train
22937095,2416281,train
23529395,175778475,train
28186096,97395286,train
30082958,73183897,train
30308289,125508339,train
30315829,42661839,test
31259181,15819815,test
33485978,26989131,test
39749929,5190491,train
44427742,1500733,train
44685047,227147313,train
1131804,6209044,train
2055671,1403210,train
3414885,5722995,train
3838375,177233,train
8816465,40800505,train
9217837,8838044,train
14841838,92872782,test
15359314,42731661,train
19413230,136098610,train
21869057,11967922,test
22026830,160847231,train
22086968,161344095,train
22449860,92835031,train
23650568,24771677,train
25369739,16523946,train
32499495,67274316,train
33135950,130981288,train
34985508,33945465,test
35536969,40275,test
35543848,15395412,train
35969545,7660014,train
37720576,21194343,train
38434638,272595681,train
39562028,303976214,train
40616285,228793453,train
40864895,318094946,train
41048914,150981064,test
41173094,38650653,train
41840700,2423061,train
42123302,7539856,train
44020113,337780960,test
45801985,252026677,train
3132960,2472358,train
7643399,39918716,test
7651474,405908,train
8063277,4671519,train
11591798,51528392,test
12043691,64484703,train
14202979,86182721,train
14221071,7408622,test
14807279,43853650,train
16488787,108272855,test
17278544,11661027,train
24916571,6919899,train
27581411,16931119,train
29519146,90803480,train
29648013,222270217,train
33224321,13783103,train
34742133,1709876,train
34896977,261995854,train
36663696,269311516,train
37153544,34268824,train
37932566,13428395,test
38098024,289174048,train
45423819,209370689,train
46263603,8505622,train
46279818,374684744,train
564447,2775674,train
651648,3274376,train
1330753,2014720,train
1954450,2266169,test
2273613,11607949,train
3694498,18646528,train
4134035,7677048,train
4774496,24517455,train
6121052,13525339,train
6326410,32922532,train
6949526,36434721,train
7950368,1696218,train
9062515,21804910,train
11941755,63755360,test
12072069,37820765,test
13388649,1544804,test
13467511,1711182,train
15772750,88895712,train
17106644,1527966,train
19784119,9427915,test
21027809,9138141,test
21620762,157284647,train
29336346,15872365,train
41383676,1978714,train
41690071,8654456,train
22862882,29574418,train
30186549,145248567,train
4115327,21352288,train
6335490,4365980,train
9735957,49494357,test
13117094,72967204,train
13203601,69286284,train
14982260,10162189,train
15326243,97675538,train
15958841,778293,train
17212052,12570191,train
21273425,153886003,train
22280002,67373899,train
23728069,83899060,test
25678522,660723,train
27714862,5354200,train
32416142,1543357,train
36034580,32990881,train
39204077,31814602,train
40682216,307829113,train
43568549,60901751,test
3975630,20604091,train
9696139,2024620,train
17552185,117035626,train
27159331,30595682,test
27774740,60928518,train
28344462,214024476,train
29651529,223180509,train
33348368,209553776,train
37655428,284533505,train
4108799,622779,train
4642913,16035346,train
13864664,81952746,train
18942735,5153110,train
20162291,58195065,train
23877781,8610441,train
25316571,29700603,train
31025081,87833104,train
31076667,19630705,train
35163190,16590533,test
35419046,539364,train
35838716,71635685,train
36203812,3061951,train
37443671,25141383,train
37528370,2628810,test
38186479,227482082,train
38299089,28947461,train
38446949,24668,train
38672492,295476736,train
38930954,689427,test
38977920,6467944,train
40533068,62279292,test
40701936,21662822,train
43060572,70786342,train
43489765,149345236,train
47466775,28012130,test
2723019,13934498,train
3349699,19402,train
4669382,181581,train
5353612,9350960,train
9043652,6304221,train
9195330,1826449,train
11121739,55425653,train
11649232,2483628,test
13427719,47513931,test
15618546,5598880,train
16601801,10075380,train
16776959,39978070,train
20992027,603493,train
21279172,108605013,train
21410794,12485000,train
27654940,8499760,test
29704561,54377368,test
30269942,48666840,train
31557451,398617,train
32900964,5557073,train
34346014,3203693,test
35504611,141615033,train
37598495,24771677,train
38999548,1467989,test
39717997,1902623,train
40707829,92715725,train
41009396,27610676,train
42567610,339083618,train
42922695,998062,train
43410866,24806910,train
43821867,29582882,test
44403320,183617557,train
44431314,5461672,train
44557919,10417553,train
44892194,9606640,test
31899528,2083510,train
41855383,14010337,train
22553501,165715198,train
45191484,5864416,test
9443911,48943908,test
39371379,285373996,train
43543551,347548987,train
4220151,21903562,train
13794689,4508140,train
33494125,19300279,train
43421995,298730152,train
43499730,5707924,train
46711388,13905175,train
46874584,14211934,train
47420213,377238289,train
47423109,51589519,test
666837,3372562,train
3999228,14545465,test
6252815,32479008,train
7455580,2801316,train
9029289,46473604,train
19747278,106125,train
20641793,725286,train
23632578,3717633,test
26842735,201868461,train
30088359,10842596,test
31935427,1919392,test
34257868,258661548,train
36379540,48434623,train
37404277,281974355,train
37914207,30658962,train
38372515,40384566,train
43345352,345231956,train
46036626,373150096,train
46831214,19550968,train
47323295,345231956,train
883517,4677362,train
10246056,52663715,test
10731680,12133055,train
12645495,60077920,train
18089676,124580765,train
19963733,93355703,train
31188274,224533200,train
34397646,257035928,train
34790702,170464089,train
35570674,49658508,train
35672714,38580398,test
36569876,274911319,test
38742891,230119671,train
40113998,303651172,train
41320544,276934686,train
42624276,339556605,train
42646331,339756700,test
43293588,344733747,train
45171053,174476374,train
46986418,262570325,train
47408988,377953873,train
47590205,6568666,train
989976,5435208,train
9901614,6567286,train
18692028,128707088,train
20744654,134264127,train
22139766,88801066,test
25058563,13583715,test
29899574,224827088,test
35874763,141760353,train
36556558,12938084,train
37779494,48813649,test
38329096,987941,train
38348978,291827066,test
39246597,301271821,train
39252902,301320768,train
40777484,316796479,train
40777573,316796479,train
41719216,329426487,train
45907938,372162877,train
27507661,50590142,train
30735480,229693987,train
33469440,252168489,train
39228932,300947732,train
40405170,81767764,train
47729940,381698920,train
47869588,381698920,train
1353085,7344758,test
2809952,7344758,test
3060651,15578838,train
4426877,11636894,test
20710255,2504873,train
24498872,185067271,train
29907852,224885898,train
32500191,103374861,train
39375524,169569439,train
243708,288711,train
820953,4105474,train
1751789,9215064,test
3548691,316474,train
3767156,16351647,train
4077460,21149129,train
4365276,3081990,train
4616700,1403669,train
5363874,17982486,train
7053165,36581036,train
7304034,37623794,test
8330254,29518662,train
8609779,4586854,test
9293770,48252550,test
10504508,23975540,train
11782120,40219037,train
13613111,78803386,train
14723039,91645690,test
15755439,3033622,test
15903839,36391825,train
16190902,32084117,train
16396241,107412747,test
17268839,7746733,train
17727003,33381571,train
20387644,19924289,train
20497487,74937144,train
22438742,21878092,train
23614417,176663321,test
24845719,2316071,test
26059525,662432,train
26099303,27966935,train
26622293,200135883,train
29662414,162938514,train
30773558,191469946,test
31469483,191786703,train
31490659,12394498,train
31707882,237817180,train
32943764,247900596,train
33910078,256071378,train
33996721,24530917,train
35257699,264962468,train
35258943,20324421,test
35350124,5976443,test
35944106,270096519,train
36695857,40761063,train
37093438,85281944,train
37862092,166877861,train
38604587,147674459,test
38618500,294887247,train
39057955,104277076,train
39113810,299884434,train
40404032,49287703,train
40608762,10413379,train
40776935,316796479,train
40777260,316796479,train
40777364,316796479,train
40777675,316796479,train
40778172,316796479,train
40799664,12172246,train
41343884,238517690,train
41609269,21266886,train
41887881,331234863,train
41998534,6155803,train
42152029,77504935,train
42377121,160737309,train
42938172,16044489,train
43034172,14156628,train
43036747,257832423,train
43134678,180852446,train
43293920,344737629,train
43330389,304043594,test
43419488,14521207,train
43453003,31816060,train
43591042,34654940,train
43876395,132699715,train
44533754,255853430,test
44550239,18103903,train
44661851,100671934,train
44933257,4335872,train
45121113,605589,train
45221081,7445461,train
45380258,305489297,test
45484596,7400077,train
45609412,369442791,test
46118788,20169660,train
46349588,27858499,train
46429903,345899797,test
46526234,305489297,test
46641962,305489297,test
46656320,19470664,train
46707828,377238289,train
46736692,345899797,test
46927620,337495015,train
47328788,160737309,train
47329014,160737309,train
47329214,160737309,train
47329388,160737309,train
47412084,330731738,test
47420081,377238289,train
47732924,384572643,train
47818839,12307951,train
577824,2841374,train
1525602,1200603,train
4620962,21685221,train
4638086,655956,train
4921514,25113533,train
7399036,38706510,test
7457091,24450956,test
10947986,56775169,train
14341397,87835557,test
15675520,100671934,train
16014708,104134325,train
17804882,121679244,train
18225702,125875662,train
18787950,2007724,train
19019275,71360671,train
21946495,160194786,test
22153425,161784847,test
22339698,163329653,train
22481246,92856787,test
25006193,189036764,train
25475518,192276715,train
25909161,32605338,train
26356082,1828429,train
28901091,171212377,test
30400390,48138946,train
30521015,228691487,train
30568497,229325672,test
30677287,12920745,test
31060046,201718939,train
31733307,234191916,train
31879887,238894847,train
32410156,243378593,train
32670456,38706510,test
33544900,252765359,train
33830012,255420742,train
34498360,26413356,train
34871854,261898854,test
35843964,13107477,train
36224443,158718264,train
38019033,288440058,train
38194280,173369017,train
39357831,63270318,train
39815187,153182723,train
40197518,212526336,train
40777924,316796479,train
40778037,316796479,train
40778102,316796479,train
42075734,333642770,train
42491636,166692962,train
42565257,259502983,train
44303056,356527090,train
44487802,344690102,train
44570625,8686752,train
44845990,362591996,test
45104212,364246221,train
45217392,365260642,train
45635739,273568164,train
46079431,111446676,test
46471494,375916278,train
46659044,216475765,train
46749158,377806617,train
46944839,377953873,train
47412019,330731738,test
47420145,377238289,train
2656957,412178,train
8010033,1883133,train
13016389,71838636,test
14669351,13619313,train
16677256,110358650,train
19809264,18197578,train
19969461,14833285,test
20859561,149719030,train
26596388,199956234,test
29592768,89351775,train
30376690,81970141,train
34574929,260879160,test
35577620,21400616,train
36117267,129654782,train
39982698,128268523,test
42484276,322248050,train
43374815,223917190,train
43867708,56025976,train
44180586,2994152,test
45087157,10454742,train
45564631,12637244,train
45850527,371725520,test
46097574,94880542,train
46656374,1940613,train
463042,1333948,test
569255,61531,train
904060,4834187,train
1312945,2877657,train
1914231,9709235,train
2088725,10661536,train
2089745,10661984,train
2116059,10788865,train
2897507,9840901,train
3383382,908514,train
3840324,10366196,train
4141868,3900965,train
4183424,9405848,train
4717237,2358032,train
4865749,25028594,train
5770283,11722846,test
6323483,19750664,train
7202368,23952819,train
7547536,17122110,train
7673007,3526617,train
7734995,3344231,train
8225210,43370599,train
8521692,3321346,train
8666770,6670077,train
8671786,6639602,train
8763502,45955013,train
9043905,3331710,train
9694487,27441163,train
9778748,21097356,test
10660249,55062858,train
11360523,33931962,train
12856529,1491770,train
13044689,3166393,train
14149127,16784527,train
14275887,87065585,train
14608127,90646927,train
15568616,6588016,test
15833471,102526456,test
16309538,101113812,train
16310046,1451269,train
18358606,122877644,train
20215712,144013169,train
20799199,302544,train
21007181,19202566,train
21868427,24559343,train
23076005,12906455,train
24077570,22923979,train
24265209,182295691,train
24287261,16574437,train
24355927,16586817,train
24521630,83921231,train
25996204,6962621,train
26032155,23024846,train
27610245,59765638,test
29338760,9399583,train
29546402,35944,train
29701500,30627525,test
29780076,5845384,train
29942321,6880682,train
30124914,1534405,train
30291283,2334794,train
31308921,39270250,train
31688794,24618314,train
31760941,238118741,train
33310062,2196083,train
33311152,47993054,test
33498269,4035309,test
33797672,35224817,train
35220744,265192385,train
35269083,44321906,train
35318863,265068881,train
35752161,15020878,test
35997412,1857457,train
38536490,151273556,train
38550605,6655660,train
39830565,690079,train
39971399,2544216,test
40001622,48822778,test
40036254,4585412,train
40378343,47185742,test
40616776,380838,train
40834363,5369934,train
40960872,90633806,train
42043698,117661879,test
42432307,5639190,train
42970160,24800102,train
43054040,223917190,train
43687940,7738257,train
43834804,54736855,train
44059338,352422868,train
44116807,254269,test
44757443,10593026,train
45258129,107412747,test
45866168,19458285,train
46275349,312276,train
46510927,135554465,train
46621276,818675,train
46866877,26597111,test
47386202,10095503,test
2909117,14046864,train
3497198,15730873,train
3646551,2119276,train
8185845,30283594,train
9874710,30283594,train
11866751,30283594,train
13426681,30283594,train
30746904,76192815,train
39029972,273344288,train
39272588,301049251,test
41835818,61396454,train
41851251,221200420,train
973535,3179866,train
1457505,7815949,train
1688914,8925763,train
2695469,3038687,train
2786015,8925763,train
4154009,17477908,train
4557832,23628103,train
5106041,4265630,train
5376069,10306287,train
5536824,24715671,test
5965946,4308068,train
10016601,50760546,train
11313271,41821010,test
13031854,72019599,test
13395362,61391963,train
13430794,30283594,train
13998679,83627325,test
21541423,16514175,train
25805430,32252422,test
27519196,50909051,train
27732417,209374833,train
29925332,1475015,train
33683407,2399919,train
35711402,12061757,train
36139806,260209224,train
36172164,270629822,test
37990156,61396454,train
40945983,105442120,train
42094751,333828322,train
42805754,91806581,train
784122,3483450,train
796370,61491,train
1327940,3290436,train
1646432,8732694,train
1673040,2119276,train
2033866,7846216,train
2083749,10643341,train
2374228,12129877,train
4823386,16514175,train
6389473,7202402,test
9882440,30283594,train
14153081,1699871,train
17904418,122696032,train
18095883,70774951,train
18188958,611109,train
23924234,40636399,test
24099108,179436298,train
25323446,70774951,train
32634232,5409243,train
35481836,232557023,train
40430111,312697286,test
42337079,95331018,test
43235748,344281135,test
43813615,156295223,train
588677,2407024,train
2659448,13611255,train
3311834,13611255,train
13548332,61391963,train
14071436,61391963,train
41929442,61396454,train
43909203,61396454,train
4456880,21641206,train
15659791,1475015,train
44530288,243660343,train
46776817,185979641,train
11114607,13611255,train
12593389,10737943,train
12871039,30368670,train
12964763,51501835,train
14932887,30283594,train
15860528,102799406,test
22466315,158969505,train
24372235,158969505,train
24695406,98157128,train
25371837,1475015,train
30768008,10415675,train
31670608,50612451,train
36684171,102799406,test
39177041,194940666,train
41148267,320932432,train
41348789,346356,train
42428999,200054148,train
45464931,362930876,train
15711,61491,train
1357021,1411399,test
1655550,2119276,train
2255539,26599,train
2417098,26640,test
4499976,23338742,train
4614838,1698391,train
8444730,44460139,train
9861196,30283594,train
9899970,2574856,train
9937733,50760546,train
10016503,50760546,train
10512575,26584499,train
11512962,2119276,train
11659242,24856724,train
11863225,51501835,train
12243378,30283594,train
13112297,61391963,train
13407476,61391963,train
15496616,95459395,train
16010302,18939173,train
16231826,13080757,test
21382292,37333386,train
22102108,20905481,train
22208373,61391963,train
22529131,158969505,train
23810398,178696800,train
23876337,12243051,train
25812971,186084,test
27132347,4314926,train
29148550,61391963,train
33516105,7130003,train
34371113,231727934,train
34749214,17392429,train
34835501,61396454,train
37991024,61396454,train
38844519,221400034,train
39691514,305062503,train
40029221,61396454,train
40529363,313802017,train
41836159,61396454,train
41939842,331591329,train
42401212,130030703,train
42805340,91806581,train
42893370,292243384,train
43150602,84823223,train
43909188,61396454,train
45418350,51501835,train
46960314,16641806,train
8045421,30283594,train
12001854,30283594,train
12110990,30283594,train
13432348,30283594,train
15801420,30283594,train
28734646,1104166,train
41815040,185979641,train
41839491,221200420,train
41990825,191552674,train
47239416,58389104,train
2435621,26640,test
9864137,3011547,train
9938066,50760546,train
12360207,3922831,train
12951215,30283594,train
13511266,76192815,train
14760402,83627325,test
18523918,49562545,train
19069915,61391963,train
24913510,28823649,train
26817803,12129877,train
29489407,61391963,train
37941348,161742462,test
37992636,278925199,train
38669506,61396454,train
39901854,307345384,test
40582333,314457702,test
42389957,269609725,train
43287398,60102990,train
43701555,52267166,test
9898107,50760546,train
12172457,50760546,train
13415100,50760546,train
13429562,30283594,train
13430012,30283594,train
15230339,95459395,train
41929623,61396454,train
42659767,61396454,train
43652025,348427562,train
45784235,86771798,train
46901651,121593489,test
5691347,26264587,train
15436871,7610841,train
15523119,96148809,train
36947683,114219274,train
37773215,275347368,train
37962346,61396454,train
2595,2845,train
737496,3922831,train
6227027,6089159,train
11619745,61391963,train
11651881,61391963,train
12302170,66326553,train
13037692,66326553,train
21797359,119029523,test
22465657,158969505,train
30438095,105367031,train
31561372,229288524,train
33512307,153988027,train
34748366,3788789,train
43842382,158583850,train
1669250,3038687,train
3003228,1475015,train
9740010,389899,test
14185610,22860550,train
15396351,20368225,train
18225912,3656008,train
21876299,158969505,train
27725392,158969505,train
32291385,12404709,train
32986532,243501721,test
40377147,270074042,train
43012924,75395247,train
45454433,25970549,train
4311233,12541368,test
6284582,7474069,test
17545363,119029523,test
20555087,90153911,train
30713613,227647873,train
31600379,148787736,train
36032098,267458545,test
37083736,278925199,train
38573108,119029523,test
40449418,302386042,train
41036360,212147885,train
41433908,21853180,train
2028291,10243387,train
5647416,2458750,train
9230738,4031222,train
13274918,50760546,train
15216703,6107166,train
15310580,27336207,train
30822815,193490396,train
31387609,235073206,train
36002802,265172138,train
40225204,61391963,train
56525,268014,train
596448,2648088,train
808705,3038687,train
4454122,1390414,train
6283028,3603806,test
9411467,24600395,test
10232553,389899,test
18208738,20368225,train
18737235,45763784,train
22715506,5601966,test
23874025,12243051,train
27489188,27336207,train
30096719,188896,train
30476876,227647873,train
30842198,30377766,train
37973781,287945667,train
39316302,300815353,train
40588818,46430057,test
42666898,8686625,train
43230953,209279462,train
43479666,346712699,train
713839,3675377,train
12089013,30283594,train
17744351,119029523,test
22462752,158969505,train
22464295,158969505,train
22466002,158969505,train
35791325,1238383,test
37094204,279024287,train
39103956,299502034,train
40802086,15897700,train
41320000,304729379,train
41909354,231727934,train
42015560,61391963,train
42047437,6880965,train
42517428,338598729,train
43526925,8288419,train
44580169,1260792,test
46037938,362930876,train
9879556,30283594,train
13092482,30283594,train
13430483,30283594,train
13431793,30283594,train
14738709,30283594,train
15769964,30283594,train
18393354,2845,train
24493582,26584499,train
25251220,133123832,train
29148367,61391963,train
38701340,295440131,train
40586782,53372862,test
41940576,331591329,train
42126218,217362657,train
42155009,122696032,train
45483048,51501835,train
45750107,61391963,train
13891302,30283594,train
15252724,9419684,train
22378113,1555783,train
24535821,26584499,train
24943768,168465501,train
27131400,4314926,train
28208166,30045574,train
29734919,212698653,train
29828159,1475015,train
30007502,226077,train
31000518,16145840,train
31802641,19755137,train
32540677,230165497,train
37487817,297762,train
37649688,599076,train
38328970,1711798,train
38670210,278925199,train
39837568,277467991,train
40009602,63804378,test
40800989,61396454,train
40835207,317203979,train
41081759,61396454,train
41931477,61396454,train
41964525,323537,train
42038854,61396454,train
42436595,20411840,train
42973259,342060071,train
42996551,30283594,train
43158150,249545376,train
43330828,30283594,train
43405454,1496845,train
43831692,156295223,train
44663787,61391963,train
45453210,51501835,train
45547548,51501835,train
45903786,16211060,train
46429779,51658125,test
46746791,46410542,train
46825084,342640129,train
1000788,4797532,train
8505785,2257246,train
12085680,30283594,train
14442338,30283594,train
14446717,30045574,train
16274061,104228825,train
17333173,1487700,train
17977409,123472158,train
18869545,9419684,train
21082612,105367031,train
23874777,12243051,train
28129668,303926,train
34340192,76192815,train
34980223,76192815,train
37050195,278579225,train
40292341,192407842,test
40604957,45625618,test
41929967,61396454,train
42265116,335801810,test
42506364,337720916,train
43407399,142456326,train
45068436,50389539,train
45331854,276435778,train
45362021,89030405,train
45481853,57493353,train
45650616,369817284,train
45652552,162280872,train
46330099,61391963,train
46372029,243501721,test
46748151,1218837,test
8810949,30283594,train
13443640,30283594,train
15988953,1594095,train
23714684,12243051,train
23750623,12243051,train
23875602,12243051,train
24022943,20805,train
24267385,12243051,train
27659298,12243051,train
28127032,12243051,train
29138655,200380610,train
31171722,3852579,test
34670286,231727934,train
36056808,271248669,train
42472907,28787513,train
42708053,325416844,test
43088328,319063500,train
43404014,310086283,test
43421214,58377770,train
43500496,1400876,train
43637712,9419684,train
43639976,30283594,train
43640185,95459395,train
43685308,159094080,train
44119626,15102235,train
44752485,145560149,train
45578810,369104627,test
45742412,334740780,train
45949649,88902216,train
46002254,9419684,train
46004018,9419684,train
46004492,9419684,train
46575820,376601023,train
46731076,377666971,test
46771024,31310311,train
46820825,92904178,train
46832153,228080471,train
47096674,376019690,test
47100410,20979616,train
47172091,21739419,train
47218595,9419684,train
47218754,30283594,train
47218761,30283594,train
47234699,30283594,train
47234703,30283594,train
47234711,30283594,train
47234713,30283594,train
47235814,30283594,train
47235857,30283594,train
47235876,30283594,train
47235932,30283594,train
47378630,363694676,train
47414519,275294305,train
47464130,62945221,train
47491485,272546966,train
47509683,376019690,test
47531221,376019690,test
47832241,241717897,train
47832323,241717897,train
47841922,241717897,train
47854801,241717897,train
47905470,241717897,train
33334906,123472158,train
36513737,164800766,train
41465244,146167,train
41662444,162280872,train
42002308,185979641,train
42231473,91806581,train
43358364,345292086,train
43466729,314457702,test
43701462,212669089,train
44164449,2867137,train
44166880,2867137,train
44167232,2867137,train
44182960,2867137,train
44183011,2867137,train
44183056,2867137,train
44183108,2867137,train
44183153,2867137,train
44183223,2867137,train
44189839,2867137,train
44189936,2867137,train
44190035,2867137,train
44251117,2867137,train
44251218,2867137,train
44251290,2867137,train
44251324,2867137,train
44251401,2867137,train
45363996,2867137,train
45973550,185979641,train
46049044,2552719,train
46062116,2867137,train
46097856,91806581,train
46544231,2867137,train
46704403,91806581,train
46816415,54328307,test
47002556,2867137,train
47096346,380601266,train
47177315,380601266,train
47313887,185979641,train
47315034,185979641,train
47315577,185979641,train
47315713,185979641,train
47315920,185979641,train
47316070,185979641,train
47316320,185979641,train
47326289,185979641,train
47326512,185979641,train
47331329,91806581,train
47331544,91806581,train
47332050,91806581,train
47332269,91806581,train
47332382,91806581,train
47332565,91806581,train
47332619,91806581,train
47332927,91806581,train
47333904,91806581,train
47333957,91806581,train
47334244,91806581,train
47334332,91806581,train
47409997,185979641,train
47410431,185979641,train
47410632,185979641,train
47410709,185979641,train
47410952,2867137,train
47860369,2867137,train
47860614,2867137,train
2215157,11298622,test
7439734,17085996,train
8716700,11418434,test
11739393,61391963,train
13881521,82154865,test
29828587,1475015,train
35423560,382749,train
37776968,285727534,train
37777513,285727534,train
37778075,285727534,train
37778271,285727534,train
37778820,285727534,train
37779254,285727534,train
38572391,26599,train
40448201,133123832,train
41034195,853502,train
41425063,72313021,train
41509963,110062861,test
41537464,70690495,train
42410393,133123832,train
42622159,95331018,test
42664029,285727534,train
42664307,285727534,train
42664793,285727534,train
42882334,285727534,train
42890032,285727534,train
42890135,285727534,train
42890276,285727534,train
43054170,61391963,train
43117848,61391963,train
43537431,188051537,train
43552855,25592253,train
43769776,591803,test
43939702,6349660,test
44036092,25592253,train
44353017,10737943,train
44558113,61391963,train
44682728,11062945,train
45151029,61391963,train
45164113,314360921,train
45457047,51501835,train
45472312,51501835,train
45547297,51501835,train
45578986,51501835,train
45595850,51501835,train
45697861,51501835,train
46062257,2867137,train
46487460,195024657,test
46645505,30381715,test
46725288,61391963,train
47775232,66326553,train
47775881,66326553,train
47968256,283307781,train
13018052,30347426,train
22498486,24347,train
30769510,4797532,train
36370217,9864136,train
36567413,124283016,train
38150817,26877037,train
39642725,162280872,train
42194646,26877037,train
42665214,6752504,train
42987352,194100224,train
42987533,194100224,train
43097106,6752504,train
43315653,3005203,train
43413523,84823223,train
43422411,6752504,train
43437306,6752504,train
43662576,167821102,train
43911780,15215529,train
44002788,300884067,train
44247266,4327888,train
44463882,154506785,train
44463986,154506785,train
46066398,247439246,train
46117818,247439246,train
46221864,84700594,train
46662027,46315133,train
47408732,376019690,test
47731295,247439246,train
47779572,376019690,test
47782373,376019690,test
2716131,9419684,train
2735104,9419684,train
2735421,9419684,train
2792158,9419684,train
9235437,9419684,train
11456821,9419684,train
11458973,9419684,train
12870225,9419684,train
14010220,9419684,train
14868936,9419684,train
16718154,9419684,train
16718436,9419684,train
21561635,9419684,train
24081113,9419684,train
43098673,9419684,train
43098968,9419684,train
43099572,9419684,train
43099620,9419684,train
43100290,9419684,train
43100348,9419684,train
43100915,9419684,train
43101319,9419684,train
43105936,9419684,train
43106068,9419684,train
43106069,9419684,train
43106070,9419684,train
43106544,9419684,train
43106565,9419684,train
43106566,9419684,train
43106569,9419684,train
43118370,9419684,train
43118568,9419684,train
43118570,9419684,train
43118576,9419684,train
43118578,9419684,train
43118939,9419684,train
43118946,9419684,train
43118961,9419684,train
43130098,9419684,train
43130244,9419684,train
43208482,9419684,train
43208492,9419684,train
43208516,9419684,train
43261879,9419684,train
43261883,9419684,train
43261885,9419684,train
43273217,9419684,train
43273224,9419684,train
43273227,9419684,train
43273232,9419684,train
43273252,9419684,train
43280265,9419684,train
43280275,9419684,train
43280278,9419684,train
43296073,9419684,train
43312793,9419684,train
43476086,9419684,train
44262468,9419684,train
44262771,9419684,train
45671726,9419684,train
47218350,9419684,train
47219081,9419684,train
47219464,9419684,train
47219787,9419684,train
47229818,9419684,train
47230913,9419684,train
47231125,9419684,train
47231295,9419684,train
47231413,9419684,train
4903082,25241743,train
4920338,25341839,train
4920448,25341839,train
4920489,25341839,train
7966358,30283594,train
11007370,30283594,train
12001322,30283594,train
12001638,30283594,train
12084100,30283594,train
13431257,30283594,train
13522873,30283594,train
14012606,30283594,train
14571686,30283594,train
14946346,30283594,train
15230576,95459395,train
15496314,95459395,train
15497088,95459395,train
15497673,95459395,train
19226980,33365473,train
21766221,158583850,train
21995314,95459395,train
21995511,95459395,train
21995672,95459395,train
21995866,95459395,train
21996644,95459395,train
21997247,95459395,train
23256678,158583850,train
23256760,158583850,train
23256800,158583850,train
26029326,95459395,train
32714098,30283594,train
32714417,30283594,train
32714435,30283594,train
32715992,95459395,train
37493702,290845,train
38667973,200380610,train
39079537,61396454,train
39363046,3074862,test
39502675,229288524,train
39845307,279612612,train
40730718,316201557,train
40750633,52671461,train
40758230,316201557,train
40762203,316201557,train
40776581,316201557,train
40776875,316201557,train
41085952,316201557,train
41086235,316201557,train
41237030,316201557,train
41563296,327474404,train
41594233,269886403,train
41814997,159510012,train
41836119,61396454,train
41914819,3751841,train
41940404,331591329,train
42151743,98157128,train
42383118,316201557,train
42384740,314035682,train
42506425,316201557,train
42972333,30283594,train
42972677,30283594,train
42994330,30283594,train
42995799,30283594,train
42996549,30283594,train
43008963,342139982,train
43293291,316201557,train
43324204,316201557,train
43324274,316201557,train
43324365,316201557,train
43324444,316201557,train
43324501,316201557,train
43328669,30283594,train
43328672,30283594,train
43328675,30283594,train
43328685,30283594,train
43329279,30283594,train
43893523,156295223,train
43954912,316529606,train
43997034,266651586,train
44079687,353550835,train
44180343,56991870,train
44503706,209279462,train
44531911,209279462,train
44662343,171123415,train
44740329,158583850,train
44741165,158583850,train
45257443,86771798,train
45350904,86771798,train
45543458,17429459,train
45563316,30283594,train
45564397,30283594,train
45577390,48163761,test
45721454,209279462,train
45722560,369104627,test
45815695,69874271,test
45943671,369104627,test
46064436,30283594,train
46377270,337720916,train
46412330,86771798,train
46416099,86771798,train
46463617,86771798,train
46487468,2548225,train
46503564,86771798,train
46529147,226672,train
46659138,86771798,train
46660491,86771798,train
46780785,378046341,train
46920978,86771798,train
46962568,86771798,train
47236980,36520302,train
47283146,86771798,train
47335455,4954144,train
47359803,217362657,train
47359927,217362657,train
47360054,217362657,train
47360208,156295223,train
47360356,156295223,train
47360523,156295223,train
47360584,156295223,train
47360633,156295223,train
47371179,362930876,train
47460121,383117231,test
47719179,384421888,train
47719584,384421888,train
47719698,384421888,train
47785447,86771798,train
47809798,383788556,train
47889218,257653121,train
47944734,386227737,train
848071,4427679,train
860827,4524130,train
986727,5414067,train
1354415,7136700,test
3553768,17891677,train
3605388,14157138,test
3793246,2331719,train
6375124,738918,train
9457285,8604689,train
9623722,518931,train
16346574,107034075,train
19908088,140983856,train
20026998,1748382,train
27538237,7136700,test
28391441,214347105,train
28438216,214347105,train
28539464,214347105,train
28785361,214347105,train
28864263,214347105,train
30348644,142456326,train
30859838,46389451,train
31277426,29582232,train
31499944,46389451,train
33292234,45467925,train
34470350,26058259,test
37988953,183239892,train
38149897,289858949,train
38298858,290569891,train
38776007,296511624,train
40371175,188892696,train
40951904,230490856,test
41592197,91268177,train
41632769,21650416,train
42002039,308147322,train
42409845,270288786,test
42453983,18670647,train
42592704,308147322,train
42627101,339584418,test
42678895,339950390,train
42761547,312697286,test
42841450,55425915,train
43686927,348913133,train
44444231,299090,train
44641721,6260963,test
45178187,364858042,test
45222181,41167238,test
45516107,34918937,test
45548264,25592253,train
45649052,51905501,train
45701055,54480397,train
45826233,9522851,train
45978495,186409,train
46054095,19124985,train
46170810,26440553,train
46260454,9068084,train
46332804,305327549,train
46419119,63513695,train
46775906,91268177,train
46926774,379126767,train
46972448,93370472,train
46992348,379126767,train
47070843,58251032,train
47568339,314485526,train
748118,3921565,train
956412,588270,train
3198365,16209547,train
5320983,588270,train
6571039,1808103,test
6751450,7209,train
7095888,32252422,test
8054285,42537893,train
8208285,22572797,train
8522933,44018877,train
13058232,72313021,train
13096091,17152076,train
13411367,46545526,train
15436836,8977158,train
15659634,8977158,train
15802947,102251846,train
15857118,102754726,test
16730833,44018877,train
17270768,8833885,train
18222359,120804342,train
21595000,28827640,train
21635125,93487618,test
22067406,93487618,test
22452278,3695529,train
23219361,59966705,train
23311118,164886138,test
23715988,4198135,train
26735305,34313176,train
27427898,34313176,train
27928809,183400278,train
28638376,22098752,test
28940025,2780938,train
30011527,32708211,train
30712281,2370813,test
32446823,22098752,test
32839377,2370813,test
35595716,266569093,train
35602964,267849738,train
35768873,32708211,train
37594699,87983379,test
39021109,34313176,train
39468752,303176278,train
39525276,32708211,train
40207537,310521180,train
40363834,7202402,test
40620977,310521180,train
40696799,34313176,train
41108066,164886138,test
41108231,57049951,test
41108462,180380802,train
41380850,180380802,train
42405152,206722794,test
42793766,276786633,test
42882271,62927172,train
43132384,48194192,train
43545601,22064089,train
43745701,105644109,train
43816240,17558669,train
44845241,1850631,train
45464865,7112947,train
45634265,11699652,train
46085297,15171937,train
47232370,8750867,test
47331153,52970439,train
47333781,378112960,train
12949840,1386468,train
15943475,103434234,train
20934059,30347639,train
25036166,187103481,train
26038458,195691349,train
26040453,195691349,train
31596163,20056779,train
32141672,20811907,test
32168090,206288086,train
32360500,32084360,train
34204139,145090947,train
35464309,38458421,train
35568112,247094998,train
37396829,281495933,train
38602229,230013366,train
39921713,307596523,train
40221847,55783719,train
40649368,4715469,train
40696745,315874064,train
40708073,9522851,train
41042175,210045569,test
45671327,230013366,train
45896588,372078675,train
46315823,10306287,train
46328178,230013366,train
46419755,373507145,test
46513612,290377400,train
46586376,368042440,train
47177589,36520302,train
47530724,36520302,train
47531146,142519287,train
47976732,36520302,train
33014,143048,train
2451110,12533228,train
7697161,40427171,test
19440278,58641721,train
21274308,148787736,train
22213389,4667705,train
22485639,164886138,test
22514608,23834677,train
23369859,59514172,test
28011840,70774951,train
29479603,222027489,train
30786946,26028092,train
31978781,1185024,test
32354513,242924411,train
32845331,242924411,train
32857378,242924411,train
32857674,242924411,train
32858018,242924411,train
36796156,54784332,train
37117469,140981137,train
38877730,297734914,test
39134030,138683254,train
39628066,226557968,train
39778611,285683582,train
39809240,126626529,test
39923670,307345384,test
39951018,307345384,test
39953850,307345384,test
40654219,315299719,train
40758350,316529606,train
40762381,316640117,train
40823752,317046943,train
41155969,187908645,train
41588070,313246536,train
42013081,136242114,train
42233237,79923089,train
42270478,335548065,train
42739331,1288057,train
42965074,13891989,train
43140630,343450886,train
43140748,76940812,test
43162126,343617828,train
43349448,345292086,train
43731230,335548065,train
43744716,225025900,test
44233602,11907087,train
44249049,121399223,train
44283460,121399223,train
44415969,121399223,train
44722548,180277260,train
44918172,79923089,train
45418158,367326223,test
45558214,518821,test
45565000,368317018,train
45632196,343623135,test
45801395,86924298,train
45918724,343623135,test
46258906,374194321,train
46371528,3750764,train
46649043,109873770,train
46716503,343450886,train
46777566,4667705,train
47296304,342964875,train
47372680,48477188,test
47420077,109261731,train
47760760,19569903,train
47778201,385067985,train
47816604,290616231,train
4439664,12641307,train
4545882,23569951,test
5319431,27315132,train
22345676,2921109,test
26470188,55240477,train
28047046,16204937,train
29303103,20006428,train
34114232,249210688,train
35477828,33861246,train
35677739,22409215,test
38105333,173483667,train
39291981,301662283,train
39483373,57457584,train
39631364,57457584,train
40401507,25079968,train
41691214,30101639,test
42391932,8758237,train
43021419,240853514,train
43117170,304476030,test
43906458,9847270,train
44412175,6075580,train
45631504,339533124,train
5433746,28187447,train
6105240,184833,train
19908261,137264725,train
21058573,14719992,train
33660911,61084210,train
38960071,174197082,train
39598996,304261640,train
40057138,308956896,train
41666464,328804543,test
42929138,11951664,test
13693976,79820757,train
17574134,79820757,train
43163067,2424336,train
1321578,721463,train
3928525,16101222,test
4174115,5739699,train
4410643,22893778,train
5905128,28187447,train
6505927,12798614,train
7325293,1841169,train
10901062,836911,train
11162285,4302160,test
16422375,71540842,test
26107318,99268393,train
34670672,8893700,train
35805037,269345069,test
36793927,214869202,train
39003811,169967529,test
39158105,4520714,train
39225736,2497082,train
39440700,2313878,train
39607697,3509813,train
39756235,305567753,test
39987747,53161854,train
42006106,169413988,train
42180694,176371,train
42316455,336438781,train
42436819,16466962,train
42489045,323626042,test
43322738,25067039,train
44189059,96741258,train
44892016,20302754,train
1308308,7112116,test
4308612,16798055,train
4541102,23548583,train
5365190,27551876,train
6227680,23548583,train
12385794,7511223,train
17887213,17859338,test
18706173,17859338,test
20187293,60839109,train
25534630,17581024,train
36523430,197400421,train
36834575,45204053,train
37011601,22210080,train
38311444,291273509,train
39462721,229469300,train
40157361,201246457,test
40804094,56201100,train
40835631,11569309,train
40990299,306354551,train
43727448,21466618,test
44064791,9728568,train
44244417,356545498,train
47158355,22779554,train
623423,3091205,train
20183579,45045974,train
23078446,111807108,test
23086483,111807108,test
28181575,39523758,test
32563070,5878862,train
34091327,34689714,train
36978464,43359332,train
19067068,5282689,train
28734328,216738447,train
37144126,275031666,train
39411928,927072,train
40562275,314256656,train
41582446,4264248,train
42180684,34060722,train
42314880,188620740,test
42434371,117493135,train
42506896,24009362,train
42533977,103141818,train
42555997,13162562,train
42602375,339365455,train
42715179,338377256,train
43451346,88397174,train
43594760,78925360,test
44999859,18186682,train
45582346,19834743,train
492785,2435392,train
7368190,3890297,train
22035507,20513673,train
23449282,33438197,train
29329429,80242144,train
31620173,237049868,train
35717508,5678260,train
36656933,174494091,test
37388510,1563660,train
38063248,120680778,train
39053981,28822278,train
40202748,310486079,train
40416557,312542398,train
40731070,84331328,train
40913839,8425251,train
41021017,137364928,test
41061100,82003805,train
41247450,20687253,train
41264801,313979551,train
41693557,26249208,train
42024759,228420131,train
42109614,334001488,train
42343069,2269766,test
42344532,2269766,test
42429329,6654868,train
42913200,308736652,train
42915649,308808867,test
44280557,1510693,train
45240828,365493358,train
398850,434632,train
15818608,34506361,train
27229363,835534,train
30811789,2423570,test
33777266,102221050,train
38442158,293045470,train
39422367,155750958,train
40973933,20271527,test
42638833,12606076,train
14314,56246,train
292121,169927,train
837503,265525,train
878142,2597159,train
3998641,557329,train
4541187,23185328,train
9148875,3201337,train
10727010,50086785,test
10882066,14585417,train
13906636,62785237,train
21173148,27231066,train
21174008,713764,train
21484161,156047478,train
21774455,1010743,train
22421636,35518413,train
23382647,434632,train
26891286,4058230,test
28071460,9609022,train
29543433,621652,train
31539570,7225691,train
32059283,33646389,train
35425001,65960619,train
36527030,3217821,train
38489558,293501953,test
40901664,21660030,train
41208841,316179573,test
43636378,18104335,test
1166398,6387355,train
1847434,9632747,train
4925414,24243859,train
6627931,33722691,test
8809245,3333577,train
9510158,21366569,train
10615883,4966907,train
15464934,99235017,train
16180783,6338496,train
16313098,8381084,train
16490732,107933494,train
17489509,8435480,train
21860011,9572607,test
22714989,41911368,train
24948017,185683441,train
26182768,21146326,train
26660828,19739033,train
27416658,203982404,train
29183581,116976293,train
30348712,40004714,train
32698370,244438661,test
36141106,13605253,train
36265557,23905369,train
36346168,113071748,train
37093925,265204049,train
37232561,39725212,train
37459834,1798193,train
37940610,287392790,train
38133402,31494709,train
38189974,193364875,train
38295791,291168522,train
38298972,291198376,test
38464389,14159944,train
39461768,1418912,train
39537553,217910985,test
39939381,7939437,train
40352363,164200615,train
40529516,311351092,train
40701124,315905744,train
40806108,317250780,train
41177309,322791021,train
41380859,325413434,train
41841726,330729840,train
41941837,217786217,test
41973806,332269295,train
42432733,53572347,train
42455129,39873798,test
42467367,338131780,test
42487148,323289577,train
43423542,117995649,train
43508229,18486724,train
47004097,338911949,train
5028264,25881276,test
19054757,133010064,test
39780878,59905333,train
16555848,2662565,train
37805274,286130003,train
40134953,288251265,test
40681902,20700305,train
40894061,318515549,train
41320665,28242204,train
41838215,24709527,train
43264586,344492196,train
44015851,108164496,test
45738105,370772965,train
902599,1510984,train
22163706,17167170,train
38328622,135892154,train
42739154,3509822,train
42758392,284115162,test
42814604,506980,test
43686332,60749556,train
15470122,35095754,train
28202825,213014559,test
29965995,222461823,train
35355147,264842412,test
36386298,273596828,train
37393364,281832412,train
37589477,257897148,train
38428985,292409387,train
39004220,164489340,train
39757484,216419980,test
40227549,304099191,train
42001106,332669349,train
42241896,206866382,train
42761605,339024590,train
43047769,24243859,train
44034872,18608785,train
41582140,228940773,test
43046659,24243859,train
43298227,268452805,train
3386829,501456,train
6610629,23152983,train
11847204,9532490,train
20331468,18121246,train
25163519,40875021,train
28979013,54689007,train
29965839,54689007,train
31394757,54689007,train
33856310,229386490,train
34590107,27613233,train
37686580,2611165,train
38850758,229858536,train
39860516,47804535,train
22263267,161514654,train
35385465,8498596,train
41146508,252610644,train
43149336,343526940,train
45277024,164345159,train
32086758,164242874,train
39201527,300812117,train
17497948,8381084,train
42679293,300812117,train
2807615,14361027,train
9458704,49015331,train
9544410,49015331,train
15966974,19536090,train
16311386,8567200,train
18893778,10529692,train
21015993,147513,train
22245492,106899231,train
28754650,216891728,train
30347852,40004714,train
31040919,5909599,train
31714168,213014559,test
34908806,558101,test
35193203,264514482,train
36734903,42993745,train
42717362,80669033,train
43148901,343526940,train
43546378,18895623,train
43813121,53258494,train
7054265,23419855,train
33772698,10072710,train
35607523,6768659,train
36916496,52460617,train
36939361,880975,train
37626277,85673370,train
38599919,294553546,train
39780428,305729605,train
39965746,308124606,test
40200798,2428492,train
40229374,15099442,train
40582950,2683174,train
40777336,23860096,train
41133434,287131923,train
41493321,326666759,train
41558910,27712875,train
41739955,60084155,train
41742930,130136946,train
42049380,333290200,train
42156206,17380286,train
42653979,339808768,train
42764053,64694321,train
43661875,295620585,train
45344369,162852868,train
36236184,189636080,train
11617815,1265437,test
30712222,20536731,train
40040199,291863483,train
9842492,50681342,train
32990477,48958358,test
37052586,277164807,train
39413551,15226172,train
40535633,42429403,test
40655748,315313267,train
41336130,324844778,train
41666160,306361395,train
42291751,335081160,train
42390702,319616744,train
42456657,78640950,test
42467796,17560730,train
42707413,19874028,test
43397118,8167735,test
43398795,329293361,train
43695092,345229911,train
43728313,207832151,train
43977634,262026369,train
44020205,46252162,test
44308866,5068117,train
44518620,71320132,train
44902498,339715,train
45956372,372558343,train
29885004,11514668,train
41349499,2134465,test
29689103,19289434,train
4763327,24576978,train
6992973,5162530,train
42100726,333913247,test
6269608,32582256,train
8153240,10134825,train
8183112,37563411,test
9660635,1633246,train
9787590,50448556,test
9838145,5904463,train
16556211,109016966,train
18210106,10642483,train
20758205,94404356,train
21741106,64609445,test
22000376,135530716,train
23992091,109016966,train
32450788,183360807,train
36512873,337693208,test
37094209,385519345,test
37563342,385519345,test
37563932,385519345,test
37860830,8245652,train
37993547,385519345,test
38546708,385519345,test
38547165,385519345,test
38553206,358273459,train
38553463,385519345,test
38575482,385519345,test
38584270,385519345,test
38624335,385519345,test
38624439,385519345,test
38624988,385519345,test
38625166,385519345,test
38625308,385519345,test
39484126,17524733,train
39849765,385519345,test
39850284,385519345,test
40739293,385519345,test
42986899,358273459,train
47097490,385519345,test
47373389,385519345,test
47373597,385519345,test
1944891,861330,train
3322922,18566028,train
3944200,20438402,train
3946288,20438402,train
4069341,21105084,train
4121173,17249397,train
4388052,17783091,test
5077231,7021059,train
6714101,23490547,train
6853761,946943,train
7451145,918087,test
8665047,17074459,train
9030997,47139912,train
9350645,13031745,train
9387914,6753765,test
10021820,7655328,train
10568646,48170471,test
11675817,1534857,train
13346091,2571641,train
16987293,57455831,train
16987479,57455831,train
18527437,2266961,train
18570121,89331516,train
18616809,89331516,train
18794618,23490547,train
19845373,140293912,train
21407514,154842298,test
21410257,27636450,train
21814812,11984140,train
21835893,16356565,train
22151798,45553025,train
22213903,93039729,train
22454253,132883674,train
22681018,165898555,train
22687843,165898555,train
24947076,17344471,train
27551182,14727039,train
28635863,6332730,train
28964081,216586866,train
29902392,51746762,train
29964495,4980714,train
30018946,14482375,train
30231478,4982459,train
30855904,102763353,train
34356012,30686388,test
40183075,14727039,train
40346585,12821514,test
41048204,6997654,train
42619785,331277805,train
44680576,352830,train
46331952,368414381,train
26841647,201859106,train
2038278,10456845,test
2163602,11039974,train
9308016,1516920,train
9393134,3900279,train
9578848,20510488,train
10072750,51684417,train
10115792,48784045,train
10944845,56752163,train
12204161,6555513,test
12864193,29417940,train
13952269,12151986,train
17041225,1239078,train
18647180,7041731,train
20396246,57573249,train
22259472,49019705,train
29701465,10843764,train
30321542,8441265,train
30324051,91427536,test
34801761,49130598,train
43498999,66286,train
8281340,21628945,train
13479511,25168709,train
17223884,34008199,train
19415979,35285033,train
31924097,225011474,train
38698551,225011474,train
40130860,116695735,train
2695372,13795760,train
6449238,517772,train
6730056,7186661,train
9087285,34398769,test
9808151,30223110,train
14148988,4478946,train
21295182,91299100,train
27598172,19000768,train
29780863,6458347,train
30739988,103922915,train
30856384,13501779,train
30898965,11510329,train
33492744,19392723,test
33639841,191021802,test
34121944,17361902,test
41082583,26662589,test
1733157,9131167,train
1935175,239829,test
2057480,6145679,train
3849679,5369757,test
4462553,15778416,train
6610516,5753744,train
6799118,35590273,train
6812456,400240,train
7602426,18008678,train
8431906,44398705,train
8595349,6346333,test
9152932,4313126,train
9976190,46976876,train
10156290,342734,test
12022833,438593,train
13654347,23684,train
13745149,7377615,train
14899111,36435055,train
17152737,169758977,train
17297939,116695735,train
17900243,1481058,train
18213280,6726364,train
20045444,24559370,train
20085460,21594748,train
20698375,121809482,train
20726517,21531418,train
21979050,144857346,train
22191121,6963310,train
25187461,96712147,train
25783739,21507811,test
26304188,32543699,test
27110361,8731758,train
30466053,45731391,test
31220645,646563,train
35082332,248056954,train
35812955,127080012,test
37424915,26479712,train
38210489,144149004,train
38729283,26221730,train
1084328,5962196,test
2685701,1602568,train
3095119,15740819,test
3114929,14911623,test
6676383,34943122,test
7956593,5555793,test
8630560,33200173,train
8837432,41743945,train
9093358,8093077,train
9300634,15895218,train
9341671,350553,train
9343350,11824700,train
9549937,24170584,train
9770041,96598,train
11885997,17782625,train
13128747,10676792,train
14317785,10055751,train
18136478,22511613,test
20465477,60350045,test
21241316,19001556,train
21967336,1852207,test
21967378,11713422,train
22010163,790872,test
22089194,23909694,train
22394214,6757221,train
23781939,22866437,train
28343300,4492236,train
29124414,19864547,test
29331258,178826661,train
29485421,9503685,train
30143717,46068130,train
31057368,13143585,train
31978555,169758977,train
34870382,49906311,train
35087672,10549294,train
36979000,9131167,train
37207227,7215773,test
2368021,12098551,train
2743624,8511789,train
3718539,18987128,train
4204988,1162642,train
7094262,22625462,train
9074921,8163703,train
9219588,12864943,test
9334086,25402037,test
10592839,4745560,train
12362194,11039974,train
16155648,21877498,train
16439234,1877402,train
17149950,7616444,train
17317934,34386241,train
20758288,2739935,test
21458972,45697749,train
23072308,92192182,train
25055376,133658348,train
26522949,47151333,train
30759388,7389707,train
34858480,23046080,train
38392173,292461827,train
39028557,45971792,test
40889145,109853394,train
2243266,11457662,train
2432545,3053987,train
4350406,1717520,test
4739431,24236837,test
6713742,35149173,train
6869363,35997540,train
6880873,17475096,train
7257163,1467387,train
8320702,39047190,train
8964308,2968774,train
9153256,9787825,train
9237142,11013791,train
11373757,59616950,test
13209482,34386241,train
13754002,34075048,train
13960277,20518366,train
19430074,3600282,train
20173894,87988,train
21628640,259240,test
21753255,128142697,test
21922407,4389871,train
22206601,144857346,train
23884206,26921064,train
24657328,173373234,train
25294590,191066963,train
25515856,8304377,train
26370425,52529356,train
27810474,37820632,train
28606263,22154340,train
28992518,218526982,train
38097961,203565865,test
40965070,319053984,train
2909461,14864202,test
19914762,6219013,train
20460009,9589826,test
28431690,157703622,train
30567765,9334241,train
30901181,4297835,train
39277490,19528144,test
40950740,20971383,train
999977,5497326,test
1069287,5879729,train
1815099,9194806,train
2882666,6964353,train
3072242,3053987,train
3869762,8180517,train
3915042,9081271,test
4140622,21480710,test
4513084,23401472,train
5735447,4471002,train
5804451,13501779,train
7867805,41464907,train
8676240,27973696,test
9035181,15055897,train
9371173,6337128,test
9457917,49011283,train
9769817,50374022,train
10407723,814747,train
11321187,59215698,train
13026702,9455699,test
14556587,77001085,train
16442834,2422554,train
16628617,46068130,train
17070798,3143126,test
17381819,43682230,train
19170980,46317725,train
20216170,144017474,train
20943288,127726243,train
21313668,30426158,test
21344762,34867672,train
21684019,144017474,train
21737409,113121846,train
21959695,148100571,test
21978019,7650212,train
22009793,3893287,test
22843793,6762247,train
23630582,26557574,train
23959939,10606156,train
24955805,21911709,test
27805652,814747,train
31684570,48911266,train
32645984,6410979,train
33489978,252356839,train
34202304,97044757,train
34447510,16212805,train
34658339,34331,train
35328951,45378115,train
36474706,10186459,train
39836117,11359705,train
40618044,40157206,train
41230650,74944205,train
41662321,251126565,train
44645040,19392723,test
512022,2363574,train
647710,3248113,train
2139828,10919752,test
4189577,18199840,test
5707888,3780975,test
6277476,3764548,train
16869989,112420628,train
37250201,100426482,train
37553504,283322720,train
38720591,296079529,train
38822240,297187219,train
38839113,297358362,train
39556412,303929008,test
40178205,98719211,train
40194941,298110313,train
40300360,16504373,train
40670445,19393988,train
12705303,3836868,train
14771249,9176756,test
19697371,12058024,train
36870557,87308188,train
37800810,286081099,train
39489571,52656361,train
717582,3699733,train
1182186,357533,train
1923153,9965028,test
11552389,18002193,test
13895156,2609335,train
17793185,3803423,test
36031121,271069449,train
36221298,5288346,train
37288611,165064028,train
37386332,91007399,train
37532017,283451319,train
37538742,257889696,train
37992122,42140178,train
38161780,17925599,train
38986627,11968663,train
734749,3831783,test
1198874,3749996,train
6028165,31287099,train
6105779,406880,train
6902855,36176332,train
8902110,9997102,train
11343331,59381723,train
11685868,3792156,train
13881577,82155561,train
14818164,2125685,train
23625998,176780491,train
28250130,3768359,train
30925615,15586151,train
37294722,21203835,train
37718828,99532682,train
37744976,36614978,train
38161500,82124196,train
39791749,134319027,train
40262739,219881057,train
40365863,312009434,train
37198718,41325253,test
39503878,1918971,train
39885938,4227314,train
41047005,306974375,train
3544530,2972733,train
17759520,3726131,train
37332843,131178795,test
38428084,39245566,test
38510238,35390592,test
39035186,31788137,train
39384393,9228776,train
39554241,46600247,train
40349585,311868480,train
28520096,153171421,test
30955100,231304136,test
33608420,84732743,train
34981519,5622906,train
38456813,59169595,test
25205768,15560695,train
25834425,10387797,train
28108524,4096046,train
31301852,25455101,test
38153918,131886,train
38381709,1891078,train
39817538,266152296,train
40528622,17010910,test
40680826,171860536,train
4059794,11402749,train
4566571,3814458,train
4694179,3753306,train
7108992,3801047,test
8293802,3901962,train
9809458,3829864,train
20016975,55939980,train
24852797,8330049,train
36344347,119005168,train
37216694,4324105,test
37457512,6486250,test
37503226,283085325,train
38703473,70995022,train
38798075,296787187,train
39751479,59521180,train
39970936,73415493,train
40028534,43291263,train
40111031,70858872,test
40209953,49228517,train
40254550,310899081,test
40503118,8126206,test
40616073,1602951,train
40617954,314766638,test
40653345,29555083,train
40681791,55952214,train
40696853,6336719,train
40707042,1611632,train
40719651,20222164,train
40723112,46508703,train
40727902,166256159,train
41023464,68395509,train
40160247,55366375,train
40529935,4663765,train
43059353,69574191,train
47999255,385921107,train
48023894,385684221,train
12473632,67514590,train
16927533,3737986,train
21824420,22658012,test
30062040,225912165,train
37419826,137746976,train
37990112,69503147,train
39463294,303121613,train
40484385,94492921,train
40676498,2638379,train
40872906,5791953,train
41213862,17770510,train
41922284,331677019,train
42381143,337103567,train
43096559,213571897,train
45077261,288542725,train
15843543,8096412,train
22294260,122919892,train
35969221,270566877,train
39528497,12075958,train
40503640,313570467,train
40532496,2413233,train
40541734,30875201,train
40565703,8223529,train
40657516,21696747,test
40860721,24787358,train
40886497,30301198,train
40952752,3779326,train
41062634,108197310,train
41812786,9723297,test
42017846,129864892,train
42507431,28774044,train
42568289,104353777,train
42859992,3969570,train
43579378,5259026,train
43676856,57517734,train
43911773,190667643,train
44001842,36555587,test
45092503,130777278,train
46371212,23739892,train
46532662,199950765,train
46763106,374518555,train
46783605,374030873,test
46807577,374407235,test
47257298,381619014,train
47859846,16686407,train
48017641,56703245,train
48024680,2020152,train
649561,3260084,train
2814359,14383655,train
9773384,3816296,train
10857181,56235570,train
16377773,7292363,train
16883282,3827805,train
18182282,3749703,test
19313134,3792860,train
19768829,3792860,train
19780958,3757515,train
20047634,4435464,train
27394538,59315954,train
34361353,2921350,train
36112704,713116,test
36206001,2485019,train
36206655,177067211,train
36378818,3449848,test
36702060,19409609,train
36835163,2641526,train
37317411,229604812,train
37326028,280968606,train
38743857,219967454,train
38847859,4848041,train
38998867,16569168,test
39290142,7261331,train
39340742,302174650,train
39584086,98454738,test
39854821,9408841,train
39868510,487613,train
40134882,6761185,test
40256445,310907037,train
40660174,5256159,test
40692333,257348210,test
40860829,9160985,test
40918843,317192469,test
41029977,150748157,train
41196473,194737424,train
41433498,15053086,train
41833734,25699917,train
42151717,33472611,test
42206256,24222549,test
42326667,268802089,train
42706794,18569832,train
43077710,42749,train
43730511,349413488,train
43921107,16325157,train
44258559,54345639,train
44702152,152384999,train
45118266,10159388,test
45463065,40543952,test
46151722,51333517,test
46194406,160345801,train
46580991,136786947,train
46620203,14783950,train
46830353,3219752,train
47786992,6146579,train
47963598,384606099,train
47999244,9978225,train
9079335,3724325,train
14052740,18481271,train
40211098,13536599,train
573870,1385157,test
1961760,10051267,test
3352608,16916853,train
3868344,14902860,test
6595943,34113764,train
8759876,45595980,test
9541094,39162543,train
10165313,47554473,train
14976950,5162192,test
19591602,137522531,train
22370339,163576102,train
24713329,186791133,train
25812079,193963715,train
33765725,253690060,train
34937287,133996326,train
35231370,45595980,test
35772999,20049684,train
38057851,38068387,train
38549130,289948179,test
38628246,232396958,train
39153649,289948179,test
39366288,224489730,train
40794509,16916853,train
42062954,333386457,train
42137790,326036796,test
42418768,325158648,train
42584450,159598333,train
42668217,136208791,train
42758192,700224,train
43281623,343569213,test
43798470,286228252,test
44099467,247639303,train
44390552,276643129,test
44594353,193963715,train
44769471,1556814,test
45035819,38766272,train
45282181,148897644,test
45395998,47981603,train
45407436,342299367,train
45718587,330367162,train
46008926,343569213,test
46148022,286876480,train
46148327,286876480,train
46585096,128521953,test
46599753,374605622,train
46707460,238686010,test
46771171,28120099,train
46808596,374840176,test
47078080,26535250,test
47113801,137522531,train
47114416,137522531,train
47137477,137522531,train
47138967,137522531,train
47197046,137522531,train
47409093,330367162,train
47729497,51637918,train
47732128,198406576,train
47845560,137522531,train
47886230,137522531,train
47937603,137522531,train
47939354,137522531,train
47969529,384026145,test
3529500,14902860,test
9861323,50755667,train
13156126,5162192,test
21802684,137522531,train
22375827,5162192,test
35934018,270280544,train
38161114,289948179,test
39634396,5162192,test
40335468,279469957,test
41690476,24292811,train
45330145,366420933,train
45718442,330367162,train
45747325,289948179,test
266146,1385157,test
409262,1621363,train
1703506,706623,train
2194038,11189753,train
3642325,16916853,train
4501410,7648260,train
4798723,23982388,train
4808239,23982388,train
4813342,23982388,train
6255597,11189753,train
8682875,45595980,test
8741446,24597265,train
8864740,45595980,test
9007767,45595980,test
9232861,45595980,test
9546994,45595980,test
9547361,45595980,test
10488505,5162192,test
10812263,1639309,train
11183567,45595980,test
11434570,5162192,test
11452547,1621363,train
11695094,45595980,test
12598128,5162192,test
12598446,5162192,test
12778678,45595980,test
12852083,700224,train
13236366,3491890,train
13526398,45595980,test
13549713,3491890,train
13926702,3491890,train
14357698,3491890,train
15260962,26830685,train
17177726,700224,train
17512944,45595980,test
18041862,124142417,train
19034388,706623,train
19567443,50755667,train
22157675,1927555,train
24736254,14577537,train
28252786,296491,train
28610383,131085087,test
30104723,226201658,train
30531246,226201658,train
30764990,226201658,train
31311511,2749534,train
32492359,244082709,train
32523945,235252386,train
33085491,88497114,train
33907731,53621,train
34569454,260842282,test
35197500,121851703,train
36171755,247639303,train
36721166,46856603,test
36913011,45595980,test
37118998,279134055,train
37130342,29127683,train
38298583,121851703,train
39226095,105616582,train
39312932,28230559,test
40071211,286245853,train
40576966,314410176,test
41149728,322267830,train
41383774,154869920,test
41586680,312349731,test
42711821,328120040,train
42927825,314410176,test
42997858,314410176,test
43126400,1401526,test
43395424,25826752,train
43419006,288317621,train
43622236,238686010,test
44085758,353668375,train
46048266,2723138,train
10057826,47554473,train
11790047,62787599,train
11791673,62787599,train
17139266,4381778,train
23147603,12233355,train
25883016,56663545,train
31220603,1720151,train
38825947,47658174,train
39421106,302283311,train
40011270,52377121,train
40869207,183178516,train
41590843,47658174,train
41796832,161340726,train
42357974,125817047,train
42406076,230403448,train
42736392,126691775,train
43011517,140744254,train
43037659,242793278,test
43118667,302283311,train
43441415,260383367,test
43947542,351914727,train
44303374,357257077,train
44303746,89423293,train
44338373,127668319,train
44350115,62028227,train
45189372,329325483,train
45268111,39162543,train
45912795,143482205,test
45995484,236664287,train
46026077,90954784,train
46280436,1720151,train
46280437,1720151,train
46542911,305537389,train
46749300,25826752,train
46959805,374576242,train
47004464,379993600,train
47197734,162432069,train
47237754,212947024,train
47337463,282625150,train
47403723,326708037,train
47779898,24591977,train
47914068,233042910,test
47966591,350871958,test
47970551,384609193,train
47987988,66072017,train
13940091,61649970,test
21356244,146000975,train
29857392,61649970,test
30415541,33320745,test
31570962,81636631,train
32915763,247644516,train
34339330,250689404,test
35186404,264966630,train
37123354,279200364,train
37132673,65671256,train
37462923,282625150,train
37724126,66194217,test
38260628,153942159,train
39488352,302786557,train
39752892,305537389,train
40405567,17266994,train
40793318,158458681,train
40793629,158458681,train
40797782,158458681,train
42669255,339927331,train
42975689,33320745,test
43044085,33320745,test
43289906,33320745,test
43386410,345119391,train
43536521,346227065,test
43749311,349608221,train
44575173,305537389,train
45317570,366303772,test
45527090,368570321,train
45651157,131962959,train
45913760,302283311,train
45994826,278664795,train
46027260,302283311,train
46155562,30351086,train
46403913,348798717,train
46961693,379096117,train
47073835,51637918,train
294490,417504,train
2496301,4142684,train
6237974,25689357,train
9767424,50364039,test
9809784,3976298,test
9844805,1761447,train
10035471,47554473,train
10038170,47554473,train
10085478,47554473,train
10174662,40640586,train
10733505,45005719,train
13495558,7539044,train
16428383,45247495,train
17261922,116365995,train
18929564,6271674,train
20325974,95999344,test
21877805,159592932,train
22076359,161268152,test
24460450,112843970,train
24984762,1752434,test
27988211,138203985,train
29858941,216456504,train
30046573,3896863,train
31075172,50364039,test
31173740,233025597,train
32304108,152114575,train
32545827,129581090,test
32784434,246331794,test
34477538,50364039,test
34886485,14818218,test
35025129,312722,train
35883107,269215864,test
36000233,200414521,train
38187783,2233822,train
38286609,253354074,train
38496782,135710202,train
38751409,296345288,train
38778580,296345288,train
38779228,296345288,train
39003408,297249042,train
39005916,15617507,train
39031849,299111044,train
39364483,302365102,train
40040224,135710202,train
40596304,314348516,train
41431376,325949990,train
41911172,331408793,test
41959247,277413518,train
41959882,332058136,train
42023090,333026020,test
42438973,1171497,train
42474917,58237695,train
42542307,334611519,test
42693878,82277,train
42913604,82277,train
43032925,140138765,train
43044144,13667779,train
43544781,5695874,train
44857436,334611519,test
45087490,39162543,train
45191899,364985393,test
45236221,152114575,train
45295952,54677106,train
45407980,92588965,train
45408614,63949298,train
45531530,341913604,test
45618398,369403022,train
45843921,371663349,train
46068908,373045727,train
46176278,374081944,train
46195125,56764202,train
46550692,376444819,train
46597364,31431421,train
47006813,8818855,train
460036,2287727,train
817355,4293110,test
1203812,6575712,train
1835367,7245581,test
3469171,1499484,train
3554285,2120259,test
9731134,29877911,train
11091309,7775937,train
11910742,62745867,train
14708459,35375,test
15857823,62745867,train
18716602,62734,test
19969013,71841088,train
19970764,22129776,train
21136851,5760970,train
21943567,16855791,train
22480137,48088611,train
23202549,152595606,train
23668732,177174475,train
23668735,177174475,train
23668738,177174475,train
23668745,177174475,train
23946797,65059624,train
23957636,19640594,train
25313204,8792814,train
25713118,19979360,train
26247578,22129776,train
26253785,177174475,train
27526997,310670,train
30937596,219517861,test
30937756,219517861,test
32568567,219517861,test
32590674,219517861,test
33971170,45404393,train
34116613,219517861,test
34204602,219517861,test
34206567,244340,test
34208508,219517861,test
34214603,219517861,test
34250079,5317044,train
35487942,1616218,test
35636466,101076625,train
36359662,310670,train
37161032,361008,train
38411561,204773816,train
38480777,219517861,test
38486378,219517861,test
38674685,219517861,test
39105956,8255336,train
39627727,219517861,test
40033880,4181378,test
40699451,97266110,train
40869871,219517861,test
41179503,167270001,train
41480983,126304003,train
41645034,219517861,test
43302175,3279858,train
43909578,7486327,train
44192923,350804501,test
44506958,348619646,train
44606972,82343284,train
44666838,333057838,train
45262467,348619646,train
45262582,348619646,train
45270904,348619646,train
45436786,3967866,train
45629057,304324706,train
45630118,48088611,train
45630787,159457,train
45952819,797100,test
46154045,2860377,train
46169618,159457,train
46179990,284603393,test
46192115,15618575,train
46319349,156571850,train
46359841,74112256,train
46430032,6114916,train
46436583,348619646,train
46511781,8815907,test
46583065,111355673,train
46751044,348619646,train
46839999,6562938,train
46895295,568224,train
46923485,8494773,train
47051919,348619646,train
47123885,1103131,test
47353265,2120259,test
47584587,348619646,train
47761307,348619646,train
47788987,18582746,train
47866275,8242397,train
47905172,3280294,test
48030596,348619646,train
2932263,9503874,train
4402117,22780462,train
8303074,5499953,train
9737840,40169737,train
20679666,22129776,train
22374967,48088611,train
23668741,177174475,train
25308697,15807180,train
27705293,12104046,train
35380648,266346965,train
37250526,145252418,train
39930973,292644471,train
42001164,154385604,train
42142497,310588090,train
44101621,253350246,train
44505052,348619646,train
44848837,348619646,train
45270476,348619646,train
45337948,177174475,train
63610,310670,train
328744,890215,train
2694274,13788158,train
4891701,25168888,train
4963511,310670,train
13100726,1215853,train
14914739,93699493,train
16381008,107296819,train
20455204,4241953,train
21257726,2082420,train
21461282,23091281,train
21948309,76828578,train
23668737,177174475,train
23684864,13788158,train
27195600,204773816,train
27637065,13462855,train
29039647,143052745,train
29700761,1784096,train
30181945,219517861,test
31560811,5178818,train
32185458,66993395,train
34255449,779474,train
36553349,273547720,train
36670737,274841361,test
45270114,348619646,train
45672204,198716390,train
47235176,103841276,test
465706,718349,train
657727,3315563,train
4651354,24020050,train
6635179,3173147,train
8108376,42814202,train
8173609,43137812,train
8420870,44350279,train
8423636,31230100,train
8813306,4385138,train
13397316,54454582,train
17463059,116889152,train
18022636,208565,test
23668746,177174475,train
25346963,51601657,train
38293433,21902316,train
39029925,97153052,train
39368762,544721,train
43327284,345008086,train
43376843,345092851,train
43731306,348619646,train
44154139,49293531,train
44311458,348877785,train
44974727,3279858,train
46012353,221418152,train
540057,2653648,train
855462,4469832,train
1112407,6105036,test
1935302,10008086,train
4053517,3967335,train
4271059,208565,test
4294546,13402436,train
5362041,27796188,train
6019386,31245355,train
8343222,43977828,train
11187722,2772230,train
13711439,80068221,train
14472272,8792814,train
21769638,82119233,test
21896537,50072658,train
23292216,173406651,train
28941290,1540188,test
29824343,29279378,train
31129115,1499484,train
31413351,33614329,train
37096663,4183061,train
37856504,6250141,train
39059690,51857469,train
42151482,44152990,train
42979372,7017243,test
43342785,345090362,train
43459172,345817312,train
43541622,346413618,train
43551177,346109529,train
44303878,195521889,train
44320456,348619646,train
44474349,187536544,train
44711827,2293050,train
45270317,348619646,train
45532014,263882,train
45863171,16726258,train
45923177,156741231,train
46547485,348619646,train
46620913,43446934,test
4297952,22305520,test
9152795,1443812,train
16402746,107462006,train
18769652,1890427,test
32845010,139238261,train
33780071,55782090,train
34217313,219517861,test
37549695,7956821,train
37603463,139238261,train
38356103,3310189,train
38404770,219517861,test
41450513,142969143,train
41722316,104522695,test
42385680,337214356,train
42490046,57655724,train
43391087,283741531,train
43495869,346884245,train
44594337,348619646,train
44646411,19252279,train
45119005,146785675,train
45261830,348619646,train
45261941,348619646,train
45535863,231469174,train
45670010,74178500,train
45698680,104193014,train
46678164,2120259,test
46985966,2120259,test
66275,314941,train
226021,815977,train
645942,3235547,train
747538,2293050,train
1382158,7458733,train
1740311,9162713,train
3384720,17076357,train
4467771,23178728,train
4644914,17844434,train
4807244,24761711,train
4978241,271527,train
5509771,1098902,train
5979675,7039396,train
6269517,9524360,train
7679943,40332331,train
7951281,292522,test
8381953,44171084,train
8924966,27502041,test
8989320,15105912,train
9227929,2807798,train
9271742,2801328,train
9578325,1407251,train
9935888,28565101,test
10423846,24796157,train
12568741,68145886,test
12811459,69852641,train
12814578,40332331,train
13466842,77011788,test
14994076,310670,train
16302869,27951037,test
16898313,4185119,train
18227529,21940966,train
18499050,351465,train
18852245,835019,train
20193830,1294005,train
20194954,13462855,train
21566909,4058709,train
21882745,22225590,train
23322944,173686472,train
23626598,116839989,train
23979686,3894475,train
25743841,1303459,train
26655705,24195130,train
28138470,42085952,test
28339188,22129776,train
29431457,146363617,train
30507545,201447930,train
30511301,13888249,train
30938527,69706365,test
33134312,77011788,test
33772379,252797307,train
34690202,231858639,train
35181903,264934283,train
35183293,264934283,train
35229243,265246760,train
36280357,49037454,train
37571312,14503602,test
37755577,212225325,train
38817916,11577427,train
39227915,299732232,test
39478540,1466713,train
41023393,3187466,train
41984853,45677054,train
42670969,57655724,train
43170046,173857407,train
43387571,311393048,test
43605445,22369387,train
43831018,7478124,train
44068210,6166371,train
44191733,91744364,train
44279916,156741231,train
44391047,286692428,train
44572083,147689604,train
44645950,305569545,train
44665201,2120259,test
44804027,362346111,train
45163485,364737013,train
45224909,348619646,train
45244829,314325074,test
45412133,216793414,train
45470310,10213196,train
45620121,97266110,train
45709602,1558222,train
45988097,372788555,train
46419316,348619646,train
46679010,8242397,train
5175054,22305520,test
12205604,19866189,train
15268654,67213712,train
23344243,62745867,train
23820465,116839989,train
29054576,30895980,train
29082508,8119708,test
34907479,26597048,train
40779903,38647230,test
41175544,45143217,train
43115243,99643776,train
43860871,100112994,train
44402235,2765157,train
46369479,573868,test
25235,87773,train
292800,1515730,test
739239,15145088,train
739242,15145088,train
784024,4134356,test
993514,15145088,train
993575,15145088,train
1030392,216191,train
1220548,2050338,train
1256768,1537501,train
2137796,10909829,test
2478825,2935265,train
2862900,3716641,train
3200522,1369577,train
3210405,16266298,test
3270809,14289427,test
3783016,3716641,train
4033422,20911928,train
4440751,3716641,train
4550494,785283,train
5085803,23772724,train
5269840,27277459,train
5627418,13451939,train
6069703,17958459,train
6476242,33833944,train
6607833,570850,train
6660511,34861715,train
6726337,21444167,train
6749285,4195861,train
7441587,8013853,test
7837952,2610233,train
9004969,47022650,train
9476774,15145088,train
9994304,47022650,train
10212685,42413378,train
10357730,16823940,test
10646179,6050234,train
10924304,25461543,train
11656396,6392776,train
12114040,17770287,train
12542485,17770287,train
12807447,42413378,train
13361613,8961407,train
14566213,39143718,train
14692459,23772724,train
14988134,141914,test
15509545,99643776,train
15845669,21444167,train
16331234,3952200,train
16916191,61127125,test
17447150,15145088,train
19138221,25720293,train
19618958,7737249,train
19659874,41578662,train
21476597,473063,train
21786780,8905097,train
22205284,5853457,train
22483585,17129810,train
22485658,806010,train
23202385,152595606,train
23519107,4089511,train
23633288,16805656,train
24000498,41414774,train
25292820,52087142,test
25348299,8013853,test
26297631,1409262,test
27106749,25720293,train
27924639,11305944,train
28972637,2802223,train
29541214,47022650,train
30355532,137358866,train
30476455,1609077,train
34059931,15145088,train
34641120,8033432,train
34910628,5053863,train
34964173,342486,train
36267023,10002937,train
37653631,33833944,train
37877075,295239,train
37957355,18065375,train
38236463,17056215,test
38457783,6416286,train
38908592,142352236,train
39206818,6742393,train
39559324,4231401,train
39646352,33833944,train
39994061,3311928,test
40900757,5188582,train
40912943,1192769,train
42399499,4422415,train
42473749,17944053,train
42536507,338801033,train
42539530,801209,train
43714634,289996159,train
44744365,269281280,train
45077207,2182379,test
45171554,282117269,train
45301291,1831089,train
45783672,14296610,train
46548756,2172367,train
532288,683230,train
557949,2737711,train
2359340,3793026,train
2637014,13503154,train
3100156,1906150,test
3288496,3716641,train
4408381,263500,test
5070183,12306481,train
5199439,23772724,train
5353312,23772724,train
5944801,27796188,train
6507084,23772724,train
7090264,10285950,test
11043970,914838,train
11989954,35253342,train
13451811,23091281,train
17512277,17770287,train
17520324,114463720,train
20407916,114463720,train
25997937,57257950,train
28626699,202818204,train
30905035,221418152,train
35384734,266380288,train
38291768,683230,train
42735065,23772724,train
993576,15145088,train
2716889,13503154,train
3089577,15636404,train
3626699,12306481,train
3738815,17770287,train
4594389,23772724,train
20874372,3905466,train
33269219,101982307,test
291714,1321504,train
1049224,1740216,train
1102942,6057624,train
1200359,6556716,train
2487807,10355206,train
3866888,17770287,train
4096470,4065620,train
4278084,17770287,train
5840936,16245414,train
5986444,914838,train
6477558,17770287,train
9941890,793833,train
11477920,23183510,train
12723066,17770287,train
13091684,17770287,train
15124396,23772724,train
17511694,17770287,train
17512466,17770287,train
22911635,80479138,train
23819961,791011,train
25997748,57257950,train
29333400,331328,train
29351570,1810885,train
34399801,21040187,train
37351667,16176030,train
38542488,83786650,train
40201026,52087142,test
40327936,232542489,train
41889234,227715095,train
42242701,942550,train
42639946,339692248,train
42667258,1401835,test
42717201,23619829,test
42735424,23772724,train
42735863,23772724,train
43564916,2782,train
43749317,186785455,train
43857025,3102203,train
44267714,13878635,train
44423947,4173726,test
44459789,800223,train
44847327,290194004,train
45112941,364334420,train
45421986,86837447,train
45501317,64433748,test
45591312,137358866,train
45598232,137358866,train
45599852,137358866,train
45617330,137358866,train
45626554,137358866,train
45633763,43431319,test
45640535,137358866,train
45825672,5803740,train
45880961,7591232,test
45930596,292204,train
46139599,66080577,train
46192594,103035237,test
46274206,20172814,train
46332020,292204,train
46549492,33833944,train
46704948,37083414,test
46791059,54861276,train
47177982,23530841,train
47226053,16221834,train
47596312,66952005,test
47892276,9293730,train
47996705,9293730,train
22370388,107434423,test
23538486,107434423,test
25823670,107434423,test
26982403,107434423,test
28329243,107434423,test
29225417,107434423,test
30006962,107434423,test
30201476,107434423,test
30387132,107434423,test
30387351,107434423,test
30387377,107434423,test
30387425,107434423,test
30387566,107434423,test
30387820,107434423,test
30387838,107434423,test
30389147,107434423,test
30389192,107434423,test
30389263,107434423,test
30389559,107434423,test
30392649,107434423,test
30392930,107434423,test
30393171,107434423,test
30393377,107434423,test
30393609,107434423,test
30393998,107434423,test
30394018,107434423,test
30394071,107434423,test
30394133,107434423,test
30394155,107434423,test
30421561,107434423,test
30842262,107434423,test
36404684,107434423,test
39940774,107434423,test
41997469,107434423,test
42404572,107434423,test
42938323,107434423,test
44261171,107434423,test
46186952,107434423,test
46498576,107434423,test
30387280,107434423,test
30387983,107434423,test
30393286,107434423,test
30393555,107434423,test
30393944,107434423,test
31084737,107434423,test
32306605,107434423,test
32926087,107434423,test
34169395,107434423,test
34593016,107434423,test
34593055,107434423,test
36404568,107434423,test
36501387,107434423,test
39191142,107434423,test
39877834,107434423,test
39877934,107434423,test
39878204,107434423,test
39878242,107434423,test
40047091,107434423,test
40215699,107434423,test
41257755,107434423,test
41997496,107434423,test
42404707,107434423,test
42704243,107434423,test
42757190,107434423,test
43888356,107434423,test
45340304,107434423,test
45396954,107434423,test
46113778,107434423,test
46186898,107434423,test
46211796,107434423,test
46480002,107434423,test
46480144,107434423,test
46542631,107434423,test
46720587,107434423,test
46887704,107434423,test
47169602,107434423,test
47210461,107434423,test
24960138,107434423,test
28684892,107434423,test
30387648,107434423,test
30387916,107434423,test
30388333,107434423,test
30388528,107434423,test
30388552,107434423,test
30388999,107434423,test
30389026,107434423,test
30389441,107434423,test
30392780,107434423,test
30392834,107434423,test
30392909,107434423,test
30393018,107434423,test
30393638,107434423,test
30393759,107434423,test
30393882,107434423,test
30393896,107434423,test
30394223,107434423,test
30394340,107434423,test
30394403,107434423,test
30736279,107434423,test
31038331,107434423,test
31435773,107434423,test
31549470,107434423,test
31794109,107434423,test
32234674,107434423,test
32347796,107434423,test
32856048,107434423,test
33656304,107434423,test
34136999,107434423,test
34138042,107434423,test
34384911,107434423,test
36315759,107434423,test
36315828,107434423,test
36753879,107434423,test
37585659,107434423,test
41997533,107434423,test
42868646,107434423,test
44427107,107434423,test
45341673,107434423,test
45420463,107434423,test
46232863,107434423,test
46480127,107434423,test
47042546,107434423,test
47210401,107434423,test
20845031,107434423,test
23264421,107434423,test
24535218,107434423,test
28849818,107434423,test
29327591,107434423,test
29331191,107434423,test
30006770,107434423,test
30031616,107434423,test
30033284,107434423,test
30369889,107434423,test
30387064,107434423,test
30387196,107434423,test
30387218,107434423,test
30387263,107434423,test
30387445,107434423,test
30387469,107434423,test
30387495,107434423,test
30387553,107434423,test
30387788,107434423,test
30387856,107434423,test
30387885,107434423,test
30388011,107434423,test
30388079,107434423,test
30388225,107434423,test
30388313,107434423,test
30388449,107434423,test
30388587,107434423,test
30388750,107434423,test
30388944,107434423,test
30388972,107434423,test
30389066,107434423,test
30389280,107434423,test
30392543,107434423,test
30392677,107434423,test
30392806,107434423,test
30392874,107434423,test
30392986,107434423,test
30393045,107434423,test
30393194,107434423,test
30393322,107434423,test
30393414,107434423,test
30393497,107434423,test
30393583,107434423,test
30393689,107434423,test
30393778,107434423,test
30394053,107434423,test
30394203,107434423,test
30394274,107434423,test
30394380,107434423,test
30394467,107434423,test
30394494,107434423,test
30394541,107434423,test
30394622,107434423,test
31038347,107434423,test
31584089,107434423,test
31726939,107434423,test
32347622,107434423,test
32926070,107434423,test
33038567,107434423,test
33656120,107434423,test
34138100,107434423,test
34306772,107434423,test
34306827,107434423,test
34309557,107434423,test
34592979,107434423,test
36315612,107434423,test
37138983,107434423,test
37272016,107434423,test
37285128,107434423,test
37486328,107434423,test
37486474,107434423,test
37588246,107434423,test
38831666,107434423,test
39243894,107434423,test
39356820,107434423,test
39440380,107434423,test
39877965,107434423,test
39878031,107434423,test
39878065,107434423,test
39878087,107434423,test
39878121,107434423,test
39878157,107434423,test
39940831,107434423,test
40247800,107434423,test
40721922,107434423,test
41190461,107434423,test
41609145,107434423,test
41997418,107434423,test
41997438,107434423,test
42404526,107434423,test
42404625,107434423,test
42404665,107434423,test
42581407,107434423,test
42757274,107434423,test
42757436,107434423,test
42806766,107434423,test
42868661,107434423,test
43354556,107434423,test
43838271,107434423,test
44261110,107434423,test
44261128,107434423,test
44261202,107434423,test
45344367,107434423,test
45345628,107434423,test
45409765,107434423,test
45427869,107434423,test
46113799,107434423,test
46113818,107434423,test
46113841,107434423,test
46186886,107434423,test
46211821,107434423,test
46480260,107434423,test
46540733,107434423,test
46540786,107434423,test
46542654,107434423,test
46610764,107434423,test
46667674,107434423,test
46667694,107434423,test
46667739,107434423,test
46887738,107434423,test
47042470,107434423,test
47042494,107434423,test
47042517,107434423,test
47169578,107434423,test
47210471,107434423,test
47214900,107434423,test
47230196,107434423,test
30389115,107434423,test
30394518,107434423,test
31871475,107434423,test
32399523,107434423,test
33607399,107434423,test
21094894,11855071,train
42389679,285523117,train
44233789,27109516,train
42717193,335966370,train
30794857,5047156,train
41591285,316524532,test
42966348,296353622,test
43457355,4401257,train
44631955,17070752,train
46636553,295298572,train
2461439,12586492,test
3768726,17770967,train
5719742,87105,train
6611547,34595916,train
11981509,25237492,train
19251668,37072479,train
21983547,12128527,train
30156908,27636707,train
31150305,2928701,test
32661706,139306955,train
33734483,27636707,train
39749681,113723310,train
42982910,296353622,test
18092438,17428203,train
34994129,113723310,train
35683483,5309160,train
35966671,53610697,train
36025111,223374565,train
38647327,12128527,train
39314886,33529126,train
41594141,316524532,test
42197478,334703623,train
42223726,223374565,train
42243006,319061072,train
42289444,319061072,train
42289487,319061072,train
42289524,319061072,train
42294096,334703623,train
42294493,334703623,train
42294687,334703623,train
42365407,16178420,train
42989701,5600259,train
43103808,79720116,train
44147199,197735457,test
44558450,341867251,train
45528808,59497908,train
45722884,293238741,train
45740637,35518207,train
45756971,25511775,train
45781965,113723310,train
46115871,796366,train
46221774,7009106,train
46332413,30739576,train
46486292,68249711,train
46873173,37072479,train
46893994,31271147,train
46920641,316232747,train
46985867,366413815,train
47088866,97123656,train
47267003,41658748,train
47350568,251893318,train
47356067,131647128,train
47411668,293107660,train
47512919,359526434,test
47701566,359526434,test
47717911,312449013,test
47728714,384532776,train
47730047,727585,train
47889158,384532776,train
47962474,4601948,test
47967050,10152231,train
48033101,251455701,train
44475869,359499038,train
6985888,25237492,train
11544577,25237492,train
14933521,93020402,train
15160268,43194795,train
20153406,56784103,train
24083340,13460416,train
29680716,223374565,train
36108534,113723310,train
40816990,62103688,train
41611464,312923422,train
45823804,43685998,train
46376384,365620720,train
180201,863303,train
10319730,5623834,train
32244701,241985900,train
36379279,273519401,train
36596438,1982268,train
41499398,137605130,train
42926459,287993031,test
44572773,57124037,train
45649862,91529439,train
23541451,5047156,train
42289549,319061072,train
10540876,10125401,test
3655367,18495460,test
13827959,27615247,train
15787042,33626735,train
21120547,152331348,test
3486103,3841446,train
9473889,49101398,test
12932186,3718821,test
26501791,199315923,train
28867577,216734225,train
29535295,619942,test
42414332,29525065,train
46833665,43654009,train
46898862,378802243,train
60680,292630,train
74073,211877,train
433414,287733,train
647520,3245431,test
5541897,25237492,train
6972089,25237492,train
11966139,29084038,train
18175887,1720802,train
21217074,145825873,train
21230688,145825873,train
29828445,19370447,test
35868549,113723310,train
38135862,287131759,train
39202521,7483317,train
39749416,113723310,train
42202244,335093751,train
42655702,113723310,train
44801335,361814116,train
45137878,364508104,test
46297851,6111084,test
46376976,365620720,train
47515294,114883980,train
4350273,313300,train
45543201,78659736,train
341525,1732559,train
4905248,25237492,train
11020169,57165692,test
34993824,113723310,train
36210670,272342845,train
37053079,12123995,train
37082796,278922843,test
38097887,113723310,train
38753809,295298572,train
43139227,343430905,train
8480087,44660079,train
23664916,8993896,train
24514490,258674,train
32016639,7964926,train
33491707,252372862,train
35711228,4210130,train
35783522,34004724,train
46340227,375073900,train
17122054,115057851,train
23436576,174816758,test
39174155,300546461,train
2373238,12123995,train
13125552,20109188,train
13397762,20167238,train
13962117,9856492,train
21011039,120567225,train
40203774,274584744,train
45773311,194927513,test
3654511,15784,train
6972192,25237492,train
14415799,48113730,test
15648008,18727732,train
21983362,18495460,test
22376093,24273714,test
34017965,49101398,test
34971449,113723310,train
40253255,132777237,train
40655194,278285656,test
40757842,316524532,test
42207141,319061072,train
43003043,287993031,test
47020052,274584744,train
40870831,12743691,train
44289364,290568336,train
45432388,7913904,train
46351532,375039363,train
46420715,375216818,train
46435201,375148228,train
47139892,37583303,train
34748987,8305133,train
40039476,90415527,train
41586630,1567562,train
43868779,7631723,train
44443829,3202210,train
44595060,346824213,train
44800276,361034257,test
45104635,84799409,train
45399280,7068140,test
45505206,367954857,train
45669071,369136193,test
46346516,12679657,test
46380639,65979492,train
46413038,23634203,train
47079353,180292794,train
47513552,9141890,train
3848431,19839188,train
9576812,4562182,train
10154444,1260413,train
13370393,13373889,train
20494672,71097702,train
21996542,11951403,train
25689024,127345864,train
28162058,4562182,train
29534664,100106209,train
34336812,259229690,test
34361793,259229690,test
34364713,259229690,test
34365445,259229690,test
34419439,189421403,train
35860626,53648985,train
38021769,288477095,train
38722994,296099105,train
39072592,207773633,train
39606161,261467487,test
39903508,307362200,test
41827333,330366896,test
42495508,338412156,train
42871724,338412156,train
42912675,308295004,test
43197566,338412156,train
44412244,357477821,train
44476787,359526434,test
44642626,105859084,train
45235196,35438359,train
45723636,127847762,test
45772997,371089001,train
45844585,194142632,train
45906774,183507429,train
45991234,293534030,train
46367760,374273773,train
46438152,374518432,train
46461933,293238741,train
46475173,28915396,test
46625288,376905135,train
46796171,293107660,train
46943882,194588972,train
46987773,97123656,train
47081412,380513284,test
47173334,194588972,train
47408801,330366896,test
47444639,380513284,test
47743265,245570595,train
47815445,378371112,train
1731365,7379093,train
3426233,17272284,train
3542523,747031,train
4902497,25237492,train
4905118,25237492,train
4921548,25237492,train
5033691,25237492,train
5054072,25237492,train
5081207,25237492,train
5409607,25237492,train
6018325,25237492,train
6929738,25237492,train
6970372,25237492,train
6971141,25237492,train
6971348,25237492,train
6971639,25237492,train
6971750,25237492,train
6971871,25237492,train
12052609,44332076,train
14616377,83523066,train
16496424,22919533,test
16506016,12145783,train
17431995,117932348,train
17940041,128276022,train
18108648,10194688,train
18396197,23722638,test
19054163,133004690,train
20912594,12123995,train
21200585,9628990,train
21399885,96664487,train
22076961,23254491,test
22770827,19962052,train
23525066,45239300,train
24833117,7834073,train
25742022,4952591,train
28313785,30145223,train
28464787,25237492,train
28820641,130562125,train
31710815,28022335,test
32284162,6960621,train
32724046,4726371,train
33155194,34014150,train
34866786,113723310,train
34868859,113723310,train
34895585,105634248,train
34993569,113723310,train
36077537,10287553,train
36612306,275206011,train
37017425,278312063,train
37495336,113723310,train
37684099,270538792,train
39554590,48345272,train
40160578,15912749,train
40206021,113723310,train
40515379,122679380,train
41873124,131647128,train
41888195,330408656,train
42035259,131647128,train
42082740,113723310,train
42294377,334703623,train
42533974,338777075,train
42602038,113723310,train
42738424,113723310,train
42878514,113723310,train
42888442,113723310,train
43595974,2598844,train
43622057,5886544,train
43764111,96346005,test
44264929,15478425,train
44324396,262582989,train
44447690,342783675,train
44448111,342783675,train
44586203,24907127,train
44899037,362433699,train
44936827,362615913,test
45070596,362635506,train
45114300,2598844,train
45139678,34409017,train
45311674,946672,test
45448394,21380766,train
45726160,22608145,test
45749464,370385168,train
45767160,48345272,train
45914075,42492299,train
46765701,377934109,train
46827277,161562842,train
46850986,376143855,train
46894756,288121891,train
46986241,8480652,train
47219174,55535568,train
47330117,330408656,train
47356487,131647128,train
47411878,105634248,train
47425284,382848645,train
47451616,25454304,train
983625,4548229,train
5034136,25237492,train
5418312,25237492,train
6033449,25237492,train
6276574,7483317,train
6970776,25237492,train
6985434,25237492,train
9184124,47784768,test
10946644,18495460,test
11543453,25237492,train
14529806,4548229,train
14628080,4548229,train
14874152,93224650,test
15129261,25237492,train
17630130,27068056,train
17908331,4601948,test
21264903,145825873,train
22057103,14290739,train
25055293,189421403,train
26135659,96664487,train
31165085,10533381,test
31216852,15010630,train
33743082,619942,test
34272580,4521174,train
34926055,113723310,train
34974103,113723310,train
34976037,113723310,train
35000464,113723310,train
35005373,113723310,train
35025921,113723310,train
35349073,96664487,train
35715072,482816,train
35867138,113723310,train
36109805,113723310,train
36488148,45364265,train
36762958,67587078,train
36974600,206531358,train
37576758,132777237,train
37716918,258003068,train
38498915,55223948,train
38645958,5943456,train
38667652,11013512,train
38750718,7410888,train
38845103,113723310,train
38975498,120957439,test
39386362,83938323,train
40167967,287354340,train
40345720,25431451,train
40492496,75248463,train
41523891,179784266,train
41832277,330366896,test
41872227,131647128,train
41993863,2412007,test
42196417,334703623,train
42643993,230705060,train
42925816,287993031,test
43002696,287993031,test
43002941,287993031,test
43239496,1119209,train
43342124,858366,train
44427000,358356356,train
44427474,358356356,train
44427665,358356356,train
44461963,143516082,test
44505444,3793540,train
44749327,334780877,train
45328203,365280067,test
45413435,68335750,train
45495399,48345272,train
45688140,6187202,train
45720585,19573940,train
45949040,262186227,train
46110116,63063179,train
46137673,371701671,train
46309186,245111110,train
46361294,271249923,train
46398709,375451243,train
46521818,374444658,train
46551529,171051361,train
46797959,293107660,train
46892641,127964,train
46895300,288121891,train
46967417,330366896,test
46989406,251455701,train
47044206,375213763,train
47180207,30806130,train
47330246,330408656,train
47330530,330408656,train
47356280,131647128,train
47408905,330366896,test
47409543,330408656,train
47770897,359526434,test
47849424,194142632,train
47992175,234079252,train
48024678,385091169,test
718761,216191,train
844319,683027,train
850517,254846,train
1755844,2715012,train
2917698,263500,test
3533180,254846,train
4720719,19924780,train
8541991,27615247,train
9919728,50997424,train
9920363,50997424,train
12346131,23732730,train
13990841,83523066,train
17605478,119155499,train
19284253,17770287,train
19362649,101657794,train
19590209,137522531,train
27369599,45241930,train
32562943,123745971,train
36911220,73944266,train
38179087,73944266,train
38236832,48005494,train
38958327,48005494,train
39968887,48005494,train
40236060,48005494,train
41497420,326709817,test
41980825,48005494,train
45504644,25226604,train
1937226,8826175,train
14730708,836168,train
15393322,3002077,train
27579844,100238132,train
38958253,48005494,train
39321794,204934807,train
41379802,59015190,train
43939199,3307004,train
45275308,175583687,train
812057,4065620,train
2611458,13373889,train
3185829,16151285,train
3953314,295128,train
9156676,43825074,train
9844047,29241227,train
10546254,54378184,train
17876530,11305944,train
23139647,11305944,train
27088022,115827173,train
29885196,3393434,test
30020439,3393434,test
32563657,123745971,train
36691307,10981379,train
38641232,5637358,train
40872606,318197229,train
45359389,557034,train
174966,836168,train
671402,113919,train
4081707,4792032,train
4299536,17164818,train
4452723,2050338,train
5046189,23732730,train
5649623,836168,train
6730582,32220047,train
11775179,49950511,train
12389574,42329946,test
17382091,115827173,train
19873282,114238471,train
20916679,9215509,test
21429062,122044489,train
21750219,114008316,test
26224538,53621,train
28127126,3191371,train
31929437,183886601,train
32381165,499896,train
35352171,10664416,train
37240184,48005494,train
38236769,48005494,train
38645543,121370311,test
42532821,302903408,test
44245526,10008232,train
2863589,3716641,train
3783021,3716641,train
5116726,7203997,test
11788559,4284154,train
13373898,8961407,train
23195752,5162192,test
41982899,48005494,train
110739,568568,train
1334793,671579,train
3236977,11494077,train
3852261,19866189,train
8992894,46973966,test
11732848,292522,test
18159825,23187808,train
22985354,4181378,test
23090887,116365995,train
23247442,499896,train
24370001,8961407,train
35038031,71082276,train
35998531,9484127,test
36792660,127307,test
36998345,278161659,train
707396,3636235,train
7887966,119441,test
16242451,5650457,train
19344750,80292073,train
24020883,180781689,train
24043603,4181378,test
37837206,45314325,train
664047,836168,train
1569396,8111912,train
2716009,3964453,train
4471513,3740730,train
5616298,836168,train
7774182,40895328,train
7800835,11549078,test
7823495,11898556,test
9476551,49117409,test
10270687,40895328,train
18750597,8993084,train
23900717,100238132,train
25290969,100238132,train
25476912,38675275,train
26550322,179483216,train
29646391,32418402,train
36175342,48164151,train
36907176,64889149,train
37019982,3583662,train
37056835,64889149,train
40093570,47265905,train
1763008,78353,train
18459547,1349266,train
36804299,50453660,train
42533708,2172367,train
42895670,86368678,train
33467371,683230,train
38236762,48005494,train
39482193,182976972,train
42049436,333012251,train
44967839,171603409,train
12916189,951917,train
15347268,836168,train
20125722,121612198,train
20914711,9215509,test
22480209,27741331,train
23901030,100238132,train
24205351,100238132,train
24260247,14759766,train
29445977,23930728,train
30593639,1443812,train
34363916,223368075,train
34501725,16903474,train
35828656,17066941,test
37055641,23732730,train
37055877,23732730,train
37065873,64889149,train
39017258,266071516,train
39581504,274767494,train
39703551,867637,test
39953514,293448141,train
41569923,13791418,test
41956902,48005494,train
43239732,344320122,test
43411687,2588147,train
44550111,1401835,test
44741503,1747176,test
46360569,2286174,train
47138527,1225020,train
19153081,31214940,train
20778074,148897644,test
25998042,5597411,test
29851718,117932348,train
32037930,8503180,train
35039554,85202728,train
35160909,5597411,test
38958369,48005494,train
40236063,48005494,train
40236072,48005494,train
40825740,7728754,train
40971667,48005494,train
40985406,102820135,train
41047753,90154348,test
41126713,90154348,test
41204546,16851857,train
41500481,10981379,train
41552433,327337748,train
41556914,10981379,train
41557263,10981379,train
41583926,309544913,test
41589930,266071516,train
41889774,327409561,train
42068375,333431975,test
42377371,48005494,train
42577597,48005494,train
42616633,123745971,train
42927800,86368678,train
43103592,242793278,test
43269018,19303369,train
43269154,334163301,train
43269341,200239515,train
43286413,19303369,train
43332367,26643252,train
43363059,137358866,train
43393934,137358866,train
43406106,82343284,train
43434844,137358866,train
43741958,176950173,train
43753422,176950173,train
43928496,66098928,train
44350587,125005881,train
44662666,143513836,train
44798876,143513836,train
45034004,514261,train
45326344,19113611,train
45354802,137358866,train
45368990,83076610,train
45438462,1747176,test
45648493,161268152,test
45662865,137358866,train
45667095,137358866,train
45699931,245167739,train
45703512,137358866,train
45703975,137358866,train
45713398,137358866,train
45714002,137358866,train
45743503,137358866,train
45759295,137358866,train
45762332,137358866,train
45763753,137358866,train
45774983,137358866,train
45775472,137358866,train
45788659,137358866,train
45789183,137358866,train
45789721,137358866,train
45791053,137358866,train
45792896,137358866,train
45795737,137358866,train
45796447,137358866,train
45801851,36053172,train
45809596,137358866,train
45810868,137358866,train
45811189,137358866,train
45817617,137358866,train
45822331,137358866,train
45834083,137358866,train
45886266,137358866,train
45886600,137358866,train
45957861,33320745,test
46007624,683230,train
46007884,306359679,train
46078420,154069788,train
46078809,123745971,train
46083051,162242373,train
46102953,56283770,train
46468718,257999371,train
46749639,376743005,train
46872736,2286611,test
47080388,85852882,train
47096391,340551760,train
47237825,17572238,test
47304236,14401015,train
47568843,267272502,test
47720465,384377520,train
47780855,258555841,test
47781282,137522531,train
47832340,267272502,test
47880704,29597587,train
68974,281229,train
666613,3370705,train
5545560,28752891,test
6059556,1098902,train
7698722,31919780,train
10034187,47554473,train
10038410,47554473,train
10038693,47554473,train
10050536,47554473,train
10052587,47554473,train
10055925,47554473,train
10155003,47554473,train
10165181,47554473,train
10289124,31919780,train
10538353,7203997,test
11486601,4964682,test
14838808,43599290,train
16893929,11344320,test
18496255,23234988,test
18935359,23234988,test
21548698,42814202,train
21709727,271527,train
23946148,15817123,train
24302828,125011763,test
25074072,49950511,train
29609668,22307859,train
31322232,2930761,train
35619073,256966373,train
35716452,17601262,train
36452965,63272360,train
36903715,22780462,train
38239419,10580254,train
39216165,101498908,train
40467141,6670007,train
40928995,150364624,train
41529631,129772930,test
41617032,15196926,train
41772235,201833647,train
41856757,27647066,train
44034016,3370705,train
44048372,67730849,test
44163953,4964682,test
44864122,58742074,train
45250304,289105483,train
45786919,315506099,train
46527757,347438881,train
46745276,3964453,train
47909826,6601600,train
47994751,24761711,train
3083197,15688520,train
13998223,61292168,train
20900984,126466681,train
44515184,336066739,train
45955461,61292168,train
47047419,380290574,train
47075743,38391974,train
47563287,43817869,test
319646,1209728,train
23252443,100238132,train
24182137,100238132,train
25290572,100238132,train
27579698,100238132,train
29908022,137950324,train
33690902,137950324,train
37974064,287940420,test
40062883,120245209,train
45696854,335076875,train
19960507,1772509,train
37156637,83132880,train
47702952,10314085,train
36806177,276656237,train
42998493,342333414,train
1933687,10008086,train
9472828,27184573,test
18133502,9909635,train
32939925,33832598,train
33605568,44350279,train
37569987,283836642,train
41159052,322484729,train
42336485,9952523,train
93313,25183,train
26063230,1409262,test
39892396,22175061,train
45694688,24999007,train
3663178,710916,train
35509087,602359,train
45774143,315563761,test
44651142,1163318,train
1222563,3475005,train
7657879,1163318,train
20070296,5173627,train
23339298,82930,train
24473230,184853043,train
28314565,79499558,train
37591884,251805741,train
38801560,295618201,train
33346748,24761711,train
40756575,175529225,train
40882059,318316869,test
41496244,318743673,train
47027616,380144777,train
46510270,376179374,train
40177433,1720802,train
27584413,69366752,train
36063144,4073971,test
41458624,288477095,train
45968281,366605885,train
45986473,366605885,train
31705298,3072696,train
42334394,335976652,test
43576862,347044503,train
47800927,286191958,train
39981492,304270755,test
42038160,219519216,train
43157624,343585922,train
15706863,101435219,train
17095971,69366752,train
24242153,167818456,test
39673143,34351646,train
37006114,23592584,train
1304952,7073209,train
8693545,42421006,train
11568026,5333348,train
14536056,4120523,train
14759888,6049738,train
16406680,60617669,test
18229274,125914985,test
18875022,259787,train
20678169,2793254,test
21837063,122045009,test
22166055,125914985,test
26814741,176951326,train
26814854,176951326,train
30702384,203982404,train
31794918,238187539,train
32585864,238187539,train
34470949,255234351,train
34937074,2824082,train
35679813,63356650,train
37721542,166700941,train
37833931,284126288,train
37910970,287193099,test
38511282,293686703,train
39364371,297043828,train
39503790,40905202,train
39852539,10353677,train
40089988,205977876,train
40375411,239952407,train
40472064,205977876,train
40509345,87470,test
41748426,165828232,train
41940648,160609661,train
42141480,331995085,train
42176500,334767186,train
42519994,59773186,train
43179761,297679759,train
43367498,43232214,train
43843432,7451879,train
45673206,69683180,train
45850249,36384593,train
47459240,163035332,train
21824734,159091490,train
22535503,6298158,test
24757985,5832321,train
26608589,173227728,test
27807645,1192672,train
34860207,90463984,test
36568789,6464669,train
36690777,12016386,train
37857475,90463984,test
38105627,289272137,test
39921190,275996876,train
40796348,18488454,train
41335848,3728810,train
41620742,25059454,train
41808573,36749100,train
42207528,169413988,train
42326187,8140066,test
42514206,132169159,train
42579856,195000564,train
42580405,195000564,train
42735611,6298158,test
43600019,6291714,train
4645319,2520125,train
14281111,84810879,train
16739891,8715723,train
21392524,8715723,train
21824416,159091490,train
1123737,5986790,test
22632338,156042211,train
36312088,273086651,test
1089619,5986790,test
2821294,5986790,test
2997377,5986790,test
4120954,18890810,train
8558627,45045974,train
14609167,90655016,train
15699850,57812046,test
20163793,90463984,test
20696496,148130354,train
21324522,12337318,train
25167819,148130354,train
27542642,207777872,train
28510048,57812046,test
28640338,56656728,test
29181179,37736307,train
32721564,90463984,test
33687439,211941129,train
36767819,30845921,train
37593730,279697235,train
37893858,287054146,test
37917789,44554017,train
38667434,28270349,train
38992289,24628477,train
39643136,18405982,test
41310526,283295633,train
41501152,117364815,train
41636635,169413988,train
42529554,1596626,train
43125802,309936083,train
1256670,606135,test
3717689,18393872,train
3861713,13644183,train
13032261,57571805,test
21199473,153018041,test
24921584,34184387,train
25871147,194377959,train
34466803,1752807,test
36701061,275324509,train
37569446,41748122,test
39534941,176958869,train
12028322,52474491,train
13113626,46648109,train
20385260,13225047,test
26645876,88576580,train
36520161,337693208,test
40668364,315497803,test
9059397,14614459,train
17952472,105074140,train
20662043,109016966,train
36512625,337693208,test
19388293,14805863,train
970302,5301208,train
4356687,5301208,train
8738438,3784682,train
15534578,17835024,train
37146931,120835,test
38132229,4797152,test
39193812,15558725,train
39312974,24300850,test
39508474,203039,train
40200949,10564283,train
40322029,150954841,train
40861223,28764867,train
2297147,10674441,train
10861389,10277424,train
13624795,36435055,train
14808561,15724675,train
17549299,7427325,train
19326520,16342788,test
21066041,6394738,train
22148416,14364462,train
24042606,91427536,test
24248461,25039950,train
26304163,65672074,train
27784542,2248626,train
30749019,230108889,train
35384123,266360944,train
39257849,43053304,test
1126944,128663,train
14984002,65359432,train
36358848,273424772,train
37282528,273424772,train
37419775,9860977,test
6853752,946943,train
12339863,10035055,test
16808464,33403059,train
23188871,132883674,train
26191578,27474188,train
16268350,104626152,train
2383233,10674441,train
3219835,16305093,train
4585748,4743258,train
15107136,19187413,train
15732405,101643312,test
17178617,106940781,test
17662532,34745360,train
19525377,4279384,train
19767688,3900279,train
22213572,13795760,train
26996673,2163625,test
30407308,109843377,train
30587338,44886301,train
32008192,5339839,train
32308471,237118012,train
37146175,16545187,train
41265445,155250683,train
42024598,7065881,test
13060365,5252741,train
19894104,11705643,train
22356093,39150374,train
39448065,303011364,train
39721591,305141098,train
40324958,289183,train
41063102,273812306,train
41125049,1360423,train
41993997,332593300,train
42721609,121534371,train
43709750,12809831,train
43755159,19347103,train
44067524,304513994,train
44625524,2771914,train
45239940,365479070,train
45284659,365955433,train
46427326,51264907,train
47837331,106569357,train
25672362,50190,train
38550982,7175319,train
40898932,145971799,train
40947476,319039899,train
42640224,60258860,test
43324727,302164,train
44203850,356120729,train
44740123,362166123,train
45494737,3317431,train
47593657,143794889,train
3468942,17477908,train
17665855,13860679,train
22361100,30368670,train
27034834,17477908,train
34084359,209887985,train
37359035,280906088,train
37359365,280906088,train
37963455,280906088,train
37964458,280906088,train
38485650,280906088,train
38489848,280906088,train
38489875,280906088,train
39413941,61391963,train
42989213,80262218,train
43269715,25970549,train
43820892,3179866,train
44304828,357279975,train
43909501,113558700,test
4081800,4835582,train
10116734,180380802,train
30706817,229844097,train
41663709,314027406,train
43968694,352171581,train
45352043,107716952,test
23545,92411,train
1506911,591648,train
8040050,39921605,train
15374796,7610841,train
24497265,61391963,train
33682555,214347105,train
34393554,149292557,train
36914501,253137842,train
37532987,61391963,train
38489721,280906088,train
38489807,280906088,train
39773237,243660343,train
41048681,212147885,train
42072470,30542864,train
43118134,343195053,test
45850493,20182785,train
2775553,9421493,train
5870127,54255,train
7381236,33365473,train
7871818,4769886,train
8407092,9684993,train
13882394,49186997,train
14483613,89211125,train
16645542,26818799,train
25403738,180380802,train
26735217,19711570,train
33240958,1104166,train
41256075,323924258,train
42245107,61391963,train
3039110,8159536,train
4276532,9854191,train
10246479,22693737,train
16983203,113682832,train
23092823,23898129,train
24200751,47424665,train
24509757,1273890,train
27029508,1892281,train
31253968,303939,train
41155955,322352856,test
41915430,42121413,test
45203174,357279975,train
80924,438133,test
323453,1118296,train
1132409,3038687,train
12590077,43438475,train
13710241,6110471,train
14281865,43438475,train
16300982,56089590,train
21307577,12404709,train
32238694,214347105,train
33046019,61391963,train
33448577,214347105,train
34472646,260209224,train
35191797,61391963,train
36981461,1892281,train
38706321,2335786,train
39560597,117371089,train
43424953,166286543,train
44360866,15935911,train
45990473,61391963,train
8072371,54255,train
17879131,122419373,train
26876289,47424665,train
42563979,339041088,train
22101044,61391963,train
39413681,61391963,train
42835790,61391963,train
45750319,61391963,train
7254986,3695529,train
21798471,50760546,train
24497202,61391963,train
26131794,61391963,train
40896611,61391963,train
5442313,3483450,train
13026453,13850414,test
19777412,1748382,train
19801154,83671631,train
20685952,129602851,train
22020827,32237865,train
23109329,1577803,train
25486302,61391963,train
27809255,61391963,train
28359765,200380610,train
37435098,8288419,train
37769774,285481439,train
39554417,40613794,train
39778305,10951481,train
40416287,312541461,train
40469534,313120181,train
40616752,142490522,test
41243629,322352856,test
41564056,61391963,train
41720653,285481439,train
42245079,61391963,train
42504616,61391963,train
42531350,243655782,train
42580651,243655782,train
43433217,202781377,train
44757915,311400964,train
45192663,184915300,train
45399393,225105519,train
45463342,61391963,train
46725493,61391963,train
47076985,13977506,train
47336930,381702628,train
27252615,200380610,train
32182464,200380610,train
36978032,45467925,train
40745955,246225955,test
42786178,30862425,train
43397342,78161900,test
43596290,348038583,train
45605511,224210149,train
45850424,42423050,train
45876108,219383069,train
45911233,372200333,train
46487740,376019690,test
46533813,274590847,train
46637086,172339405,train
46735250,377633908,test
46831789,37157218,test
47203874,381238864,train
47768060,184915300,train
47842170,381702628,train
10345066,53244654,train
16448126,204539,train
22147647,61391963,train
23605182,76939238,train
26945421,200380610,train
27150644,200380610,train
27215478,200380610,train
27215807,200380610,train
27216826,200380610,train
27251398,200380610,train
27252114,200380610,train
27277569,200380610,train
27278017,200380610,train
27296868,200380610,train
27384626,200380610,train
27385494,200380610,train
27385914,200380610,train
27386991,200380610,train
27387238,200380610,train
27389045,200380610,train
27390188,200380610,train
27390867,200380610,train
27391028,200380610,train
27391206,200380610,train
27392814,200380610,train
27417822,200380610,train
27425828,200380610,train
27540139,200380610,train
28178226,200380610,train
29410763,163251048,train
29825681,1995636,train
30313152,163251048,train
30313661,163251048,train
30314104,163251048,train
32058864,200380610,train
35734363,83934468,train
35962803,5099333,train
37778945,285727534,train
37829823,285727534,train
37830066,285727534,train
37830238,285727534,train
37908217,285727534,train
37908658,285727534,train
37937163,285727534,train
37941064,285727534,train
39083120,2675644,train
39361696,1746432,train
39968728,56089590,train
40036602,159328349,test
40724813,21731516,train
40762392,316201557,train
40837660,299324416,train
41318881,68894577,test
42160230,110240064,train
42325412,206451695,train
42733887,206451695,train
42818093,159355723,test
43022394,342139982,train
43022644,342139982,train
43034073,342139982,train
43077519,61391963,train
43094519,340382111,train
43269240,204704622,test
43292588,204704622,test
43422457,66326553,train
43423498,159355723,test
43485134,19749140,train
43906180,103581279,train
43985668,10737943,train
44363142,16256520,train
44376631,345709132,train
44463474,154506785,train
44636829,359218159,test
45652910,293753583,test
45785189,159355723,test
46571791,80262218,train
46723027,200380610,train
47005438,2538621,train
47196792,380831966,train
2261367,10416706,test
3585309,18060671,train
5374912,27863482,test
6520350,4089529,train
7454378,39039509,train
7968983,780477,train
9713589,50142159,train
10945632,56758927,train
13590002,73850433,test
14103889,41158436,train
18993379,132266502,train
33589554,253110236,test
34119451,5173736,train
38101782,289221894,train
39630152,59317338,train
39754456,263564835,test
40200946,245457246,train
40239407,309534581,train
45927831,364506884,train
46107309,294307,train
46732594,39039509,train
255476,1302029,train
6225766,7702854,train
6581248,34426902,train
7859723,8554194,train
8664611,45519775,train
10539779,54351163,test
10696502,7761429,train
11782585,46778061,train
15728780,148108,train
21569360,13546922,train
23575012,170032114,test
24494062,6257521,test
25018204,172611460,train
25416257,26490270,train
26948562,202766548,train
27468323,207003851,train
28606376,215897007,train
30008427,18103903,train
30908379,230481249,test
33683615,253888808,train
34301679,258753303,train
35000978,263690856,train
35343102,42063010,test
36308459,273059367,train
36765077,2339049,test
37400102,281936967,train
37914324,182410092,train
38554290,294169398,test
41242461,228750325,train
43292319,18323134,test
43502262,346966889,train
43650921,294169398,test
43895173,351366350,train
44739479,4335872,train
46047742,158092208,train
46592267,291713244,train
20692563,147814925,train
36588670,224827088,test
40440953,312841318,train
43214108,125710073,train
6951342,15829575,train
8761013,18062807,train
9910619,50959386,train
15057784,80603103,train
18074535,39876981,test
19037850,114086872,train
19811816,28363708,train
21665632,11242618,train
23235101,172885803,train
24599215,185888575,train
25417035,9912305,test
26106086,17011664,train
30274734,2649988,test
35066396,263694567,train
39114660,299884742,train
41042473,320632879,train
42584065,115180259,train
8942538,4087269,train
21805468,158925455,train
29281407,4874700,train
36944046,11560683,train
41326373,76451380,train
8133275,33519200,test
10089333,16684382,train
25799803,11767749,train
43911466,32084117,train
11528951,1141610,test
21960279,102588828,train
24352862,183751102,train
28012942,211385563,train
34647190,844824,test
35370766,35635299,train
38962087,713747,train
40417876,3491534,train
41854363,7918948,train
42249744,39543399,train
42624860,3197762,train
43115224,343194268,train
43452838,346403664,train
45318765,73676875,train
45590325,11073109,train
46071513,25160348,train
46662791,705450,test
47022274,2622925,test
47206326,12589970,train
16302595,76212913,test
24609263,43803591,train
6428913,13043852,train
18838909,131204454,train
29929095,206229239,test
30268825,227309215,test
41380528,261581535,train
42816296,254320440,train
46192014,151253018,train
777297,3419446,train
935280,66071,train
19122483,68271069,train
30713242,16096378,train
30811958,230498530,train
39059286,2595117,train
43111568,11081810,train
43547014,25597316,train
3167768,16067583,train
4183801,21706654,train
5811254,6877794,train
10273251,13187595,train
21384233,10546345,train
21413889,155171571,train
25801507,17075886,train
27291497,194684765,train
29858919,612551,test
39024245,27272337,train
46035379,151253018,train
1107092,4373782,train
1491991,7959444,test
2563997,13067214,train
10071188,15065559,test
10941762,56732131,test
34127215,257685807,test
37800286,12211018,train
44631837,40231738,train
8627561,17286936,test
9116752,8862886,train
10365373,8049682,train
27876346,4336107,train
44207555,352059989,train
197942,289135,train
523123,2572253,train
1323349,7183070,train
3010664,5663597,test
4428906,2119928,train
7246903,26411218,test
8667280,31876150,train
8973873,11458977,test
10573225,54539364,train
12763008,69433039,test
15774266,102016115,train
18508959,18280205,train
19708955,136729912,test
19735722,31515758,train
21980723,6675176,train
22665286,4976277,train
25917853,94363111,train
29410055,199539833,train
30068059,142591435,train
32474951,1910100,train
34592851,19867664,train
34718504,6674394,train
35415121,1453801,train
39075331,228793453,train
42645101,335368354,train
46511557,42636558,train
8151925,43038322,test
14839995,39543399,train
24983084,5719667,test
28426648,214416012,train
34708585,5665583,train
38489046,14769509,train
46837690,220378888,test
45085780,258742885,train
45205708,9146411,train
20249492,144310942,test
40239461,3591955,train
30444886,10529251,train
30999134,231192888,test
4660022,745486,train
25371790,89106916,train
26301985,197736479,train
43785452,1732819,train
6702693,8730,train
27964166,211220478,train
35605010,267864516,test
36858725,255919428,train
39381034,607823,train
43774981,347045023,train
44669388,52373970,train
24677926,11305249,train
46526618,4888892,train
6445173,5622480,train
1313711,7120328,train
8825297,46224845,train
13380662,61393656,train
27730191,32215382,train
870119,355548,test
2432622,377287,train
42491040,338361190,train
385824,1931205,train
13956613,24424456,train
4217758,10618980,train
17500994,87889145,train
18411056,127567480,train
27967621,13974626,train
29965481,116995217,train
31913609,21019302,train
33766179,236430571,train
35301999,159593024,train
42485035,49410148,train
46088605,87628339,train
1251681,6819812,train
11741555,62466366,train
14462401,79505257,test
39733172,271406274,train
7368173,4901287,train
11359913,53356372,test
31586233,17790600,train
41749353,1653951,train
44702615,139830559,train
45240414,351371283,test
45620972,221878486,train
11589391,17862696,test
38153512,91436483,test
764753,3371859,train
3395238,465059,train
3987599,20670246,train
13605192,62317991,train
18993398,132484183,train
31313105,7797973,train
32698909,241236910,test
45785639,371181926,train
12358117,37978030,train
17257339,115259709,train
18664875,129714819,train
18946416,19867664,train
22321716,163189326,train
27712922,69476664,train
29626345,223007347,train
36525799,23911445,train
21230082,153419495,test
35043094,263984220,train
496166,2450665,train
1155475,2199502,test
1931609,9442045,test
3201696,13789963,test
3549798,6309019,train
10101097,5073789,train
10859700,53199312,train
21714930,157826237,test
25521464,192594401,train
29079293,48806776,train
30852891,133594005,train
33097219,249104360,train
39229191,301101607,train
17857431,2065971,train
30442333,228567385,train
31073576,1279828,train
38665889,5041498,train
43413103,19138193,train
45565875,9962257,train
7087255,3974249,train
37206565,2211566,train
39803164,305171363,train
3368441,5783747,test
3692566,2673332,train
6356070,20320155,train
6638042,5609081,train
7692326,255597,train
14110407,84765662,train
16282085,54342301,train
28616009,215967566,train
31193385,4564774,train
38238758,290574460,test
38896466,267818044,train
7254973,1489696,train
18251681,22769654,test
18828846,131115416,train
23495421,149579965,test
36152335,55602526,train
37600864,32159799,train
42529743,309784885,train
43756020,349670810,train
235552,1234405,train
502429,2100968,train
611009,3029414,test
686696,3502638,train
1307095,6714376,test
1728938,478717,train
2232495,11394622,train
4227554,21941065,train
5413565,11968309,test
13040221,5302382,train
13246804,4832845,train
13585905,26386038,train
16325276,106445501,train
19968221,184913,test
20412884,143477365,test
21089520,151139950,train
22352661,11742675,train
23303297,18554986,train
24594184,185850609,test
26272989,19562,train
30012164,30466297,train
31568673,236631469,train
31596519,3246916,train
32050419,7550725,train
32494256,12674973,train
32697097,158891219,train
33155996,8902538,test
33745956,13342325,train
34527987,7259859,train
35121524,997334,train
37478603,31884399,test
37589906,23084155,train
38042164,20086738,test
40499926,4253359,train
40761816,301512484,test
41409270,324399645,train
42265787,172208473,train
7555283,39599671,train
8971258,46881049,train
17367004,572879,train
17925337,63289810,test
20235591,144200262,train
29083751,26860800,train
29751447,223817242,train
29966192,221442773,train
34473487,231548638,train
34562857,257895306,train
37283751,41261306,train
38328851,155666374,train
39238478,99556266,test
41243251,140073773,train
42073495,94426860,train
42191225,50844448,train
42695867,153555756,train
44043326,50238586,train
44437486,118419433,train
45375727,1346505,test
46089673,292896006,train
32314474,26362511,train
34599215,1015345,train
39022754,11123843,train
42603616,265666981,train
2349737,11722972,train
6895270,5159449,train
18424903,2948325,train
19702498,5421054,train
25004481,40237342,train
26784985,135739716,train
28053065,211682646,train
32964403,67132329,train
38184039,279989,test
13234352,72218656,test
28506359,215161436,train
29650402,68198631,train
29879085,24449433,train
29939528,109854433,train
34389381,259474660,train
36844943,276931527,train
37018682,144863350,train
38930562,298171880,train
39091454,57306556,train
3309982,16713474,train
29242599,7138174,train
22105520,3663769,train
38437458,124623674,train
45231907,115738944,train
5343821,27589508,train
5679557,14513121,train
11240650,25713263,train
13893264,37413,train
23018280,10836962,train
26417856,6722833,train
28731208,2260289,train
29800110,49701856,train
30155444,226562416,train
31136603,22560728,train
31471169,10416602,train
32809387,45364547,train
34706620,261768544,train
36072357,271354975,test
37602188,16481345,train
707736,1507336,train
3738529,19111611,train
6476426,25646971,train
7010681,36754170,train
7074488,43772,train
7159258,292421,train
9127163,47546771,train
13374738,75968218,train
17737925,120989542,test
18737220,7425132,train
19831736,23027289,train
21164579,152760575,train
22986248,170457264,train
23501343,175497286,train
24696044,43184079,train
25745070,2792179,train
29923660,30909338,train
30527403,12802075,train
30728885,9412549,train
30935446,231161473,train
31122836,22997536,train
31997308,239906704,test
35000795,102866746,train
35226357,120297125,test
35290565,265703830,train
35385859,266390808,train
35776956,221012726,train
38547653,37798237,train
40427421,86847270,train
2919885,7229763,train
2974433,2363988,train
4350952,5982086,train
17729060,4135793,train
20227482,122120711,train
21865904,133564044,train
25222993,9414337,test
29336922,217568399,test
32166264,21536937,test
38905806,12154291,train
40483741,267636558,train
13168302,64098159,train
29755285,17960339,train
30048716,225749624,train
36441134,3054124,train
387666,1939728,train
1407364,7591257,train
6976045,1373836,train
7254952,16183358,train
8283627,11428056,train
10123090,51948055,test
10609103,54743396,train
13148370,18893401,train
18151976,2960920,train
20040994,29750315,train
20174811,22645955,train
21789193,42052329,train
22898351,11573876,train
27287501,205564408,train
29390506,62330502,train
32992390,48086821,train
33880238,18007143,test
1956677,120623,test
4671712,1901846,train
6619984,2007714,test
8504666,44782700,train
9047417,31153462,test
14913358,15670189,test
15678623,3137269,train
16407022,22803324,train
16424743,107671914,test
18283367,126420866,test
18892465,15474495,train
19015721,3309783,train
20420152,121141431,train
21148829,57013,train
28129565,212473045,train
4726941,724633,train
8172995,7427749,test
9556028,41863600,train
9940337,14314420,train
15615535,74815132,train
17006745,6194871,train
19121995,133426665,test
19880329,6861839,train
20874859,26390396,train
21404524,142719866,train
21825886,159109341,test
23669006,2965556,train
25871075,17170106,train
27161183,204495302,train
27464651,97170205,train
33035945,4342052,test
33473664,1413658,train
812695,1201534,train
2157550,11010011,train
2908211,14019963,train
3421020,17244404,train
6722799,21079341,train
7679094,3130040,train
8681776,17794638,train
13042051,43339525,train
13587436,78464432,train
16297779,106627653,train
18191965,125542850,test
19017889,92342,train
19312705,42947876,train
19475058,12038925,train
20498261,3288449,test
21156632,150363476,train
26038936,6918093,train
26057878,389684,train
28715589,38579823,train
36592512,128371146,train
43358518,151139612,train
1305265,7092157,train
16396640,107416436,train
30562364,5524422,train
34754241,46588955,train
5825911,22627992,train
7036079,5781885,train
21225854,153378241,train
22205619,2178877,test
39989931,308328213,train
6301965,655506,train
6804319,20279153,train
7646832,6182854,train
9691204,50053165,train
11282208,1779599,train
11863602,22806807,train
12324757,2861820,test
13699008,74310552,train
13714531,19094327,train
13951405,65609488,train
14743469,19101984,test
15646864,8712217,train
16468214,108061424,test
17610023,1522383,train
19247305,22176441,train
19404818,374115,train
19550791,77386810,train
19806972,114523254,test
20651049,454274,test
20811403,95416322,train
21446922,11452850,train
22030593,338921,test
22230375,160867897,train
22312886,1723702,train
22862864,138706642,test
23256828,63943922,train
25914515,194554070,train
26063353,8161684,train
26125053,196373534,train
26607493,73269245,train
26814362,4622765,train
27852611,1964876,train
28329076,106950680,train
29615968,45599567,train
31211385,233417287,train
32735694,24386929,train
32808169,4606577,train
32860008,10283936,train
33267342,15101609,train
34384580,48859528,train
34671704,95015886,test
37157002,164065738,train
38434091,247212166,train
38775304,296539502,train
38874714,297708121,train
39340210,113305692,train
40150380,55777679,train
40231357,41582866,train
40597392,313986292,train
40668821,304921349,train
40827074,317569113,test
10018550,27952234,train
16267358,23902557,train
16391952,17764574,train
30927844,138349238,train
33513897,252545388,train
35109246,88988332,test
35189052,26620387,train
6968520,36537579,train
7048331,1154790,train
7644505,29999716,test
15034950,16539899,train
16614389,18151522,train
22878070,26500272,train
25870448,5368201,train
32737146,22544960,test
34337805,7505535,train
40516211,204901429,train
40727260,28342817,test
42322230,336501346,train
11817955,4629474,test
15658350,432149,train
17558223,39023795,train
24867995,78823148,train
27506443,52190465,train
27609132,207213839,train
34869203,107234799,train
40171124,105797763,train
42778557,11784360,train
6599950,1651102,test
10836260,17592675,train
16156753,105455587,train
20900299,130785115,train
21754369,49736414,train
26447954,244444,train
37453378,153033441,train
39302289,286005899,train
40889966,318440309,train
43577180,177554775,train
1756174,7214842,train
15130307,1409287,train
16897571,9670774,test
19049449,19419141,train
19602883,85507826,train
21296249,154106207,train
22238046,162457374,train
22328208,29346825,train
22358241,82192372,train
22436168,22507599,train
22704580,93516714,train
23002371,21186353,train
24758512,60975812,train
26050704,17452999,train
26240434,38969811,train
29782186,107161778,train
30200487,78971832,train
30314819,224699779,train
30707908,8029563,train
31459245,71012165,test
31566176,236607981,train
34508577,260452146,train
35876721,269840781,train
39269487,291026998,train
40727235,54256065,train
40848653,44369272,train
40871301,318199288,train
41226843,22345670,test
42096534,333713350,test
43070436,328439832,train
43533109,928407,train
1354775,7353062,train
1861281,9709464,train
6716066,6226676,test
6854013,22136368,test
8829421,4087478,train
9172277,6615642,train
9835402,47785416,train
11638339,1547578,test
13595786,6802844,test
13968271,647256,train
16000062,4366974,test
16072472,104721305,test
16205431,7618966,train
16686651,53099839,train
16749235,5133087,test
18866187,4463379,train
19218475,134510659,train
19623349,16260034,train
19659617,125090618,train
19681256,25064843,test
20287322,90130659,train
20679565,1181366,test
21786868,78999831,train
22062860,737515,train
22683927,167188752,train
22969068,52525871,train
23581183,52763343,test
25135206,945063,train
27266217,167422704,train
27684910,85113502,train
29495273,818753,train
30437094,51220825,train
32496993,154465734,train
32642930,54645176,train
33930883,49796888,train
35263416,157834976,test
35717460,264676469,train
35773173,268885345,test
38326154,227715926,train
40330577,294174086,train
40589643,24988394,train
40695564,6833018,train
40871071,15363371,train
40943610,319003483,test
42402892,337459786,train
42564180,13874798,train
42662526,339866869,train
903906,4837614,train
1887489,9818634,train
1992751,10258336,test
2137714,1193933,train
2191591,11176329,train
2249928,2675913,test
2540173,7821383,train
2752977,14081811,test
2794725,14295613,test
3208188,16254543,train
3337808,3655542,train
3710230,18929364,train
3838416,107340,test
4211276,21064917,train
5078828,3196390,train
5925550,30768511,train
5998890,5574620,train
6220699,770004,train
6326865,29594719,train
6589412,34748949,train
6638539,562114,test
6966936,36208562,test
7279583,1557442,train
7309427,38292974,test
7633154,3672503,test
8204392,11268108,train
8577949,11623096,train
9487424,7526931,train
9586086,397900,train
9597629,24951732,train
9705782,8144242,train
9969773,39695769,train
12205049,65625445,test
12520066,66240032,train
13044589,6462802,train
13446580,50477855,train
13841200,79575143,train
13949732,1857899,test
18648360,3990540,train
21188044,67869496,train
21563815,2179149,train
22926900,2256583,train
23285903,10713617,train
25905991,148546760,train
25961778,697560,train
26093497,93752700,train
26978310,12960612,test
27161388,2381030,train
27736140,209406241,train
30912539,231015527,train
30938219,2242911,test
31220573,106825862,train
31596199,236852677,test
31600930,57135136,train
31854564,113121666,train
35380023,413316,train
35580335,3562596,test
35679935,33555400,train
36382761,6948761,test
40511454,20092101,train
43178622,246630641,test
141335,687361,train
256049,1177497,train
494937,1527535,test
593292,2929585,train
629949,3130534,train
1215627,5720054,train
1844792,9638204,train
2274268,11611239,train
2391204,8452639,train
2952861,1177497,train
2953058,1177497,train
4067820,21096298,test
5025771,630519,train
6359111,5720429,train
6574595,909577,train
6766259,35423181,train
6778238,35323444,train
7331070,22373907,train
8515213,44837740,train
10368055,29466025,train
12267522,4114272,train
12866948,12906385,train
13235951,74330820,train
14029633,42204606,test
15289766,7850260,train
15752081,17152076,train
15785088,102103075,train
18071399,113534805,test
18792188,13907788,train
19313483,26691429,train
20970822,150876351,train
21540737,133004690,train
22050355,125011763,test
23980622,180380802,train
23986569,180380802,train
24122599,14905006,train
27247260,92596736,train
28002981,8792814,train
31310624,33655,train
31764572,78326799,train
32785169,20433973,test
36838192,276866466,train
36900144,4363605,train
38153964,289887688,train
39176748,300581807,train
39603506,94100381,train
40335341,9892520,train
41820493,5215966,train
42198552,66099031,train
42378243,337081866,train
42584572,256878517,test
42842946,160492333,train
43510030,347044503,train
45235747,64522,test
45308975,107381650,train
45412157,53821850,train
45433111,13025262,train
45471095,34918937,test
45616727,53821850,train
45765604,38592279,test
45800230,38592279,test
45800298,38592279,test
45879162,38592279,test
45890816,11268262,train
45897458,121399223,train
45951385,366605885,train
45985966,366605885,train
45989490,38592279,test
46021768,38592279,test
46254883,70921283,train
46597956,376743005,train
46709161,38592279,test
46727968,376743005,train
46776485,1999974,train
46875055,376743005,train
47052847,138711248,train
47126288,78161900,test
47841912,42814202,train
47861433,172339405,train
47861589,172339405,train
47861678,172339405,train
9434513,48899736,train
12221970,9040879,train
15628789,100757200,train
19566229,137129564,test
21308590,146933726,train
22340384,18049970,train
22410359,12233355,train
26255080,191338162,train
26451520,3432431,train
28607153,19303369,train
28784880,65671256,train
28891043,19303369,train
29056566,169467786,train
29712675,222179066,train
29787085,110058188,train
30565107,229309933,test
31224224,162933359,train
31539511,235763046,train
31668461,236432765,test
32283154,164144705,train
32554699,119692067,train
32554837,119692067,train
32845516,242924411,train
34419922,211941129,train
34433240,193835968,train
34568807,136840462,train
35286543,21351925,train
35288933,135563904,train
35577716,83132880,train
36282795,270554496,train
36942316,277698942,train
36950662,193835968,train
37332942,225144151,train
37853119,119692067,train
37853219,119692067,train
38172880,269707834,train
38699887,119692067,train
38733040,292896422,train
38984732,240685976,train
40658053,178300668,test
40733112,251846535,train
40797714,191063355,test
40919941,1997143,train
40972506,319426682,train
41136793,319829157,train
41425572,262985820,train
41612833,328102609,train
41642647,328523988,train
42100414,159494837,train
42217635,335337961,train
42404353,337477365,train
42528852,202873307,test
42627171,334163301,train
42975131,342147522,train
43044458,204704622,test
43638327,202873307,test
44018852,350855554,train
44492172,317753350,train
44518397,360023076,train
45091742,4027787,test
45142954,202873307,test
45451376,288624351,train
45451978,89355964,train
45565991,122567847,test
45754166,47900722,train
46032925,200239515,train
46039534,200239515,train
46127578,1997143,train
46348820,374569478,train
46354165,200239515,train
46381862,19303369,train
46486909,162258137,train
46487430,162258137,train
46511403,225144151,train
46601386,342323079,train
46732441,168927293,test
46816163,361033131,train
46834902,374159357,train
46838499,378398588,train
46927719,214620702,train
47050832,270554496,train
47312912,342964875,train
47420770,288624351,train
47442706,288624351,train
47747625,349265281,test
47756825,328120040,train
47758970,22460668,train
47923861,19303369,train
47936631,241792626,train
48009885,359586973,train
48026568,359586973,train
48026689,359586973,train
48026758,359586973,train
6603534,9922972,test
7023033,54255,train
9133645,7202402,test
16427610,88982639,train
21621926,157295347,train
22867334,169166409,train
25967894,47426611,train
30446253,171198420,train
30452520,20790185,train
32835357,149292557,train
32918155,149292557,train
38069091,2143830,train
42224962,332819883,train
45698737,225597185,test
46008193,270123874,test
46008335,270123874,test
46872971,408526,train
951365,2675998,train
1026683,5652395,train
4823529,6677425,train
10435862,9372363,train
16976267,113558700,test
32441129,1403333,train
32520602,214863971,test
32917795,149292557,train
32940875,149292557,train
33016711,149292557,train
33966308,256479489,train
34499063,149292557,train
37368265,39277795,train
40797425,10450748,train
41424572,323924258,train
41424918,323924258,train
45439383,111480022,train
45920317,270123874,test
46169958,39277795,train
36703480,94503617,test
33645359,31140577,train
9387436,48696992,train
25347359,189792874,train
37676523,23745001,train
39928876,199597331,test
42220178,224889039,test
28298976,213701568,train
39608280,69205338,test
3344237,16879147,train
5445314,21838149,test
10411679,15235299,train
16425234,6439477,test
18023847,123953691,test
18897423,127560222,train
27528267,17518954,train
28565170,48303314,train
28989914,218505786,train
38457791,169200839,train
39943815,2026554,train
45369786,162278789,test
1732498,1818792,train
2124536,269710,test
47952200,13724605,train
8533093,5245744,train
13080685,5707158,train
13222140,15523,train
24038323,32720219,train
24243249,32720219,train
38024356,4938998,train
38189009,19390192,test
38723328,283520506,train
46578381,376618328,test
2346106,6771815,train
4240861,22005943,test
16315325,13741210,train
19489138,3595138,train
22293021,137136024,test
31101257,723184,train
31123021,755603,train
32499766,34943243,train
39303235,12126310,train
2460611,4137875,train
6283933,41612,train
7733241,16683784,train
19278895,423117,train
20480431,146205943,train
1935109,1319462,train
25308563,51531044,train
36841167,73944266,train
39130673,55689124,train
44694001,360652927,train
47480568,233025597,train
11139469,45677054,train
13431664,74727409,train
35633408,83132880,train
42173483,329354525,train
47060698,376764698,train
9562872,49509847,train
21124150,152366935,train
35714197,268611281,test
159749,54275,train
1178231,6445684,test
12836723,6600911,train
24633702,163843832,test
42543019,173965932,train
8490,25183,train
37992936,14409934,train
11228502,22420999,test
1189378,867249,test
2889387,2269517,test
5309959,22420999,test
9118958,22420999,test
12284280,4964784,train
14654573,37328457,train
16380794,107294313,test
26320521,159498011,test
29858182,216456504,train
33780177,120763629,train
35267761,265420923,train
36700552,194602163,train
40095324,115624223,test
41619446,1442860,train
1403827,7557833,train
1404510,7557833,train
15465050,44350279,train
32095668,110539055,train
38947926,298304737,train
45529673,293530967,test
40777580,80427932,train
47341575,19612095,train
860163,4504962,train
14661553,515095,train
45301829,293530967,test
45346884,293530967,test
13808,54275,train
6421429,310670,train
9876335,37401126,train
19915939,139357580,train
38905319,51954926,train
14824160,1319462,train
15603347,515095,train
34446565,185364,test
43779895,167591272,train
15581948,66602200,train
29100541,22175061,train
36852925,110539055,train
9372859,46218494,train
11493255,60516459,train
15646586,4181677,train
16974611,14637971,train
20904409,128919111,train
22516600,112901574,train
28310699,79499558,train
29058075,1609077,train
30091313,225889604,train
31059670,232017729,train
35874901,105444832,train
36137613,206115,train
37891200,125817047,train
38323529,225889604,train
38906145,51954926,train
38906302,51954926,train
38923034,51954926,train
40841685,167591272,train
42298577,43231445,train
43562641,95729309,test
5301003,1763862,train
16811364,102482048,train
20573255,146963216,train
20900400,3273275,train
32381021,51509098,train
39146442,175152359,train
43716972,343585922,train
45383742,25399126,train
47052271,12603113,train
47476719,382860269,test
15839085,102482048,train
20000184,102482048,train
46753241,377714564,train
30291704,207856540,train
23469535,175152359,train
216080,17571,train
45994076,288477095,train
54508,210746,train
3512428,17616305,test
6131606,21014758,train
6883096,14510607,train
23452076,3075944,test
24512493,175152359,train
25894924,106304833,train
37568328,195050680,train
39086622,13006166,test
42952137,62211530,train
45298451,62211530,train
3548257,17862696,test
4263802,11189753,train
9170129,46973966,test
12252993,65968828,train
12710376,66269338,test
12713927,66269338,test
13208065,19490045,train
14445183,88945872,train
14728630,8066318,train
15522627,90771408,train
15857334,26556695,test
17730939,369015,test
20014072,15617507,train
25348802,23121862,train
26504376,180781689,train
29654321,7863991,test
30321732,227705254,train
30950513,26556695,test
31090120,56403037,test
31126424,176899233,train
31717883,237913872,train
31864884,56403037,test
33238238,24831061,train
34718463,30509656,test
37996819,285407817,train
38464396,293264001,train
38464911,293264001,train
38535656,293264001,train
38923807,293264001,train
39584286,293264001,train
39588134,56403037,test
42527278,237913872,train
43309906,273411799,train
44049562,348379911,train
44049615,348379911,train
44994362,348379911,train
44995186,348379911,train
45132818,348379911,train
45447541,348379911,train
46462143,348379911,train
46766903,56403037,test
12713995,66269338,test
13556033,78050943,train
33216589,24831061,train
33216902,24831061,train
33241012,24831061,train
33241841,24831061,train
33242898,24831061,train
34568893,74727409,train
34715931,30509656,test
34717211,30509656,test
34791645,30509656,test
37748978,285407817,train
37750851,285407817,train
37869288,285407817,train
38325984,30509656,test
38464789,293264001,train
41559383,10981379,train
43630406,348379911,train
43979082,348379911,train
44112531,348379911,train
44802224,143513836,train
45418869,64889149,train
45918592,293264001,train
46359325,14976093,train
46462472,348379911,train
46472141,286649387,train
47173929,182015823,train
47460876,129079212,train
48009053,348379911,train
48009657,348379911,train
8952816,45416627,train
8953625,45416627,train
8954037,45416627,train
16781601,74633496,train
17543505,99644584,train
18795229,130822245,train
18992796,74633496,train
19295941,74633496,train
19476630,42561290,train
19876256,114238471,train
20411065,145560608,train
21366948,154714898,test
21383288,114238471,train
23901252,100238132,train
23901420,100238132,train
23901526,100238132,train
25140559,45416627,train
25140787,45416627,train
29964510,225291555,train
34756976,74633496,train
34787483,221739176,test
37053772,278635372,train
37126762,278635372,train
37347295,278635372,train
37661812,284548162,train
37781823,280579151,test
37994707,280575073,train
37996215,280575073,train
37999883,280579151,test
38024843,280575073,train
38045508,284548162,train
38214221,284548162,train
38285454,291033670,train
38289819,291033670,train
38428035,291033670,train
38924225,284548162,train
39577706,291033670,train
39579710,291033670,train
39770324,290174205,test
39777133,290174205,test
40011580,277698942,train
40537723,291033670,train
40559153,15819815,test
40705586,99644584,train
40821460,317511602,train
40824219,317540555,train
42229240,206926246,test
42692929,340094184,test
42949306,340094184,test
43131415,284548162,train
43131502,291033670,train
43133577,340094184,test
43554665,345033748,train
43613826,316790490,train
43613838,316790490,train
43613847,316790490,train
43613857,316790490,train
43654617,284548162,train
43738037,176950173,train
43753276,176950173,train
43806992,350231483,train
43820337,350231483,train
43848101,317540555,train
44058477,345033748,train
45763710,45416627,train
18490141,97001292,test
19591107,137522531,train
19783922,137522531,train
30066830,137522531,train
33143544,19303369,train
39628193,162540157,train
42761887,200239515,train
44805728,81563375,train
28541768,215407308,train
43124955,82111391,train
21171230,82975282,train
28471510,82975282,train
24059751,137129564,test
26813610,19303369,train
26900640,200239515,train
27113697,19303369,train
27141191,19303369,train
27312147,200239515,train
27429253,200239515,train
28936795,200239515,train
29944408,200239515,train
30441377,200239515,train
30762861,200239515,train
31834161,200239515,train
31836311,19303369,train
31885563,200239515,train
32423962,200239515,train
32466614,238989521,train
32591286,19303369,train
32591771,19303369,train
33849970,19303369,train
35236345,200239515,train
35236424,200239515,train
35236534,200239515,train
35236677,200239515,train
35267137,200239515,train
35267276,200239515,train
35268637,19303369,train
36420676,238989521,train
36421783,238989521,train
36421864,238989521,train
42625491,334163301,train
42626235,334163301,train
42626923,334163301,train
42693824,19303369,train
42694266,19303369,train
42744286,334163301,train
42744670,19303369,train
42755540,200239515,train
42762081,19303369,train
42762205,334163301,train
42764733,334163301,train
42769704,19303369,train
42770756,19303369,train
42795487,19303369,train
42916855,19303369,train
42916918,19303369,train
42917216,334163301,train
42917291,334163301,train
42954393,200239515,train
42962993,200239515,train
42971236,334163301,train
42971409,334163301,train
42972248,334163301,train
42987218,334163301,train
42987326,334163301,train
42987447,334163301,train
43373344,334163301,train
43375688,334163301,train
43388524,334163301,train
43391999,19303369,train
43450044,334163301,train
43668014,19303369,train
43668194,19303369,train
43668724,334163301,train
43668946,334163301,train
43878655,19303369,train
43931358,334163301,train
43931448,19303369,train
43932082,19303369,train
43986264,334163301,train
43986314,19303369,train
44121858,238989521,train
44233324,334163301,train
44394449,334163301,train
44394499,19303369,train
44394628,19303369,train
44555483,334163301,train
44555814,19303369,train
45064161,19303369,train
45064358,334163301,train
45127521,19303369,train
45223171,200239515,train
45223844,200239515,train
45235352,200239515,train
45235972,200239515,train
45274852,334163301,train
45287391,19303369,train
45300663,19303369,train
45301131,334163301,train
45385941,334163301,train
45423943,334163301,train
45423998,334163301,train
45437965,334163301,train
45494287,334163301,train
45621895,334163301,train
45622013,19303369,train
45673305,200239515,train
45673797,200239515,train
45709382,334163301,train
45844343,200239515,train
45851431,200239515,train
45852013,200239515,train
46025535,19303369,train
46055424,334163301,train
46055732,19303369,train
46154835,334163301,train
46192202,200239515,train
46277582,19303369,train
46723908,19303369,train
46795036,200239515,train
46891080,200239515,train
47023458,334163301,train
47372315,19303369,train
47767712,200239515,train
47843445,334163301,train
47847604,200239515,train
47848179,19303369,train
47924725,334163301,train
47940178,19303369,train
63588,295128,train
433914,1906804,train
467634,2321321,train
634353,836168,train
762145,3315563,train
927408,51038,test
1146653,836168,train
2253500,11473727,test
3137920,4096872,train
3479639,17527788,train
4033521,1369577,train
4727731,18746337,test
4744487,24487842,test
7054797,32220047,train
7309129,7737249,train
8860277,78353,train
9182008,16176030,train
9185696,47790995,train
12132772,13750728,train
12134113,13750728,train
12223866,11157618,train
14408114,836168,train
15314054,836168,train
15889590,5962328,train
16069120,8455543,train
16157731,105461266,train
16427395,43151590,test
18616208,55017405,train
19362485,101657794,train
20466016,5962328,train
21976874,3052833,train
23116453,121379512,train
24039582,14795719,train
26640231,27964506,train
27308432,14297465,train
33635511,23777742,train
35992083,1172202,train
39020452,478771,train
39136131,23189945,train
39355251,265458818,train
40501316,110461101,train
41033943,1863756,train
41447842,83580753,train
42608006,102886686,test
43011293,302903408,test
43366401,9381867,train
43414704,22717726,train
45922753,20113500,train
47443009,292335520,train
47453310,121205642,train
47953995,361883699,train
236671,1240820,train
2055559,10527201,train
7664692,40124500,train
8761292,44620317,train
12953234,3664485,train
19296503,9913035,train
39951084,10994160,train
41842296,306295899,test
42609306,306295899,test
42761614,306295899,test
44668879,306300745,train
3924325,20278196,train
3970701,20278196,train
5804184,30112106,test
12973288,68139551,train
19671104,101657794,train
22524272,5758215,train
24735722,43825074,train
34664546,4259761,train
43922156,18171303,train
45362333,1609077,train
783341,4111640,train
6221877,31675601,train
6228461,31675601,train
6291371,31675601,train
6559615,31675601,train
7822488,5623834,train
8392929,1182180,train
15576821,55948559,train
19952747,139357580,train
20089288,619942,test
20151455,139357580,train
24115562,55948559,train
36085870,188453457,test
46916975,4143186,train
4504049,16151285,train
4795390,16151285,train
5803068,16151285,train
2745620,1172202,train
6263101,7322303,train
6768399,30616879,train
8294259,11305944,train
27686998,137358866,train
27853417,137358866,train
27967580,137358866,train
27967600,137358866,train
28014733,137358866,train
28715201,137358866,train
28986683,137358866,train
28986807,137358866,train
28986906,137358866,train
29203530,24000784,train
29293564,137358866,train
29294153,137358866,train
29478604,137358866,train
29605631,137358866,train
29653294,137358866,train
29930787,137358866,train
30357870,137358866,train
30358423,137358866,train
30359944,137358866,train
30400542,137358866,train
30438204,137358866,train
30468020,137358866,train
30715688,137358866,train
30716128,137358866,train
30722858,137358866,train
30798396,137358866,train
30801449,137358866,train
31556307,137358866,train
31636424,137358866,train
31773364,137358866,train
31964045,137358866,train
31993628,137358866,train
32113353,137358866,train
32293787,137358866,train
32575528,137358866,train
33857708,137358866,train
34213403,137358866,train
36922223,137358866,train
37023849,137358866,train
37110433,137358866,train
37112133,137358866,train
38198444,137358866,train
38295943,137358866,train
38390610,137358866,train
39122763,137358866,train
40513860,137358866,train
41900972,137358866,train
42487599,336064553,train
42487665,336064553,train
42487801,336064553,train
42490385,336064553,train
42523317,137358866,train
43111767,137358866,train
43203856,336064553,train
43203946,336064553,train
43204130,336064553,train
43204209,336064553,train
43204315,336064553,train
43204389,336064553,train
43204442,336064553,train
43204505,336064553,train
43212398,336064553,train
43212460,336064553,train
43212502,336064553,train
43212838,336064553,train
43219834,336064553,train
43219878,336064553,train
43219928,336064553,train
43220041,336064553,train
43220073,336064553,train
43220107,336064553,train
43220180,336064553,train
43220251,336064553,train
43220282,336064553,train
43220321,336064553,train
43220422,336064553,train
43236042,260156883,train
43236096,260156883,train
43236197,260156883,train
43259587,137358866,train
43275742,260156883,train
43504745,336064553,train
43504879,336064553,train
43504973,336064553,train
43505107,336064553,train
43985693,16096378,train
44452548,137358866,train
44608769,336064553,train
45047857,336064553,train
45050697,336064553,train
45050934,336064553,train
45051225,336064553,train
45661953,137358866,train
45796907,137358866,train
45797302,137358866,train
45810110,137358866,train
45810473,137358866,train
45857648,336064553,train
45857981,336064553,train
46050040,514261,train
47341297,137358866,train
47348298,137358866,train
14318774,37718300,test
15927523,103349564,test
22699657,55689124,train
24330532,183568797,train
29215351,220121415,train
31177757,146275359,train
32439871,79499558,train
33989681,235329443,train
36815318,2930761,train
39370156,106265221,train
41340224,24140532,train
42094258,23822553,train
43218562,253690060,train
44197064,57885474,train
47814592,1726966,train
157673,757166,train
326956,51038,test
752783,3959655,test
1231273,5894425,train
2702351,13829968,test
3696746,18138735,test
4424511,3641595,train
4430808,23002099,test
4759680,11045893,train
9450180,7989399,train
9786543,49293531,train
10801094,11189753,train
12122102,12859795,train
15337711,97779735,train
18729143,643120,test
19829879,2887664,train
19915657,139357580,train
20714517,139623237,train
20817201,643120,test
21108401,643120,test
22346131,156187884,test
22409448,9470468,train
22516244,705450,test
24408535,408485,train
24757583,2959060,train
26228457,80292073,train
28433202,147762665,train
29054423,79499558,train
30184318,19591194,train
31287498,234147066,train
31663848,237406328,train
31670943,73676875,train
33334633,246331794,test
33500292,146275359,train
33883949,203266238,train
34462649,176899233,train
36571835,5704932,train
36732625,103423674,test
41295029,323985104,train
41433641,203266238,train
42073285,276252562,train
42298021,336001307,train
42325919,336001307,train
42466854,47532,train
43235965,260156883,train
43630458,348379911,train
43942342,47532,train
43963599,348379911,train
44282642,356981374,test
44656261,246331794,test
45810858,261674694,train
46104954,110461101,train
46548617,197516314,train
47487107,22333833,test
47766113,231858639,train
1040182,1354796,train
14685276,1459260,train
15829202,102482048,train
25284006,10671495,train
36808816,102482048,train
38699692,5341818,train
44548963,102482048,train
44893832,146776990,train
47749620,100565897,train
47848693,356623718,train
46569497,61132135,train
6821839,35726649,train
9274309,36510847,train
13140220,35384978,train
24995291,188964841,train
29015079,218689235,train
29657991,16502641,train
35161755,139399060,test
45463521,1723734,test
47867278,1985657,train
6601284,1021060,train
9310959,7065964,train
15250168,24273714,test
21169401,49614264,train
27032162,203397896,train
29881483,224706357,train
33242348,161357125,test
35786867,21942044,train
37013390,18590069,train
40158019,5309521,test
568661,2590864,test
912376,4103952,train
944840,5110818,train
2181577,7893625,test
6833395,10767841,test
7763203,1112560,train
9770459,49293531,train
12670883,60981198,train
13959556,74331597,train
15494968,728477,train
17607132,119155499,train
17692275,3249903,test
18503789,60981198,train
19271120,156734,train
19915204,139357580,train
20026598,32446918,train
24103912,19303369,train
24700123,45416627,train
28574888,15617507,train
29875137,9071235,train
30104692,43089807,train
30509757,200239515,train
32038185,240203470,train
34155231,1825030,train
35269107,19303369,train
35548721,119155499,train
38188607,141195180,test
38257050,2064585,train
39664403,23861295,train
41382383,303719667,train
41986091,167591272,train
42693963,19303369,train
42910622,53963410,train
43068232,55164,train
43688961,284106823,train
44378348,83394328,train
44604668,16851857,train
45844253,18581204,train
46274465,88387391,train
47530888,336001307,train
47594514,336001307,train
22958051,6600911,train
24475665,3034786,train
28692626,23370431,train
253846,417504,train
1226176,6688471,train
45105623,15617507,train
42440431,167591272,train
42570815,167591272,train
4455301,8490286,train
9434495,48899796,train
16534157,48899796,train
16585566,6600911,train
19787770,63913582,train
38931289,224314967,test
38933636,224314967,test
40350292,47554473,train
46919963,40895328,train
15054630,42561290,train
29398819,199349788,train
29881712,210112096,train
42894615,15617507,train
8953200,45416627,train
24264371,182976972,train
456190,2267864,test
3689140,2267864,test
47511876,4888892,train
29655436,4452717,train
45953813,6600911,train
47550507,1672461,test
6315659,3249903,test
12713863,66269338,test
13058423,26535250,test
16148563,19584296,train
23804690,40381599,train
24121842,24591977,train
26352984,27355064,train
32382542,225790094,train
36870217,13791418,test
37399338,13791418,test
41940893,63260432,train
42389135,337331838,train
45449350,186993421,train
45449537,186993421,train
47031671,364012746,train
7034953,9492212,train
8953404,45416627,train
13217170,64172780,train
16336686,42561290,train
16914748,190239,train
17694203,50755667,train
18189659,74633496,train
20817614,74633496,train
26157426,26556695,test
27817851,152246149,train
28811363,42561290,train
31001555,26556695,test
31890488,239035419,train
32062178,152246149,train
35735822,268198789,test
35768781,268198789,test
36073776,268198789,test
37043942,27151342,train
37619856,27151342,train
37629036,48005494,train
37937366,48005494,train
38047492,275820610,test
38212423,48005494,train
38236827,48005494,train
38236841,48005494,train
38236846,48005494,train
38257778,48005494,train
38958289,48005494,train
38958347,48005494,train
38958419,48005494,train
38958450,48005494,train
38958466,48005494,train
39649039,48005494,train
39649214,48005494,train
39649420,48005494,train
39969044,48005494,train
39969175,48005494,train
39969519,48005494,train
40236049,48005494,train
40236067,48005494,train
40236074,48005494,train
40236081,48005494,train
40236084,48005494,train
40318982,272996989,train
40321797,272996989,train
40526900,272996989,train
40784945,152246149,train
40785637,152246149,train
40786275,152246149,train
40971624,48005494,train
40971650,48005494,train
41454850,48005494,train
41937590,272996989,train
42113366,48005494,train
42219713,48005494,train
42453547,48005494,train
43806406,350231483,train
43820586,350231483,train
45491117,9897124,train
47421830,13717514,train
47782555,252636577,test
503722,2484383,train
587740,2899508,train
658709,1309145,test
1100421,1545977,train
1156928,5968464,train
2115809,514261,train
6769535,32220047,train
8192789,2808153,train
18998595,64453478,train
19766555,20163996,test
20738759,2687071,train
21411274,155148052,train
25221993,3952200,train
26642831,502829,train
29184981,25767215,test
30154255,19168930,train
33621826,257567667,train
34819702,10700780,train
35759468,3307004,train
36552616,8637211,train
37384088,38483415,test
38033905,19863874,train
41261191,53963410,train
41996859,7728754,train
2115773,514261,train
2154736,6354565,test
2399638,12261576,train
2947668,3250450,test
3625870,18264329,train
3953415,295128,train
5895056,30616879,train
5895082,30616879,train
6055980,16151285,train
7433174,34789416,train
8643360,78353,train
9343634,48492929,train
10321100,23091281,train
11775483,116382,train
11778761,13750728,train
12368099,26377263,test
13981865,27673980,train
14716155,89769986,train
14733932,89769986,train
15473730,71176935,train
17808825,121612198,train
17925453,116382,train
18857790,55813598,train
19553193,3894475,train
20213973,139357580,train
21461874,13878635,train
22032656,60981198,train
25321050,43825074,train
26500082,137358866,train
26518547,295128,train
27911463,23370431,train
27965166,137358866,train
29170953,137358866,train
30801068,137358866,train
32233982,137358866,train
32309292,6105036,test
32350835,137358866,train
32770241,137358866,train
33725862,137358866,train
34370821,137358866,train
35166718,220574429,test
35167097,220574429,test
37634767,220574429,test
37665665,137358866,train
37783176,170095613,train
40068404,514261,train
41065957,137358866,train
41559646,327409561,train
41565128,327409561,train
41581379,327409561,train
41889937,327409561,train
42944264,126304003,train
43183773,260156883,train
43183968,260156883,train
43184023,260156883,train
43203751,336064553,train
43212312,336064553,train
43219683,336064553,train
43219745,336064553,train
43219799,336064553,train
43235897,260156883,train
43260804,137358866,train
43505242,336064553,train
44562723,137358866,train
45302586,43825074,train
45790357,137358866,train
46387484,336064553,train
46514783,137358866,train
46761550,336064553,train
47411340,137358866,train
47849005,137358866,train
47942202,43825074,train
4235620,21979970,train
15181459,96361528,train
27057790,19303369,train
28152851,19303369,train
29943455,200239515,train
29963575,225283096,train
31000800,200239515,train
35267302,200239515,train
37145028,73944266,train
38622270,207640201,test
38648046,73944266,train
41597652,327350579,train
41750670,327350579,train
8627973,19303369,train
26898028,19303369,train
28536037,19303369,train
28891558,19303369,train
30212741,19303369,train
31832773,200239515,train
31884696,238989521,train
32359401,19303369,train
32364753,19303369,train
34810330,19303369,train
36421632,238989521,train
36421679,238989521,train
40825964,238989521,train
42440465,334163301,train
42541401,334163301,train
42561300,334163301,train
42564063,334163301,train
42624244,19303369,train
42624676,334163301,train
42625184,334163301,train
42626072,334163301,train
42626549,334163301,train
42644784,334163301,train
42646624,200239515,train
42646720,200239515,train
42761430,334163301,train
42770658,19303369,train
42794290,334163301,train
42971061,334163301,train
42987588,334163301,train
43366075,334163301,train
43374654,334163301,train
43374709,334163301,train
43374884,19303369,train
43375362,19303369,train
43375941,19303369,train
43391960,19303369,train
43414820,334163301,train
43878868,19303369,train
43960690,334163301,train
44460879,334163301,train
44579912,200239515,train
44580012,334163301,train
36421575,238989521,train
36421737,238989521,train
28369648,19303369,train
35267252,200239515,train
35268357,19303369,train
35768575,19303369,train
42497920,19303369,train
42498442,19303369,train
42498458,19303369,train
42498484,19303369,train
42544465,334163301,train
42563745,334163301,train
42564693,334163301,train
42586385,19303369,train
42586747,19303369,train
42587049,19303369,train
42587306,19303369,train
42610243,334163301,train
42611563,19303369,train
42624384,334163301,train
42624925,334163301,train
42625922,334163301,train
42626361,334163301,train
42646413,200239515,train
42759457,334163301,train
42770488,334163301,train
42771207,19303369,train
42794919,334163301,train
42795021,334163301,train
42795401,19303369,train
42916660,19303369,train
42917098,334163301,train
42917177,334163301,train
42949133,200239515,train
42951968,200239515,train
42952092,200239515,train
42962887,200239515,train
42963167,200239515,train
42972034,334163301,train
42987493,334163301,train
42987914,334163301,train
42987949,334163301,train
43292505,200239515,train
43366160,334163301,train
43366290,200239515,train
43366319,200239515,train
43366369,19303369,train
43366411,19303369,train
43374152,334163301,train
43374344,334163301,train
43374779,334163301,train
43374823,334163301,train
43374916,19303369,train
43374958,19303369,train
43374989,19303369,train
43375428,19303369,train
43375539,334163301,train
43375590,334163301,train
43388308,19303369,train
43414655,334163301,train
43414750,334163301,train
43667522,19303369,train
43667729,19303369,train
43667814,334163301,train
43787927,19303369,train
43788246,334163301,train
43817473,19303369,train
43877901,334163301,train
43878353,334163301,train
44032314,19303369,train
44032538,334163301,train
44394849,19303369,train
44394908,334163301,train
44434425,334163301,train
44434505,19303369,train
44520370,334163301,train
44520855,19303369,train
44580140,19303369,train
44594212,19303369,train
44633289,334163301,train
45057559,334163301,train
45057731,19303369,train
45078697,334163301,train
45079976,19303369,train
45088467,334163301,train
45091859,19303369,train
45219192,200239515,train
45222805,200239515,train
45223669,334163301,train
45224033,200239515,train
45224180,200239515,train
45286799,334163301,train
45287153,334163301,train
45328502,19303369,train
45380558,200239515,train
45450025,334163301,train
45466085,19303369,train
45529930,334163301,train
45543723,334163301,train
45597289,19303369,train
45668457,200239515,train
45673594,200239515,train
45725319,200239515,train
45842595,200239515,train
45843537,200239515,train
45951602,19303369,train
46038909,19303369,train
46155135,334163301,train
46173462,19303369,train
46202921,200239515,train
46296855,334163301,train
46315250,334163301,train
46401930,19303369,train
46724124,334163301,train
46797041,19303369,train
46971273,334163301,train
46971592,200239515,train
47232440,334163301,train
47234568,334163301,train
47257555,334163301,train
47293314,334163301,train
47336390,200239515,train
47443117,334163301,train
47551230,200239515,train
47756945,334163301,train
47841255,200239515,train
47882500,200239515,train
47882733,200239515,train
47977116,200239515,train
47977733,200239515,train
47977875,200239515,train
48006332,334163301,train
48011499,200239515,train
47797468,31032957,train
22980907,29241227,train
31014381,231628393,train
9047816,2660650,train
17975664,123458466,train
23437793,11581619,train
8459919,6601201,test
17842170,122044489,train
23952724,121379512,train
38461254,291033670,train
40212454,60411344,test
42813732,340959159,train
43613806,316790490,train
43613814,316790490,train
43741824,176950173,train
45563990,364874943,train
45581957,334383362,train
45703833,85664849,train
19361884,101657794,train
34813189,262360035,train
36103414,270008247,train
37662389,284548162,train
41625118,328300309,train
41719344,384430,train
15941474,101657794,train
37783276,280579151,test
10545027,54378184,train
15970318,101657794,train
27424610,2948064,train
27426650,2948064,train
46911,210746,train
177606,849492,train
23388053,6542295,train
37270228,280579151,test
46356028,65690091,test
3914962,20278196,train
14153255,52862385,train
19768754,619942,test
19884639,619942,test
19894567,619942,test
29278439,34075689,train
29635253,34075689,train
29902956,224850313,test
37660941,284548162,train
38465274,293264001,train
5882725,20557884,train
12087785,54378184,train
14406923,71663192,train
15527416,99804239,train
18872858,57165692,test
25226807,8250822,train
26447633,3166183,train
31122807,232599387,train
31313806,49101398,test
34062876,130675,train
37780043,280579151,test
39466666,303156931,train
39540228,303156931,train
42141925,334383362,train
42742199,334383362,train
42856062,46722604,test
45734224,28829334,train
46278915,482816,train
46781184,328300309,train
1331960,2671491,test
2645558,2653156,test
17684912,6274742,train
21851228,7709305,test
22344483,163376694,train
28897267,21203916,train
34493247,257396181,train
34929338,6887469,train
39481793,14691130,train
45804385,20293314,train
46122351,88771982,train
46450521,139934186,train
46676038,322014602,train
8775324,6408132,train
29630099,57773455,train
46255120,4975955,test
46733217,61149917,train
48023813,742100,train
2025709,1555612,train
19533025,124399442,train
19533701,124399442,train
21122097,39528519,train
21122476,39528519,train
21628183,39528519,train
21972082,39528519,train
24565942,39528519,train
30400750,37170601,train
32595489,245002893,test
36452170,9626457,test
31168781,39528519,train
6084475,31534322,train
22371082,2212344,test
23385738,39528519,train
44293849,4471600,train
15345313,97853468,train
21491304,1397707,train
25948225,2974873,train
1156499,5644215,train
12079099,39528519,train
23184420,39528519,train
24805249,3494371,train
71248,363834,train
2745734,14046864,train
13815162,65809485,train
16356884,39528519,train
18858192,71146310,train
19068247,23991242,test
19996592,4077993,train
20001006,141937671,train
20308965,363834,train
20917712,117492425,test
24555212,39528519,train
25903655,67191518,train
27011736,39528519,train
27953771,15102235,train
28121595,301836,train
28408938,17760140,train
30355109,39528519,train
40335381,183127881,train
43062833,2533991,train
43470278,245002893,test
21627794,39528519,train
21627938,39528519,train
23271408,39528519,train
24591995,39528519,train
31146079,39528519,train
42466802,223451514,train
44137259,46488794,test
45689456,26219578,test
45781564,281495933,train
46486811,264327510,test
47715737,291713244,train
47742647,291713244,train
47743105,291713244,train
47743269,291713244,train
41875001,301836,train
44117862,4343091,test
45379767,306024152,train
45686008,237476701,train
46068448,16322579,train
46563202,344463,train
46967616,306024152,train
47715372,291713244,train
47769780,13454819,train
47910790,386179385,train
1313340,7136700,test
3093240,7136700,test
4576206,22017065,train
4711396,24146326,test
11234747,24146326,test
12702755,39528519,train
14028280,60688035,train
16134738,9372363,train
17007971,113558977,train
17242854,8159536,train
19525455,7958923,train
21647932,157295347,train
21664702,89337192,train
23002312,42677381,test
23289380,39528519,train
26252097,157295347,train
26255072,157295347,train
30417877,25077909,train
39113138,11379822,train
42696375,301836,train
42773181,266752544,train
43639427,10174622,train
44146260,130155462,train
45181519,135563775,train
45350260,136258488,train
45591558,117492425,test
45749745,25077909,train
7563493,39648442,test
11514756,60688035,train
15932054,103392673,train
16086891,104835356,train
16180645,103392673,train
16204899,103392673,train
19878366,117492425,test
22010594,160726948,train
22919133,169686676,test
24868956,187908645,train
27585318,204704622,test
27681714,208946050,train
27933916,204704622,test
28463327,214863971,test
29388803,36995455,train
30537134,228879817,train
31669029,7571700,train
31950380,195654382,train
33471805,252191305,train
33829791,204704622,test
34656064,121083075,train
35545346,263916265,test
36237529,272557707,train
39526115,10951481,train
40014248,308597650,train
40403927,183127881,train
40592964,314533486,train
40623829,314533486,train
40624017,314533486,train
40624194,314533486,train
40624298,314533486,train
40624423,314533486,train
41004118,183127881,train
41664099,229296368,train
42243322,335572103,test
42244160,335572103,test
42289034,335572103,test
42935766,204704622,test
42936364,204704622,test
42942055,204704622,test
43044938,340793389,train
43129855,257802323,test
43147081,257802323,test
43147128,257802323,test
43147211,257802323,test
43148018,257802323,test
43148071,257802323,test
43148110,257802323,test
43366638,204704622,test
43366674,204704622,test
43375476,204704622,test
45234756,23774423,train
45602209,204704622,test
45938496,328263918,train
6619589,4265630,train
16181190,103392673,train
17383677,117492425,test
18876659,131530792,test
20481814,110346349,test
22027241,7608933,train
22730139,167595532,train
23634984,176890090,train
26861684,46182994,train
27527506,204704622,test
28291704,174785358,train
28335929,174785358,train
28337870,174785358,train
28338004,174785358,train
28338131,174785358,train
28897533,204704622,test
28908658,204704622,test
29797153,224176858,train
30213232,204704622,test
30213410,204704622,test
30894445,176890090,train
31267520,174785358,train
32517517,204704622,test
32943558,205151601,train
33153521,176890090,train
34254969,204704622,test
34446898,174785358,train
34751224,260193759,train
35638345,263229425,test
35893569,170566147,train
35935180,261007573,train
37543070,138683254,train
38314878,138683254,train
38730062,135772622,train
39532400,303726828,train
42182383,294428595,train
43053652,204704622,test
43129047,257802323,test
43240332,192590901,train
43414885,204704622,test
43450191,204704622,test
43668339,204704622,test
45406436,257802323,test
45406499,257802323,test
45406560,257802323,test
45696799,204704622,test
45955378,372551446,test
19021000,126582789,train
27149449,200380610,train
27216072,200380610,train
27216202,200380610,train
27217390,200380610,train
27217551,200380610,train
27274799,200380610,train
27279982,200380610,train
27301019,200380610,train
27385411,200380610,train
27386339,200380610,train
27389714,200380610,train
27389930,200380610,train
27953232,200380610,train
28128149,200380610,train
30314337,163251048,train
30314623,163251048,train
30315087,163251048,train
30814778,163251048,train
37074081,204704622,test
37074193,204704622,test
41590667,327808578,train
42117258,334061896,test
42245076,335572103,test
42889599,204704622,test
42890061,204704622,test
42975124,305141335,test
43038479,204704622,test
43038569,204704622,test
43038680,204704622,test
43038779,204704622,test
43042861,204704622,test
43043013,204704622,test
43044060,204704622,test
43044308,204704622,test
43053681,204704622,test
43129626,257802323,test
43146943,257802323,test
43376016,204704622,test
43440357,243655782,train
43668278,204704622,test
43862488,204704622,test
43931518,204704622,test
43986438,204704622,test
44012173,204704622,test
44014632,204704622,test
44104567,305141335,test
44375835,345709132,train
44376319,345709132,train
44376501,345709132,train
44377677,345709132,train
45089745,204704622,test
45286452,204704622,test
45913627,184874464,test
45951781,204704622,test
46101558,200380610,train
46214998,204704622,test
46297226,204704622,test
47872208,184874464,test
47923063,50129574,train
47940310,204704622,test
47969097,386179385,train
27215273,200380610,train
27584915,204704622,test
29149191,200380610,train
29150883,200380610,train
35641231,260805765,train
37899470,107259716,train
40623330,314533486,train
40624525,314533486,train
42182490,294428595,train
42242676,335572103,test
42243750,335572103,test
42289351,335572103,test
42817699,159355723,test
42889062,204704622,test
42889280,204704622,test
42889728,204704622,test
42889855,204704622,test
42935943,204704622,test
42936229,204704622,test
42942408,204704622,test
42942722,204704622,test
42942785,204704622,test
43043180,204704622,test
43043331,204704622,test
43043928,204704622,test
43044132,204704622,test
43045137,340793389,train
43045424,341616623,train
43053403,204704622,test
43053551,204704622,test
43129546,257802323,test
43130003,257802323,test
43131569,257802323,test
43131652,257802323,test
43131778,257802323,test
43131822,257802323,test
43147021,257802323,test
43148145,257802323,test
43375507,204704622,test
43387965,204704622,test
43388049,204704622,test
43388103,204704622,test
43388163,204704622,test
43388608,204704622,test
43391847,204704622,test
43391893,204704622,test
43639993,348467761,test
43667606,204704622,test
43667881,204704622,test
43788121,204704622,test
43931225,204704622,test
43986380,204704622,test
44032673,204704622,test
44322911,299411542,test
45234649,23774423,train
45384916,204704622,test
45406296,257802323,test
45783086,328263918,train
46003308,328263918,train
46402076,204704622,test
46795911,204704622,test
47833373,204704622,test
47833551,204704622,test
47883063,204704622,test
47883677,204704622,test
47910465,386179385,train
47968930,386179385,train
14237397,25843005,train
8313551,5268758,train
15898224,24146326,test
16085004,11206175,train
16824884,5447617,test
20437726,37312959,train
20897952,61391963,train
22445969,61391963,train
23749162,6989615,train
24497152,61391963,train
27225643,187870198,train
27570295,61391963,train
27570485,61391963,train
30182137,61391963,train
32207088,36732553,train
33398445,61391963,train
33416246,61391963,train
33736715,61391963,train
34175118,61391963,train
37294438,61391963,train
39414106,61391963,train
39920510,61391963,train
39920610,61391963,train
40896785,61391963,train
42046045,332819883,train
42835727,61391963,train
43068896,61391963,train
46330338,61391963,train
3426028,16282569,test
5885373,4291007,train
6479526,33854896,train
8021914,39921605,train
10553095,44547688,train
12245694,48745427,test
20269685,33776302,test
21136618,16282569,test
21253000,10994664,train
26948057,17477908,train
30975278,10994664,train
30975610,10994664,train
30976138,10994664,train
31905458,239180752,train
33580893,248122395,train
33838752,139876671,train
34517087,260577152,test
34517657,260577152,test
34517660,260577152,test
34517661,260577152,test
34517666,260577152,test
34517667,260577152,test
34517668,260577152,test
34518079,260577152,test
34518082,260577152,test
39100961,220229838,train
39891822,2299257,train
40159446,188973593,test
40162964,188973593,test
40163580,188973593,test
40163701,188973593,test
40163795,188973593,test
40163909,188973593,test
40416343,243367528,train
42125107,139876671,train
43376073,160872590,train
44818009,48098268,train
46901076,139876671,train
46901295,139876671,train
47138600,48098268,train
206772,1017473,train
858223,4431107,test
1654713,5556571,train
2150818,10976977,train
2913960,14883031,train
3626609,3038687,train
3801501,4071690,train
4019174,17379712,train
4274462,22189723,train
5224210,1220404,train
5319150,3865502,train
6743346,5556571,train
7749763,39528519,train
9408123,31368679,train
9765011,37821056,train
9863045,16911403,train
9882198,4483467,train
9900100,34991003,train
10922889,39528519,train
11226397,47475013,train
13980911,32167398,test
14301951,87370616,train
15648413,80262218,train
15754561,87370616,train
16015571,39261381,test
17375118,7764976,test
18914656,131354448,train
19028078,44547688,train
21660113,10994664,train
21771395,124042625,test
21802458,59281169,train
23034200,79489045,train
23059611,12502207,train
23609559,1699871,train
24937736,158298749,test
25458048,9582456,train
27082137,10194134,test
27596342,124399442,train
27959826,79489045,train
28491645,114249746,test
29417325,221595358,train
30203891,221595358,train
30355292,39528519,train
30355793,39528519,train
30685991,2019933,test
30974895,10994664,train
31145654,39528519,train
31145829,39528519,train
31145928,39528519,train
31219246,23628103,train
31830652,8849869,train
33689108,229288218,train
33974082,32167398,test
33974777,32167398,test
33999377,32167398,test
33999874,32167398,test
34616078,107272884,train
34784910,129732363,train
37239895,2042671,train
37459398,8288419,train
38598735,272305353,test
38599141,272305353,test
38777847,2439926,train
39153742,142490522,test
40084645,43103479,train
40653017,272305353,test
40710344,42153037,test
41273609,290202153,test
41383957,4393631,train
41958174,30542864,train
41964752,35906535,train
42333009,30542864,train
42489208,139876671,train
42609661,30542864,train
43655601,30532557,train
43731642,4393631,train
43743105,4393631,train
46006685,823490,train
46749740,48523649,train
46900455,139876671,train
36703,158284,train
281851,1469036,train
857696,2559004,train
1277955,836911,train
1596603,2390919,test
1865336,9725785,train
1941094,2559004,train
2177004,11103721,train
3563271,6911276,train
3793542,700913,train
3979714,557329,train
4146226,20338147,train
4571925,23699355,train
5396801,22249707,train
6540907,31298029,train
6582117,23607132,test
6885686,6354758,train
7182243,30791331,test
7436186,6367907,train
7770735,40874834,train
7840953,7579910,train
8115321,40874834,train
8115423,40874834,train
8459744,30791331,test
9730117,68890,train
10338839,53206623,train
13042752,62843071,test
13156842,62843071,test
13394748,62843071,test
14320998,84810879,train
14691805,91359302,train
15858922,8715723,train
17014809,8715723,train
18235200,62466309,test
18240632,64425305,test
19610687,2597159,train
19811114,16705993,test
20173308,62843071,test
20882090,34506361,train
21091844,28270349,train
21295951,76021267,train
21470099,3038856,train
21638538,130201799,test
21901025,1483578,train
22101034,94713722,train
22550483,77526864,train
23253216,9484908,test
24019172,9263105,train
24019880,9263105,train
24480789,184928600,train
25830098,4058230,test
27486545,23120620,train
27622210,402569,train
28346019,43044876,test
30367724,228000501,test
31064733,6367348,train
31211375,231959634,train
31512324,135722057,train
31931117,815436,train
32516998,4107600,train
32620347,43044876,test
32938230,3483514,train
33119863,42540127,test
33377642,819759,train
34416046,212171922,train
34545869,34643568,train
34770466,212171922,train
35546298,52062343,train
36726102,62659791,train
37461862,80283042,train
38162887,269816077,train
38633932,28270349,train
39225414,24308464,train
41008165,24918475,train
41109085,37027805,train
41453339,18996265,train
42046105,14719992,train
42608714,332891617,train
42800812,340910893,train
42863512,37027805,train
817113,1141935,train
4293935,1141935,train
17776390,35606248,train
17776554,35606248,train
26250476,102228163,train
27759146,209549523,train
33430847,251852817,train
33431709,251852817,train
33431823,251852817,train
33431909,251852817,train
33431978,251852817,train
33621795,257565053,train
33622308,257565053,train
33622378,257565053,train
34263343,251852817,train
39726291,251852817,train
39843036,306615620,test
39890875,193759914,train
41749369,3870556,train
42763961,340373893,train
42791999,340373893,train
42792116,340373893,train
42792175,340373893,train
42792252,340373893,train
43229329,216786331,train
310524,1597481,train
3354458,16926880,train
3826908,19691070,train
6619187,34643568,train
7108852,20439826,train
7612456,4936739,train
8720923,41324442,test
9546039,49435973,test
9858259,50451849,train
14815230,92596736,train
16731782,1384388,train
21215073,9522664,train
22985168,71733378,train
24323953,34643568,train
24776834,34643568,train
27422570,34643568,train
27776926,43044876,test
28950019,43044876,test
29923252,43044876,test
32779148,1135032,test
34373985,34643568,train
34400293,37027805,train
38866268,1746765,train
41354388,3799902,train
39627918,304261640,train
39628230,304261640,train
2155610,9917136,test
2305890,11778114,train
14769619,74179880,train
19273138,53480097,train
19428065,53480097,train
21298453,154128335,test
21405904,77750223,train
21451138,154128335,test
21818110,159027993,train
21824124,159091490,train
22096182,51734800,train
25010171,159027993,train
27733301,4980580,train
35056734,178164173,test
36316243,174197082,train
38317957,291420067,train
39424633,218336964,train
40891382,6621292,train
41342287,315995016,train
41351560,315995016,train
41670137,169413988,train
41670313,169413988,train
41899401,275996876,train
42195727,169413988,train
15188738,96424121,test
15328242,96424121,test
25356602,123506305,train
27584957,207777872,train
27585912,207777872,train
36475360,218289083,train
39927214,307566664,train
42784401,340750256,train
42784623,340750256,train
42784692,340750256,train
42997529,340750256,train
44464045,307566664,train
4783057,24660443,train
4993422,25744379,train
12130236,65096495,train
15342164,97822063,train
15744035,10675384,train
22862288,13997208,train
28782669,216411482,train
29877024,224675361,train
30108978,36021544,train
30296364,227548199,test
30801197,14818535,train
31231904,203981093,train
33374241,203569485,test
33621940,257569145,train
33877113,255811821,train
34866897,20086738,test
35513661,51140757,test
35688424,20086738,test
37021195,270645572,train
38232271,290480767,test
38621136,156551602,train
39337020,20086738,test
39507856,228562055,train
39663462,28722667,train
39667606,8502743,train
40598227,171446547,train
40614603,314722997,test
41111564,321312796,train
41720411,154984900,test
43876891,217054194,train
9994765,35082637,train
21368441,120574445,train
31216136,14384914,test
42743073,340410992,train
45204383,1739580,train
4412533,22904933,train
9045876,7380428,train
21326923,75059797,train
25618970,249006,train
27557322,3662122,train
40806623,317250780,train
43423642,11395111,train
43703156,26846438,train
153780,739499,train
2700296,13792543,train
10086307,13792543,train
13294471,75032421,train
13451786,64748382,train
36095625,115939890,test
24833279,156716488,train
35931169,35082637,train
39387078,3274903,train
10134546,51991283,train
10393619,12258594,test
13971471,8338942,train
16424070,27977412,train
19900843,135049810,train
20450185,3656083,train
21165138,148852095,train
22076192,159811367,train
22219529,101970559,train
26994397,200461550,train
28761735,65827591,test
29027131,200461550,train
29612338,1286471,train
30374563,228104837,test
31103559,228608906,train
32937780,10154339,train
33745548,252604696,train
33745549,252604696,train
33745550,252604696,train
34096836,257005399,train
34096839,257005399,train
34096841,257005399,train
34470950,255234351,train
34470953,255234351,train
34573791,260871835,train
34794703,262354421,train
34805211,262354421,train
35086241,262215444,train
35086502,262215444,train
35086713,262215444,train
35150572,50749117,train
35533850,264478123,train
35533939,264478123,train
35543778,265195377,train
35544077,265195377,train
36148341,26951191,train
36480833,274254126,train
36585716,269823883,train
36631549,69683180,train
37706464,284126288,train
37890312,116056294,test
38480148,290123180,train
38993493,298338860,train
38993556,298338860,train
38993679,298338860,train
39112832,227516354,train
39587960,304185120,train
39777611,305768694,train
39927456,190154361,train
40091204,305768694,train
40307671,19801836,train
40587568,20222165,train
41569497,248021206,train
41583537,11789134,test
41637835,248021206,train
41641376,248021206,train
41952215,14456700,train
42038789,144485210,train
42096541,333870992,train
42108297,333985647,test
42108409,333985647,test
42138758,8035636,train
42471821,313251698,train
42812799,8115401,test
42981740,231054333,train
43292248,48176086,train
43744465,272888515,test
43986573,272888515,test
43998221,352534073,test
44491496,356315174,train
570218,2805772,train
674692,3425965,train
1300950,7073209,train
1782667,3886532,train
2044873,3886532,train
2700596,13792543,train
3655007,18492106,train
4265471,3294438,test
4457556,22904933,train
6145637,9532490,train
7037918,36242220,train
8106774,7380428,train
8525172,44887928,train
8869383,46420811,test
9383406,6991164,train
9445593,48949937,train
9513511,49293611,train
10634636,697477,train
11069291,57460097,train
12832062,1106731,train
13514115,3886532,train
14073163,60617669,test
14340328,8338942,train
14949914,69117812,test
15521674,8338942,train
15845215,76536839,train
16219145,40721357,train
16300101,27977412,train
16423090,27977412,train
17231011,116056294,test
17367175,4120523,train
17711806,28573,test
17897913,92561578,train
18490798,13640971,train
19102698,133460613,train
19103027,133460613,train
19521346,12647740,train
20616888,147210078,train
20653520,147210078,train
20741384,147210078,train
21727742,158212655,train
21972403,101970559,train
22237320,159811367,train
22276159,12258594,test
23120062,3324577,test
23685538,37286422,train
24430682,179026754,train
24919725,159154462,test
25425106,5522547,test
25891334,3294438,test
26814523,176951326,train
26814616,176951326,train
27369713,206260220,test
27603505,80075650,test
27963195,189404055,train
28204876,118410907,train
28716187,216611306,train
28867326,65827591,test
29008272,43194941,train
29215541,219502160,train
29359092,217159080,test
29570523,222626145,train
29983923,225400206,train
30037932,183625602,train
30244166,225429345,train
30702161,203982404,train
30818441,230531384,train
30912190,222946997,test
31042613,89580862,test
31043221,89580862,test
31705971,220480440,train
31775512,159811367,train
31859521,220480440,train
31994501,126049688,train
32841690,233227636,train
32842295,233227636,train
34096795,257005399,train
34096837,257005399,train
34470954,255234351,train
35085680,262215444,train
35086354,262215444,train
35292041,29731292,train
35344040,29731292,train
35533434,264478123,train
35534087,264478123,train
35550080,169419092,train
35581315,163625145,train
35600877,163625145,train
35644555,268149303,train
36476256,274254126,train
36481356,274254126,train
36483268,163625145,train
37082885,278922840,test
38480246,290123180,train
38617525,284126288,train
38800681,239952407,train
38993616,298338860,train
39000495,47593526,test
39180803,228608906,train
39274053,301519413,train
39509963,116914541,train
39566015,302586724,train
39777804,305768694,train
39839863,119926735,train
39972925,305768694,train
39973174,305768694,train
40105828,20568490,train
40152377,309951650,train
40289316,311055083,train
40396566,207364603,train
40474721,313251698,train
40657813,315365583,test
40868745,55607877,test
41048662,4372524,test
41153653,232000954,train
41365485,6439477,test
41485963,232000954,train
42002364,172311922,train
42215473,146741271,test
42982243,342224614,train
43173066,343775444,train
44477636,220480440,train
44521014,301909938,train
14043646,15838559,train
20561751,105074140,train
22050927,135530716,train
22365504,163259257,train
22751525,155223823,train
26139590,15838559,train
38289648,76655441,train
14827512,9390190,train
30525488,33211729,train
5288228,860636,train
5749147,860636,train
6077798,17249370,test
8880524,3758073,train
15468038,21105084,train
17501131,16356565,train
18908252,11555258,train
19174546,6060075,train
20757519,42154911,train
21008377,6958439,train
22051488,135530716,train
23550832,128632789,train
26669041,200479961,train
36241782,12091973,train
36643130,200308208,train
37251030,94349123,train
39135778,17782011,train
39380638,302488974,train
39920435,2057341,train
903551,4830421,train
11850782,39476438,train
16362226,105074140,train
21358930,131476068,train
27002075,194843581,test
27029894,194843581,test
28340136,213111794,train
38726310,283520506,train
9633740,6753765,test
16175740,105074140,train
17730390,13416818,train
18108590,13416818,train
18924446,57230304,train
26916746,193502084,test
27491585,193502084,test
27528620,193502084,test
28046416,193502084,test
11373754,31921385,train
37755870,89787594,train
40039217,87346764,train
40172219,87346764,train
27029402,194843581,test
27528935,193502084,test
27529129,193502084,test
27529325,193502084,test
28014073,9130040,train
28497028,9130040,train
29760740,193502084,test
38226783,9130040,train
38725174,283520506,train
39114171,48684597,train
723507,3737582,train
916105,17297,train
2598087,13304615,train
4025313,17249397,train
5495927,860636,train
5697556,946943,train
9903132,50925964,train
12028733,52474491,train
12924969,758441,test
16062739,104626152,train
20523843,15787004,test
24808312,15787004,test
28339747,213111794,train
28340434,213111794,train
35933715,270277478,train
36412880,3427758,train
38236354,9130040,train
38694732,17832807,train
38749353,4912957,train
39955583,15787004,test
41373989,325297928,train
2412294,10196259,train
7432146,4279384,train
7686940,40371157,train
7789850,160732110,train
9745297,18830662,test
13445027,66786569,train
18649806,44838931,test
24959295,34184387,train
27393151,143084679,test
4707159,529546,train
6262562,15743237,test
8241545,21628945,train
12167819,65359432,train
15598367,82854298,train
29472696,167620568,train
29759120,861848,train
31149078,167620568,train
34392044,178924110,train
39587759,304182642,train
1546945,4983320,train
14809302,40236384,train
15474504,82854298,train
29253322,219930693,train
30175521,100935364,test
31058888,26992810,train
34369607,178924110,train
35992337,145140746,train
38403825,1333404,train
8823897,160732110,train
12999167,19726948,test
14706784,26538766,test
16314419,106756395,test
16554488,39055365,train
17023591,40972641,train
18649105,44838931,test
22336218,108150300,test
29237852,219930693,train
30857261,230108889,train
11506248,923791,train
14366054,5120169,test
19673107,138526119,train
23466360,111782745,train
25355282,26996515,train
26494942,35746135,train
28387362,22685487,train
28932466,146821560,train
30418905,35746135,train
33457366,35528708,train
1183005,6471326,test
3549074,17866326,train
4966559,25602663,test
5875384,9235481,train
6915467,27962518,test
8915246,2968774,train
11935301,24253453,test
13556607,77134747,train
14184335,62172448,train
14539106,77001085,train
16493084,7427325,train
16823712,10810355,train
17855771,34745360,train
18353019,40972641,train
20075580,5016524,train
21620322,5120169,test
21920061,45731391,test
22252595,26984764,train
22306969,3161518,train
22800208,45857976,train
26183173,99658452,train
26670812,88576580,train
27328415,17866326,train
27473250,14364462,train
28411594,22685487,train
30354304,3285978,train
30376416,143084679,test
30677218,24865062,test
30882631,3285978,train
32042721,240239465,test
34969710,263468322,train
8832355,4703687,train
29800927,157703622,train
40728425,218843230,train
4699061,24291213,train
6452788,28000421,train
9336526,27962518,test
11102591,4110759,train
11373565,59609062,test
11646497,21480710,test
12249461,24291213,train
13685550,79704239,train
17892835,25753120,test
19699241,138782186,train
21468762,61696564,train
27140472,2163625,test
33036559,43063099,train
37467145,9640446,test
39246474,145140746,train
42916276,206538133,train
42916427,206538133,train
46400759,373604254,train
2657689,9051298,train
3301484,56920,train
4700809,24298733,train
5432178,28000421,train
8588390,10312377,train
14629878,46502890,train
16575852,42076125,train
21271180,133146682,train
21589646,104775467,train
22247316,43600815,test
28506595,8834412,train
29684231,861848,train
39075477,44632313,train
39331654,263468322,train
40215789,4317615,test
43126635,62843604,train
595451,59777,train
798008,758441,test
10134557,6753765,test
12028495,52474491,train
22050058,135530716,train
38236736,9130040,train
42622127,339534860,train
42815577,339534860,train
42816376,339534860,train
45084939,14898658,train
45092319,14898658,train
45100470,14898658,train
45175969,14898658,train
32050230,202697970,test
640899,165045,train
4537389,22927481,test
5049823,22927481,test
9765944,10366292,test
22117983,101430405,test
35639073,260807399,train
42694786,128632789,train
42770773,128632789,train
42879863,339534860,train
18211851,170034,train
26744053,200933726,train
32195523,158638243,test
37184038,265286065,train
39133281,128839892,train
39272481,230085076,train
39748190,305503356,train
39972810,308173820,train
40750941,20875858,train
40752323,205867697,train
42275019,143767350,train
42437972,10085003,train
42666455,11358628,train
43249521,46348551,train
43434011,71578008,test
43458806,6274269,train
43659992,22617485,train
43667285,348738370,train
44071753,294070,test
44171339,199457450,train
44630189,94291,train
45334216,366467231,test
45340880,6467048,train
45414464,91431070,test
45631529,341515596,train
46472498,344977817,train
46612993,293474639,train
47161414,12809831,train
47827025,385480698,train
33616694,18599809,train
35657430,132402260,train
36180667,33362434,train
37036243,278026489,train
37212171,247126284,train
37929467,19352298,train
38320677,291479768,train
39973319,307060051,train
40891080,303993729,train
41840320,3777978,test
42426655,337711840,test
42446402,9006067,test
42518749,5501712,train
42536953,38344349,train
42821208,341061826,test
42827034,341089565,train
42932470,103229285,train
44553435,40130852,train
46100513,3777978,test
46472923,4414409,train
48017619,387071756,train
1334633,7125872,test
4351563,16504161,train
4641291,24030482,train
4784846,24667595,test
6688780,11199830,train
7151565,37453881,train
7396662,7489344,test
9732432,14974205,train
9804243,2330750,train
11948586,63800453,train
13864705,81953225,train
22000019,160643378,train
23091460,104425922,train
23922930,179825270,train
26186295,196701166,train
28431734,55004447,test
29994675,225489491,test
31494679,149221924,train
33560646,119294198,train
35465766,6227706,test
36113110,18594883,train
39060270,299373549,train
41565203,90144524,train
9880294,2569188,train
12308695,33049782,train
13101260,676499,train
13256651,56142507,train
13868137,65846751,train
13927922,82740389,train
15915152,109039730,test
20481653,80597953,train
20667471,136267788,test
21981036,75664810,train
22019912,13208109,train
22483776,55197894,train
23024065,105758386,train
23378281,160721088,train
24699443,186668589,train
24799677,25109819,test
25820809,194031970,train
29834691,224413673,train
36374141,37872024,test
37202760,2550683,train
37655371,284534515,test
1332473,7027562,train
2569466,13156191,train
4706957,633339,train
4766198,24590092,train
6099485,15763944,train
8014811,42320409,train
9045427,47198995,test
10133534,6606618,train
13329706,55829442,train
14264190,16438467,test
16206887,43754478,train
19274206,7033916,test
19843731,137832487,train
21622909,444603,train
22423342,85678544,train
23882152,2375125,train
27984123,57484031,train
29473324,586840,train
30089955,50046186,train
30853694,14276413,train
31474126,126052775,test
32434711,243627109,train
36381909,272290982,test
38164809,119188725,train
40122178,309636649,train
46674529,96029994,train
1264920,6882340,train
9275453,48171900,train
10175678,10590489,train
11829419,62915940,train
14712466,42764722,train
14882137,93316008,train
19066190,52052321,train
20663721,147803075,test
21011532,151293286,train
29103450,59204717,train
29740171,45618730,train
33558102,157708630,train
8845982,15641304,train
20071095,62258958,train
20213442,7285042,train
21739952,64185090,test
22562364,30812164,train
25982839,121392618,train
27903710,58086694,train
27955820,58905707,train
27965802,154678310,train
28358001,11026665,train
29435698,3583973,train
32110731,239360406,train
32806789,246791914,test
35686575,268149976,test
36608881,18481224,train
3943630,19166037,test
12791778,17239096,train
14716403,70724038,train
23624930,176763105,train
26416651,152032831,train
27949286,211115242,train
28625897,97546900,train
30908766,16089151,train
796490,4107826,test
6225501,150832,test
8518051,44850669,train
21324360,154362702,train
23574142,176185168,train
27921952,210916369,train
30130572,2557167,train
31205016,45950521,train
32138645,16954523,train
33674936,9850389,train
37774311,169794566,test
38019249,288418880,train
6384560,4233168,test
23320351,70331348,train
31414856,235311151,train
14421258,31344441,test
29283634,172859639,test
33618213,23991239,train
24970711,188783370,test
36344450,273312989,train
5352802,5740424,train
8454886,16954469,test
9324841,9659504,train
9953403,2361525,train
10163617,4273661,train
11526684,21960625,train
13769222,80780369,train
14233670,86538929,train
19012181,132644162,train
20134851,4305955,train
20185442,48685877,train
20620313,5291405,train
20896520,5299551,train
21041595,151560823,train
24226175,27655941,test
25677480,9726872,test
27930717,34817471,train
27934546,8252974,test
29301889,105572926,test
29797522,213183791,train
31668481,230930866,train
31898630,239116505,train
33741107,216274333,test
33986797,251768799,train
35038658,263945896,test
36668085,31617911,train
36762502,167870946,train
37591186,90110651,train
39334075,207431103,test
39866812,211666263,train
40777106,316623077,train
2942732,160337,test
3870294,736815,train
4145494,21505913,train
5266888,14684238,train
5954466,30909882,train
6561328,24860438,test
9685865,50031308,test
11659296,49572092,train
13274366,16016579,train
19744691,22887221,train
22984370,1300215,train
23019746,168988812,train
29217721,16862116,train
34862591,2201963,test
35531348,20183193,train
38154071,42525625,train
774899,266210,train
1911641,5032943,train
4965152,14854832,train
5164045,26710027,train
8204305,32791632,train
8328900,890425,train
9560034,23854797,train
9712829,8262339,test
9792720,20337316,train
13714073,56841950,train
14230982,86510175,train
15194855,68538563,test
27853549,5064974,train
28931117,13027278,test
1670517,8844412,train
35119736,16424639,test
302057,1555897,train
6539778,34201688,test
6765697,35417042,test
27922561,176415826,train
33513077,20555097,train
5720988,29664627,train
7785952,4797755,test
11164047,58070616,train
14171171,58949132,train
15090815,89873907,train
15927695,23832321,train
16930662,37185194,train
17845507,122079426,train
19413675,28249503,train
19655186,138359603,train
21963428,8243469,train
23327138,10826173,train
23714915,177714844,train
24714264,46594096,train
24985440,463061,train
27733542,6591232,test
29025777,5563142,train
31486707,33120658,train
31916931,239276795,train
38024535,266390808,train
38414583,277939812,train
41191723,7537879,train
900383,4808242,train
1445977,7701933,train
2010787,1859395,test
2060275,10545845,train
2084817,2657134,test
2465333,12058474,train
2744185,2739598,train
3110978,15810320,train
3120957,8703,train
3191678,9122601,test
3688197,11371357,train
3882682,194994,train
4003515,2787824,train
4390865,22688555,train
4428027,10396079,test
4462491,302529,train
4643295,4094284,train
5002867,262760,train
5030646,25968714,train
5487204,6834165,train
5557135,28809821,train
6077354,31545214,train
6168331,32001723,train
6423521,33513998,train
6637311,34740215,train
6655786,7088466,test
6937897,36375657,train
7302762,1533248,test
7661020,40204929,train
8174397,9511935,train
8563025,13313020,train
8681709,1644914,train
8720702,2549463,train
8914109,13951574,train
9183131,872654,train
9247687,48055483,train
9301755,4865452,test
9478370,8200337,train
9563873,49514708,train
9778583,34351124,train
9786021,50442604,test
9820968,16352538,train
9860497,5561694,train
9862872,50762019,train
9866039,314008,train
10058971,18919268,train
10087874,28840058,train
10564483,17012496,train
11580884,59075666,train
12582348,34546087,train
12713289,25076118,train
12824308,20627466,train
13040683,28868609,train
13094250,72701423,train
13237190,31460662,train
13239693,27652670,test
13573310,78286572,train
13671936,9371652,train
14181565,85914840,test
14278303,792365,test
14406826,88593699,test
14694447,91292951,train
14852147,21705530,train
15174230,21142670,train
15596539,1427352,test
15721847,909710,train
16252722,18625208,test
16373546,10683360,train
16374783,697678,train
16608718,17371775,train
18628912,27789935,train
18912084,17419817,train
18913089,23568850,train
18996206,132513543,test
19207312,6287848,train
19912256,1927824,test
19922819,10642725,train
20527413,54401544,train
21457989,2350011,test
21754946,46224196,train
21867440,29599980,train
21978558,21657795,train
22702906,6291509,train
22753912,16200683,train
23160162,71840935,train
23670513,177161276,train
24229203,4391922,train
24370692,8973065,test
24727745,129585378,train
26359068,190854592,train
27064423,1330116,train
28366864,49487260,train
28856920,4722955,train
28987503,218458746,train
29051948,63952962,train
30325586,26671786,train
30747260,28821748,train
30799325,78378674,train
32385720,141508996,train
34546192,1542506,train
35010481,2449047,test
36979307,65679790,train
37016764,4691878,train
37060459,68432581,train
39173096,130082352,test
1408353,7594811,test
1810640,4572968,train
4322711,77328,train
4830158,21191214,train
6543581,2436695,train
6699725,34914311,test
7637112,40068023,train
9466003,39981142,train
9476212,9721574,test
9732612,33624354,train
10514203,3710888,train
10631201,37806185,train
10686809,15927582,train
11591276,23387829,train
12988898,71552588,train
15868949,77063818,train
16095062,104911818,train
18356914,127065148,train
19307798,23131509,train
20125262,66604973,train
21202563,32834879,train
21357119,177293,train
21885522,17525654,train
22150956,28110419,test
22399042,96437032,train
22546236,133825714,test
22576120,162430220,train
22691267,76422506,test
22921200,5165317,train
23978220,180347935,train
25582365,4463195,train
25614818,77108752,train
25948697,3163428,train
27292217,57724903,train
32260219,242094791,test
38526734,49867487,train
38673314,295453808,test
39557532,2427885,train
40629244,90110651,train
47424463,9685952,train
47961631,77829151,train
3928241,14549202,train
30378211,200401254,train
32876527,71968525,test
34081916,1345194,train
2216470,11306420,train
2260042,11503864,train
2459916,12577771,train
3238355,2656209,train
4244576,21977919,test
4291654,22280299,train
4720752,23752440,train
4830154,24865745,train
5181720,5399418,train
6165564,30906910,train
6305553,32798845,train
6558729,12764940,test
7010332,1523206,train
7036285,36889987,train
7265253,15899061,train
7584885,23129690,train
8781396,45408439,train
8953050,46794554,train
9513379,24295818,train
9778407,40571321,train
10100512,271073,train
10102206,33480709,train
10161361,2995352,train
10656360,55036405,train
11456047,60239797,train
11678327,9073820,train
11721727,62335395,test
12426778,7963317,train
12626567,68556398,test
13532633,8255157,test
13630755,79020870,train
13697001,52267190,test
13934894,6934546,test
15944313,4263511,train
16637954,109931171,test
17464043,49166783,train
17506469,53759518,train
17849234,6945333,train
18078720,124486054,test
18686501,63026371,train
18888585,131621761,train
19635738,6920054,train
20145152,1318986,train
20390786,145392038,train
20556622,48573053,test
20787735,44459590,train
21254856,143168243,train
21924203,22378099,test
21924815,113356258,train
22059613,75976584,test
22367196,163554531,train
23747870,174838527,train
29897445,224812047,train
30059270,225891200,test
30367591,68871239,train
32089161,25115746,train
36912362,7659349,test
39871721,65979198,train
41136941,321010018,train
41322811,251548891,train
41778823,28524931,train
42049377,55979182,test
43033010,35127141,train
43222143,4600246,train
13000527,19866179,train
21811459,34999969,test
21907036,33195820,train
22578161,76664098,train
26750461,40643524,train
30799727,160923266,train
31380037,131569457,train
31901835,49988341,train
32987477,91018434,train
38392995,200546815,train
40598720,115879887,train
44196174,356034202,train
39521696,303631061,train
7010135,24706492,train
16466733,25528796,train
18005257,1030491,test
19017409,84908,test
20935388,733286,test
40505752,114027049,train
2793740,9509125,test
3974464,20047729,train
4227018,21937306,test
4581479,23748343,test
4699123,11708876,train
4809056,5715779,train
5059082,12879799,train
5251719,27181498,test
7851753,24570526,train
8324941,43885876,train
8754339,20261309,train
8980303,9903826,train
9297960,10646374,train
10049766,35083661,train
10377445,53412784,train
10609963,5179817,train
10675218,7556789,train
10849426,56193545,train
13208373,74031395,train
13276288,2723661,train
13574810,2960765,train
15162388,96202421,train
15477385,15858985,train
18447712,127886968,train
18762619,103265024,train
19504042,42283996,train
20257297,4220261,train
20556243,131490584,train
20622825,9704072,train
20802874,149147829,train
20991704,17742578,train
21029655,65112370,test
21325114,49582324,train
21424914,155282535,train
21537886,12678346,test
21649044,157563838,train
21729245,158229004,train
21933725,158445076,train
23168904,172240638,train
24852836,77243829,train
26357960,117086989,train
26604019,40398107,train
26630310,128883588,train
27653304,46176891,train
28840281,66231678,train
29874717,223620306,train
30325639,21495656,train
30955422,12012671,train
31835627,152895936,train
32107065,240858689,train
34949054,263351102,train
35909995,263750864,train
37085967,104157084,test
40320773,300447118,train
40584021,27943798,train
40833186,68718914,train
41339796,169420429,train
41352511,325084969,test
41558676,210242250,test
41944642,331905106,train
42054081,183375401,train
42423566,42723666,train
43669769,319889338,train
44058636,184146557,train
2477138,9089934,test
3363364,16968100,train
3511934,17682312,train
3683236,378737,train
4685985,4357223,train
5284341,15264295,train
5804170,30063582,test
7492539,6004716,train
7725197,3320167,train
7748044,40140854,train
10166953,52191882,test
13714218,4230541,test
16390662,106291193,train
18958323,21190402,train
19209477,20804098,train
19248045,121732047,train
19558926,37078185,train
22409377,100032033,test
33068174,25370675,train
35119931,120169401,train
37280202,2434963,train
38460129,290498726,train
41133619,8715964,train
41179889,128986377,train
1071783,4703464,train
1151343,4910820,train
2415563,12346795,train
3404897,17171504,train
4746028,24454445,train
15052455,8993084,train
15473752,71176935,train
17606753,119155499,train
19386274,5684878,train
22448905,54549189,train
23529920,140286240,train
26167034,31230100,train
32458305,123745971,train
32560880,123745971,train
32561334,123745971,train
33347638,5708402,train
36435986,37678939,test
36610197,194602163,train
37348226,38483415,test
39088499,105955168,train
39357652,28260018,train
39950578,172366460,test
42595916,339028543,train
43060832,100672521,train
43358209,66125531,train
43569483,335920793,train
44250327,356565913,train
45236480,358903800,train
45919566,35935,test
46078814,123745971,train
46180394,309612914,train
46310724,374866296,train
47036116,175519061,train
47734297,282848422,train
47754822,383405212,test
3743048,19143974,train
4082062,310670,train
10019312,44216429,test
11420840,45404393,train
17583732,1750299,train
18006860,123778595,train
21982333,160322636,train
28692232,216456504,train
33584724,120763629,train
34643695,37678939,test
42160136,334611519,test
46899085,378877182,train
3715638,9784206,train
5748301,29817997,test
9351006,47784768,test
9617219,47784768,test
37598410,133393751,train
39224718,301015334,train
39702571,165136941,train
40111477,165136941,train
45879597,366605885,train
13063294,312722,train
19407282,136053966,test
32722219,19303369,train
35170961,30509656,test
36421493,238989521,train
37216159,279906986,test
39058145,204934807,train
41426877,322776373,test
41818659,253836845,train
37162916,15625009,train
42062214,272595681,train
43396927,11409310,train
45089645,364012746,train
45892569,79111098,train
46123230,373790863,train
47926511,181122881,train
18645286,48157058,train
20903084,5674087,test
21967654,81379480,train
31822089,552627,train
34604981,194571019,train
35206238,238989521,train
41009820,60993987,train
41105251,241676154,train
43381881,345626278,train
43742538,241676154,train
45448893,186993421,train
45449221,186993421,train
45502487,4286201,train
45674595,241676154,train
46142886,238989521,train
46527532,350161235,train
47006224,122290763,train
47841969,267272502,test
47844167,267272502,test
11873498,45859087,test
32470732,19303369,train
33845173,253836845,train
33845393,253836845,train
38215588,241676154,train
40896822,238989521,train
17076571,15625009,train
38483301,293452788,test
64000,312722,train
573671,253836845,train
4303600,253836845,train
6303845,253836845,train
6304002,253836845,train
23273907,173249074,train
23301706,173249074,train
37459641,221863053,train
42740396,253836845,train
23290010,1539109,train
27483961,253836845,train
32446458,243741999,train
46308360,61778849,train
13246949,74468846,train
16199608,312722,train
21967523,160379705,train
34700092,17495586,test
1851567,9669675,train
16879532,112537284,train
26989176,253836845,train
29014353,393107,train
29467179,120733054,train
32206003,241676154,train
34258883,241676154,train
34605049,194571019,train
36306533,272595681,train
37714434,282135998,train
39700669,41193978,train
43381880,345626278,train
43547953,374503,train
43855371,374503,train
45719045,361530167,test
46221306,93350962,train
46676106,333292277,train
8597141,43908809,train
9810271,50539477,test
16417215,50539477,test
21836754,8207362,train
21934181,9175058,test
34625297,221422779,test
34755841,262116941,train
37774921,132777237,train
37774933,132777237,train
39463934,303133969,train
39483728,303133969,train
39660725,303156931,train
40279289,303133969,train
42141301,334376746,train
42880564,286649387,train
43131075,340101464,train
43141435,334383362,train
43236578,340101464,train
43340207,256088916,train
43443261,172209907,train
44321778,357509976,train
44461172,359250381,train
44521574,360085932,train
45138225,360085932,train
45179254,364867907,train
45938560,6913051,train
46510119,360085932,train
37774950,132777237,train
42361514,334376746,train
42742705,334376746,train
42754907,334376746,train
45180195,364874943,train
45563089,364874943,train
45567240,290174205,test
45580653,340101464,train
45582015,364867907,train
45813950,78367298,train
47829304,370498078,train
48029069,360085932,train
46489261,376036421,test
2870840,1668930,train
25830323,193485559,train
28587071,215759678,train
44521731,360085932,train
45085252,215759678,train
5337757,117949,train
5659803,29335571,train
6055964,16151285,train
12007456,63403077,test
13377443,76004481,train
14822309,16978120,train
24006208,53778891,train
24649878,25237492,train
25051166,25237492,train
35450345,19342672,train
39301079,47518086,train
41243295,7592337,train
43186393,42120673,train
45193027,2774471,train
45552171,306295899,test
45707463,306295899,test
46123392,200266510,train
46418363,41049520,train
46671693,234331642,train
47769844,11825464,train
176653,844862,train
302705,1439222,train
518566,1497427,train
972426,216191,train
1746582,6608221,train
2032156,10432817,test
2111422,10764838,train
2318126,6165258,train
3043467,10432817,test
3489095,3250450,test
3489242,3250450,test
4632795,3250450,test
5494750,26377263,test
7647268,40124500,train
9061145,47266834,train
9663062,3250450,test
9839263,3250450,test
10509662,8255336,train
12594614,17603414,train
13139462,71853402,train
13814281,48985309,train
15928635,278393,train
16529755,1863597,train
16916510,11523011,train
17831374,28594302,train
19769974,10432817,test
22001385,4455698,train
22683799,3218951,train
25235760,3250450,test
25350617,1180925,train
25779464,137358866,train
25779937,137358866,train
25803134,7213246,train
25868383,137358866,train
25871304,137358866,train
26074006,137358866,train
26271688,137358866,train
26453418,137358866,train
26456925,137358866,train
26608302,137358866,train
26688045,137358866,train
26755702,137358866,train
26877222,137358866,train
27329048,137358866,train
27526520,137358866,train
27910083,137358866,train
27923071,137358866,train
29617415,137358866,train
30351170,213020,train
30514043,137358866,train
30577273,137358866,train
30597566,5300413,train
30720530,137358866,train
30756898,137358866,train
32570893,13733669,train
34103144,137358866,train
35667379,222549093,train
35737368,26781753,train
36339403,222549093,train
36417926,272504878,test
36697133,275822205,train
36906763,137358866,train
36911858,10432817,test
36943496,272504878,test
37852123,26781753,train
38018339,23831257,train
38205589,4392159,test
40342902,90429772,test
42648198,137358866,train
42954798,137358866,train
42982206,45098572,train
43143734,137358866,train
43219382,137358866,train
43255573,137358866,train
43416025,137358866,train
44670293,137358866,train
45287464,359775292,train
45287680,359775292,train
45287896,359775292,train
45329132,79946214,train
45415307,305240193,train
45480854,305240193,train
45490925,305240193,train
45526003,305240193,train
45748469,15929157,train
45748772,15929157,train
46222071,34607061,test
47368431,29919749,train
47973834,18728728,train
527237,2591015,train
591135,1523018,train
1041996,964482,train
1472166,7881948,train
2467377,7801481,train
2593478,4314440,train
3609822,18171303,train
3912900,17576947,train
4053471,3967335,train
4264127,3250450,test
4524000,13402436,train
4887473,24982697,train
6528040,25168888,train
6596747,4654046,test
7255372,37987441,train
8235820,13716326,test
9511490,240471,train
9792286,48593918,train
10748040,55567227,train
11698097,33854837,test
11742647,19962052,train
12806177,66469868,train
13173415,73630116,test
13426615,260537,train
14015822,82805482,train
14734401,70741842,test
14885186,24140532,train
14981124,24140532,train
15095589,63913582,train
15481730,1093220,train
15495653,3250450,test
15911064,24140532,train
16140113,10030196,test
16221732,4013000,train
16346527,4013000,train
16369894,18818175,train
16534337,24273714,test
16778904,111433024,train
18120404,101736132,test
18268053,3250450,test
18847331,7635592,train
21713128,4314440,train
22987769,13878635,train
23110037,130972997,train
23852841,9574706,train
24199249,182411776,train
29558386,7728790,train
29586511,260537,train
30597460,5300413,train
30749685,5300413,train
31513692,117675375,train
33615952,28272799,test
34312985,544721,train
34501332,74514078,train
35157163,222549093,train
35932448,130972997,train
36970268,114856035,test
39627045,37280441,train
41399557,4500999,train
42153536,293871619,train
42815652,3850172,train
42974620,339170908,train
43626622,339170908,train
43738180,20841092,train
43784140,10171531,train
44029154,322460407,train
44402774,80573754,train
45206004,71021153,train
45253937,365609194,train
45673661,329310230,train
46290411,3686379,train
46466507,10171531,train
47157883,60160069,train
47713016,268555779,train
47741335,60133196,train
12797598,1008997,train
25446811,1844352,train
34221161,9295237,train
34235178,258247777,train
37187259,279906986,test
37188528,258247777,train
43077961,342829188,test
43078099,342829188,test
43078152,342829188,test
43365797,258247777,train
44167775,351312541,train
44250319,356565913,train
44250620,356565913,train
44250765,356565913,train
45687385,6428728,train
46201485,261375719,train
46927925,9212686,train
47121433,256065299,test
47742412,267272502,test
5237422,1297675,train
8034665,42237225,train
10680745,29882817,train
15721022,34331702,train
17385865,19303369,train
18878093,73866735,train
20678234,137522531,train
21947012,158625100,train
23077115,158625100,train
24057583,181108819,train
24821651,187648135,train
27393311,206285186,train
29412897,1949282,test
30676340,727459,train
30852793,206025860,train
31125496,231150375,train
32457051,123745971,train
32661291,2521127,train
32792849,19303369,train
32792970,19303369,train
33141938,19303369,train
33397879,25073781,test
33449518,238989521,train
33688029,253836845,train
33988643,253836845,train
34563256,5889721,train
34644152,152246149,train
34645572,152246149,train
37300621,279906986,test
37404244,279906986,test
37777295,160379705,train
38866096,225530795,train
40352101,309612914,train
42120317,256748856,train
42671846,122920689,test
43554632,345033748,train
43554639,345033748,train
43554660,345033748,train
44058379,345033748,train
44058413,345033748,train
44058436,345033748,train
45448042,186993421,train
45448498,186993421,train
45448625,186993421,train
45561535,37883321,train
45783139,37883321,train
45995828,19303369,train
46077751,123745971,train
46764831,182765816,train
47192770,57940260,train
47844359,267272502,test
47958284,222634372,train
47958406,222634372,train
2284809,11671329,train
21605495,20417436,train
25813796,131777975,train
27654819,44140036,train
28015516,131777975,train
28208416,213049308,test
45283085,365226771,train
45342863,366469896,train
45776994,358356356,train
45793346,358356356,train
45793496,358356356,train
45793612,358356356,train
46929299,379173450,train
47310757,382019303,train
10022956,50539477,test
16350431,1260413,train
16377436,100595030,train
16723682,100595030,train
19853102,131777975,train
20149318,19297877,train
24635095,179657707,train
25255942,179657707,train
26925879,200261161,train
27926975,149639152,test
30060474,29765186,train
32634220,200261161,train
32968738,152394865,train
34022740,256899020,test
34710643,8207362,train
35265445,109875652,train
38461525,270631254,test
39334332,29354052,train
40432012,9478555,train
42816863,128305959,train
45141957,5650180,train
45283147,365226771,train
46657301,241035874,test
47306447,254394047,train
34209596,258247777,train
34234982,258247777,train
41377479,274756085,train
41977352,258247777,train
42067285,113295877,train
45970339,156375121,train
46238266,252026677,train
25545177,189421403,train
28721911,156505456,train
41977110,258247777,train
44643231,8058506,train
27510869,113295877,train
34245464,250689404,test
38971745,298205971,train
46083095,175139382,test
46158847,188641546,test
34909026,72591141,train
38672354,75641325,train
38815886,92974704,test
681599,1182180,train
2045727,320284,train
3835681,3339701,train
3968434,1100494,train
4611256,626876,test
4611295,626876,test
5232121,3339701,train
5538353,26377263,test
5538410,26377263,test
5581442,26377263,test
5661631,26377263,test
5866656,26377263,test
6718257,26377263,test
6719207,26377263,test
6913773,26377263,test
7070705,37072479,train
7788438,26377263,test
7788565,26377263,test
7949344,41919914,train
8370236,44107591,train
11803487,26377263,test
11803893,26377263,test
11804245,26377263,test
12856720,33950089,train
13549677,16240783,train
15053461,26377263,test
15057686,26377263,test
15929281,1810885,train
17713865,7475363,train
19526750,24263304,train
19640913,129627362,train
23421363,60133196,train
26552832,137358866,train
26771366,5853457,train
28558930,44753370,train
28647979,26377263,test
28670390,26377263,test
28699232,26377263,test
28699654,26377263,test
29170235,26377263,test
30307336,137358866,train
30389262,137358866,train
30721128,137358866,train
30721883,137358866,train
34646244,10387090,train
39138188,10387090,train
39348262,300850080,test
39547738,277863637,train
40115492,10387090,train
40195908,310437935,train
40888616,317986149,train
40930962,318904570,train
40983640,318904570,train
41133437,300850080,test
41134927,300850080,test
41141128,300850080,test
41922570,137358866,train
42687978,58484199,train
43268040,64539969,train
43292527,64539969,train
43703128,137358866,train
44458723,42153340,train
45460506,30895980,train
45526468,154396250,test
45527810,154396250,test
45802994,125202325,train
46398604,125202325,train
46675747,248314431,train
46811840,1732005,train
46878900,229274328,train
47519340,18728728,train
2755909,3447539,train
5806817,29817997,test
7827908,41201538,test
9531437,4455698,train
11096801,38120363,train
18470545,38120363,train
19844473,140286240,train
26780690,17171504,train
37348171,38483415,test
37499274,162567904,test
40516321,75248463,train
41400433,325616993,test
43691025,163626113,train
45742660,125202325,train
46068997,258555841,test
233638,1012895,train
536578,2635819,train
550653,2706505,test
570797,1900800,train
1046443,5760970,train
1138052,6131397,train
1380326,7475363,train
1704560,5693756,train
2763675,458965,test
2793630,14289427,test
3605896,1921498,train
3939535,20411855,train
4057361,2075509,train
4162119,21599728,train
4162667,21599728,train
4349358,4158981,train
4407787,22880393,train
4900034,14289427,test
5382755,26377263,test
5384774,26377263,test
5495026,26377263,test
5581272,26377263,test
5632551,26377263,test
6718383,26377263,test
6913969,26377263,test
7411044,38827405,train
7556814,3894475,train
7787799,26377263,test
7788880,26377263,test
7789213,26377263,test
7789346,26377263,test
7789408,26377263,test
7902556,3041587,test
8117209,3250450,test
8205572,10387090,train
8207558,2935265,train
8533457,44924379,train
8583175,28272799,test
8652729,4154037,train
9362344,820010,train
9826628,820010,train
10340994,50828435,train
11668469,61945871,train
13246042,278393,train
13624873,2010460,train
13857291,81865543,train
14776203,26377263,test
14823020,22388424,train
15054327,26377263,test
15054617,26377263,test
15074005,26377263,test
15080936,26377263,test
15108887,40317143,test
16381905,93121568,train
19138138,17603414,train
19843343,25370215,train
20034180,121612198,train
20044802,121612198,train
20493318,13730809,train
20495736,8115522,test
20663839,3436710,train
20723015,3436710,train
20996996,785283,train
22013965,48655993,train
22148073,5853457,train
22151092,5853457,train
22176062,5853457,train
22338852,12703112,train
23046807,171051361,train
24246704,25237492,train
24376374,3436710,train
24731641,1100494,train
25619849,3436710,train
25942651,25237492,train
27329928,137358866,train
28632837,137358866,train
28671495,26377263,test
28697997,26377263,test
29168569,26377263,test
29237692,24000784,train
29264282,116885950,test
29572267,137358866,train
30511114,137358866,train
30885937,79946214,train
31164039,137358866,train
31174610,137358866,train
32273036,137358866,train
32646039,137358866,train
32992438,248314431,train
33388629,248314431,train
33798189,137358866,train
33913682,27277379,train
33917958,137358866,train
34165293,137358866,train
34741981,20474743,train
37206063,10387090,train
40085827,116885950,test
40158014,278910533,train
42106453,137358866,train
42206628,24714733,train
45527731,154396250,test
46615826,248314431,train
1089240,5971251,test
1263964,6881792,train
1439028,7729335,train
2784311,10870477,train
3958460,10194688,train
4567820,5650951,test
4604991,23861788,train
5188840,26377263,test
5251338,17129810,train
5991675,22388424,train
6613399,194719,test
6926449,36308476,test
6933326,25168888,train
7920170,36089884,train
8219648,7806471,train
8274516,16805656,train
8595036,45232769,train
8844402,45232769,train
11624287,23607758,train
12153428,65258815,train
12681206,68909853,test
12794791,11725608,test
13004741,1921498,train
13033376,21340955,train
13810048,81274648,test
15832098,4110869,test
16325781,3173147,train
20155838,131035061,train
20572271,11523011,train
22470605,4177178,train
23606468,335046,train
23631288,173406651,train
24017521,117675375,train
26788437,201447930,train
27359696,47782497,train
28230753,6542295,train
29243499,7305006,train
29245492,7305006,train
30208369,117648324,test
30511773,90034872,train
32959357,56265076,train
35125696,14518163,train
36659812,47782497,train
39840517,7761295,test
40756716,61181163,test
40971681,2157189,train
42738839,42037177,train
43488084,343945704,test
43488152,343945704,test
43488155,343945704,test
43488246,343945704,test
44433391,358903800,train
45000320,11755545,train
45285334,344248943,train
45288182,344248943,train
45288323,344248943,train
45288325,344248943,train
45301697,344248943,train
45672993,329310230,train
45770174,10964365,train
46019821,2898368,train
46135363,329310230,train
46183563,125857,train
46629272,6188244,test
46775623,68762417,train
46832930,16998723,train
47500149,85108863,train
47934033,69705259,train
47975799,4110869,test
278090,1451723,test
2806791,11725608,test
4968633,248490,train
6452188,276291,test
7265079,912400,train
7900957,18397763,train
9181483,47773961,train
12081254,31230100,train
16172498,102383709,train
16756027,8993084,train
17346379,5334697,test
18134948,1746238,train
19294842,47782497,train
21005576,151238818,train
21278102,145825873,train
23876927,146326976,train
27359897,47782497,train
35466334,34004724,train
36660274,47782497,train
36981285,47782497,train
37253565,47782497,train
37533188,280766046,test
38121272,19370447,test
40511239,2960351,train
42600475,339015774,train
43045912,308386572,train
43077104,5300585,train
43885322,24346282,train
44417174,301015334,train
45480128,350804501,test
45713916,125202325,train
45988921,125202325,train
46194687,948064,test
46834425,175519061,train
47329272,291855777,test
47811545,13462855,train
7483910,13667779,train
39469608,303185676,train
4753918,3709510,train
43779411,161863161,train
44491409,238989521,train
46054149,43993869,train
47012155,25141383,train
47486935,124142417,train
3695168,18818175,train
19893872,140847083,train
31362797,24764219,train
36513425,192380484,train
45053700,293530967,test
1885714,2673168,train
6867325,13667779,train
7749472,13667779,train
27341858,54279355,train
33038028,32418402,train
12805496,66469868,train
14466193,17466612,train
20521505,2610288,train
20590800,6745095,train
21621231,35703699,train
38023200,58237695,train
453094,137814,test
21596559,157067019,train
33118582,15807180,train
1846580,9646158,train
19736798,139165159,train
25813322,177314795,train
28859387,1540188,test
34283155,6655776,train
38282162,6655776,train
39611984,235348815,train
855549,213020,train
3328706,16805656,train
4756551,4031913,train
5406041,27974744,train
7951346,7057608,test
17130293,97543375,train
18342661,1750299,train
19055440,81274648,test
21245112,8896831,train
21640455,157481445,train
21769981,157262166,train
21770277,157262166,train
22376920,163626113,train
28125509,191106696,test
30058948,225889604,train
31225319,310670,train
33050172,29461390,train
35425436,266609191,train
38166568,38877452,train
40944374,306295899,test
41962326,332126165,train
42561549,130971031,train
43800586,350161235,train
47121085,258035043,train
645075,2494666,train
862890,4224309,train
883306,4310378,test
29281115,38503320,test
33044053,70506007,train
42471057,337841230,test
44419098,3731024,train
44549435,946672,test
47235111,101874541,train
47359733,151955474,test
2626457,13451102,test
2936192,13908017,train
6237443,32305413,train
14685187,4961381,train
22417648,25064629,test
28721676,155182192,train
30041537,224315550,train
13913803,4310378,test
16601748,94522062,train
30421742,224315550,train
37690046,4162828,train
820710,4310378,test
18394653,44140036,train
27338569,59880594,train
45121118,27277379,train
13603093,78672740,train
18584742,128692351,train
20773149,128692351,train
39124244,139145066,test
20772071,128692351,train
6545900,7537442,train
7294773,292630,train
18540170,128692351,train
20773084,128692351,train
39505291,302726825,train
42534382,337841230,test
47356150,292630,train
47880558,8115522,test
12192,46978,test
2145599,1698391,train
2424342,2841152,test
4007277,3120671,train
5309448,27503203,test
6572344,1808103,test
7327782,38388018,train
9837205,16209547,train
18503701,128413939,train
20709531,124554019,test
20772462,57049951,test
21524489,154239561,train
22635959,158540605,train
24398725,110907551,train
27695485,158407820,train
30769985,195691349,train
33427025,32708211,train
33493942,32708211,train
34358866,19201987,train
37007695,165323807,train
39254670,55858529,train
39869406,251817531,train
40905066,15231059,test
45214233,158407820,train
45655795,158407820,train
45785567,253347863,train
45985395,5166944,train
46715472,305327549,train
46727737,105770698,train
46778594,38530455,test
47251019,243123188,train
47904499,19201987,train
17750661,13860679,train
30208539,225984933,train
38327393,1711798,train
41383618,325451328,train
44532426,26055080,train
45379176,26055080,train
47869992,381698920,train
13771885,47577415,train
14726498,91678787,train
17465159,12302104,train
21381272,37333386,train
24392193,172198840,train
24424690,172198840,train
24857291,187908645,train
24870818,187908645,train
28741369,216772639,test
28741548,216772639,test
28919516,216772639,test
29514542,222252623,train
33370164,251166866,train
36639976,275402693,train
36728983,276068557,train
40711350,19929720,train
41691772,183239892,train
42109353,228750026,train
45064543,347548987,train
15009618,37333386,train
17545558,12302104,train
20483469,146219213,test
28179447,212834813,train
36904374,35453790,test
41234346,3952722,test
42584633,149465625,train
2592533,13270449,test
3299332,9487431,train
8801963,23582893,train
9960512,49938236,train
15787037,83627325,test
16086320,104835356,train
16213608,83627325,test
18493375,36012265,test
21161707,2171676,train
21313022,15356710,test
22794719,168429942,train
25141552,40636399,test
28919609,216772639,test
33294626,250759662,train
34059500,290845,train
37294217,251166866,train
37534473,133975955,train
38216322,290390044,train
38324251,599076,train
38554448,101609386,train
40696553,37227233,train
41623609,81931868,train
41714817,329108435,test
41835485,228750026,train
45435227,367507745,train
45623624,2543955,train
40141355,125078985,train
41151132,190795102,train
42736318,122396320,train
42883053,341471321,test
42998162,287332625,train
44742178,336743386,train
44752174,336743386,train
46157142,2739367,train
47295759,283974830,train
2094022,9583486,train
3554013,17893521,train
8799533,46109528,test
21891754,83671631,train
29539252,222425618,train
38707413,178696800,train
40731833,316201557,train
42288775,336030494,train
42583286,228750026,train
42778970,290390044,train
44195904,167307323,train
45559015,345938275,train
45559714,345938275,train
46562915,272546966,train
46907525,126422482,train
47318069,66089533,test
47719466,384421888,train
1619695,8616291,train
3678990,7474069,test
4861859,25008474,train
5083907,63613,train
6063050,9897580,train
6380118,6645134,train
6546016,10771238,train
6712530,10771238,train
9754436,15231059,test
10009737,4513827,test
10175969,1863874,train
11089123,15231059,test
11543818,39528519,train
18993091,132485225,test
20459277,145560149,train
22654987,9246334,train
23744762,8159536,train
23926532,171198420,train
24226528,1525346,test
29117643,165607672,test
30942808,1525346,test
32940382,97853468,train
32978570,97853468,train
40059707,4623612,train
43180133,277870258,train
46070679,7355,train
46413316,258431072,train
47177464,376019690,test
47717185,376019690,test
47991799,376019690,test
3908361,20245055,train
5885201,4291007,train
5885280,4291007,train
5885396,4291007,train
5885402,4291007,train
5885542,4291007,train
7561432,4291007,train
8442642,1411399,test
13644095,8276592,train
16314763,4291007,train
17306128,4291007,train
17306146,4291007,train
17306148,4291007,train
17750380,611109,train
20123853,113080948,train
26473576,161446130,test
27326744,25459,train
31042032,10415675,train
31042303,10415675,train
33987509,10415675,train
34683256,33758870,train
34747627,25871581,train
36353849,81345246,train
39780715,270849897,train
41132609,279790360,train
42026031,323537,train
43286899,4291007,train
43286957,4291007,train
43287038,4291007,train
43287114,4291007,train
43287158,4291007,train
43287243,4291007,train
43287352,4291007,train
45433467,186142168,train
45433746,186142168,train
45449442,181490923,train
45450582,181490923,train
45464565,181490923,train
45515279,2552719,train
45923188,302884603,train
46953059,302884603,train
47779386,376019690,test
688184,3512827,train
787060,3922831,train
1793104,9070754,train
1845817,9642814,train
2063587,9864136,train
2230762,11386273,test
3059273,15569250,train
3093104,15730873,train
3199681,627678,train
4790969,2052361,train
4934421,25422856,train
4984951,23570473,train
5095493,26329065,test
5195568,26877037,train
5406167,22189723,train
5693879,29518662,train
6659165,12720552,train
6865053,35969865,train
7979237,344035,train
8097567,344035,train
8210379,344035,train
8506013,3033622,test
8630662,45391169,test
9319688,48372942,train
10340705,53216788,train
14122786,1164515,train
14166872,4071690,train
14933388,1315670,test
15150240,37821056,train
15223454,627678,train
15282717,18008312,train
16439426,21136805,train
16735848,110900012,train
17423245,16145840,train
17771762,9864136,train
17792429,28876335,train
18949917,9864136,train
19099720,23898129,train
19583985,9864136,train
19985199,9864136,train
21732716,55468128,train
22877744,1164515,train
23579995,9642814,train
24564608,39528519,train
25468554,9864136,train
25499011,39528519,train
26140709,9864136,train
27227269,28449397,train
27235864,28449397,train
29184419,492457,train
30175606,9864136,train
31498735,39528519,train
31500172,235073206,train
31502639,235073206,train
31621785,235073206,train
32570179,5409243,train
33043528,19638146,train
33044304,2991287,train
34153891,257866899,train
37247936,30532557,train
38354178,34403316,train
39197716,14978548,train
40539058,4513827,test
40705021,314560315,train
41169295,314560315,train
41350522,62533391,train
41771540,30532557,train
41771957,30532557,train
42330716,89018995,train
42589526,22064089,train
42627429,10415675,train
42640686,14406203,train
42665701,30542864,train
42686114,3660702,train
42707834,3660702,train
42713100,6525971,test
43111711,17766289,train
43156881,129474716,test
44596584,3660702,train
44644486,62533391,train
45433885,186142168,train
45434128,186142168,train
46695446,9864136,train
47447523,147229558,train
365439,959239,train
676257,1465539,train
7381893,12866178,train
7561584,4291007,train
10472004,53966115,test
12847720,10737943,train
16298529,30532557,train
16883357,106660574,train
17631431,10737943,train
19038815,131976173,train
19121954,131976173,train
19675756,9897580,train
20008527,138515591,train
21365786,13546922,train
24313434,183423525,train
24313500,183423525,train
27609355,30532557,train
30763291,230192510,test
35129203,30532557,train
38233279,290520510,train
38575689,280173835,train
39834574,168135858,test
40087855,304200720,train
40229281,67929133,train
42440341,336743386,train
43177501,319063500,train
43516612,347147553,train
45190155,257282534,train
46101957,4718774,train
727575,3759052,train
1312228,7130382,train
6707099,19199920,train
13496080,1525346,test
16314871,4291007,train
33371988,30532557,train
35873124,269818165,train
42724728,311799214,test
44677711,26055080,train
46767504,28580275,train
6737249,6110471,train
10849166,39261381,test
37455790,275402693,train
39802792,192269880,test
46619840,17005572,train
4546034,23570593,train
7643428,12866178,train
9958322,31534322,train
19981877,138515591,train
19983575,138515591,train
19984925,138515591,train
20137576,19990362,test
25837478,17005572,train
32940047,97853468,train
5512217,20469855,test
5789606,30037999,train
17717569,3855454,train
22637100,158540605,train
25492971,166368558,train
29205817,220055820,test
34908120,66959637,train
41504589,259218257,train
44737110,168135858,test
45027732,48163761,test
45234518,73730028,train
46475366,113699592,train
333323,1698391,train
1725295,215764,train
1806440,3820014,train
4545999,23570473,train
7439572,25615380,train
16113842,3842134,train
17123646,22926868,train
19996830,1287787,train
21973105,3223938,train
22842339,143460,train
28578651,1521811,train
29075810,1104166,train
30885792,130476089,train
31991634,22926868,train
32935473,90043913,train
33069506,130476089,train
33974640,32167398,test
37746217,158613663,train
38303032,290845,train
38703550,104828211,train
39725627,305327549,train
40004654,3820014,train
43055374,235073206,train
43157296,319063500,train
43183034,305327549,train
44004265,240472978,test
44392515,188614088,train
44646010,105367031,train
45711426,132496661,train
46638928,28580275,train
47510270,230665312,test
12408554,67103923,train
19975703,1287787,train
25497712,39528519,train
25784269,84260385,train
30370146,183423525,train
31818320,39528519,train
31818771,39528519,train
34151715,2991287,train
35466445,110062861,test
36485171,143040555,test
36500145,15356710,test
36955430,166368558,train
37938216,285727534,train
37989689,26877037,train
38157081,285727534,train
38157396,285727534,train
38157609,285727534,train
38157886,285727534,train
38158125,285727534,train
38158359,285727534,train
38701141,295440131,train
38701213,295440131,train
38701256,295440131,train
38701295,295440131,train
39573289,12302104,train
39610571,302843131,train
39645701,3980927,train
40393416,2639001,train
40561443,30532557,train
40757600,316201557,train
40760405,75497184,train
40761835,316201557,train
40806055,5321232,test
41106757,316201557,train
42415165,211164124,train
42584459,67929133,train
43335847,345135651,train
43754988,349656761,train
44278002,36003799,test
44575182,30770358,train
45034041,76325971,train
45048137,301123804,train
45099059,257282534,train
45158730,46506361,test
45190634,257282534,train
45201591,91645690,test
45318336,366283494,train
45349187,30532557,train
45359761,52364711,train
45365969,366756020,train
45366428,30532557,train
45469752,30532557,train
45506052,30532557,train
45511124,257282534,train
45709618,10737943,train
45972845,30227707,train
46005604,252624969,train
46018138,252624969,train
46202434,7355,train
46471030,1498164,train
46472977,70051986,train
46473308,70051986,train
46658785,51867822,train
46715315,305327549,train
46851568,157604475,test
46878582,68547311,train
47054722,140253187,train
47353993,8750867,test
47453367,123522216,test
47719646,384421888,train
47730260,247439246,train
47731592,247439246,train
47765788,24347,train
47779303,376019690,test
47781026,15690228,train
47815251,33252152,train
47832489,50129574,train
47844464,50129574,train
47964390,50129574,train
47973089,50455642,train
1009973,5556571,train
1586641,8452639,train
2089226,8452639,train
3630304,18297103,train
3760592,9864136,train
3993388,20700765,test
4031463,20900568,train
4218129,21641206,train
4282178,21641206,train
4476354,1367316,train
4792342,6328283,train
4801661,9864136,train
5446045,11418434,test
5726773,23570473,train
7612100,39921605,train
8520667,9864136,train
8942272,9864136,train
9973167,20270407,test
10605445,344035,train
12847902,46938101,train
13656529,57340330,train
15037251,94974597,train
15702021,9864136,train
16303058,69765146,train
17750238,13860679,train
19085711,9864136,train
20726546,57049951,test
20729981,57049951,test
20773223,57049951,test
21121438,17766289,train
22206207,158540605,train
22636785,158540605,train
23052964,9864136,train
23053597,158540605,train
23505645,158540605,train
25355219,59377513,train
28738642,216772639,test
31043762,10415675,train
31090803,216772639,test
31501009,16480700,train
31521732,16480700,train
31961731,239644931,train
33370220,21965282,test
33494085,32708211,train
37422251,8288419,train
37937077,275800186,train
39885538,51340124,test
39989753,186322383,train
40761257,15231059,test
41593082,285481439,train
42022710,327105042,test
42692289,3660702,train
42732254,206451695,train
42733341,206451695,train
42922954,206451695,train
42923015,206451695,train
43247125,269795132,test
43827374,120449829,train
46566868,32589568,train
47077578,6582421,train
47403681,310521180,train
47719380,384421888,train
2529842,11301701,train
2586923,12508991,train
18340599,66064924,train
40430816,170649558,test
40807542,239689464,train
41836700,166920306,train
22174482,161983650,test
27677869,208906697,train
38645987,295229934,test
39526512,285088479,train
39750608,285088479,train
40491370,102336774,train
41857370,330894543,test
43367687,176148987,train
43444099,8869512,train
45649405,363491548,train
5439148,24468833,train
14155795,65057965,train
16370096,16627758,train
17097898,51459559,train
18188904,62639334,train
19836734,4380358,train
21460197,232651,train
25475944,191804394,train
26685314,200621725,test
26749031,200621725,test
28100549,9917136,test
30148548,198445878,train
33010913,248444631,train
39335757,7055319,test
39608907,31759368,train
40595086,158613193,train
40651959,18563880,train
42686803,340032161,train
44534936,1510628,train
39627703,304261640,train
407469,2015914,train
1310672,2015914,train
1475631,2015914,train
5390882,27944388,train
14482700,1017772,train
17517940,114104868,train
21474885,2015914,train
29515916,7268300,train
33446295,251826717,train
33447052,251826717,train
36525871,7244698,train
40763916,51380878,train
19992696,141839911,test
21737389,49750805,train
23045850,157977326,train
23274936,157977326,train
27190005,204733512,test
29280869,220601248,train
30015658,220601248,train
30565063,61560050,train
31166982,232959891,train
36134670,271784048,train
40615352,314730370,train
41803993,284354626,test
42540705,9219155,train
42621960,339365455,train
44154506,219521175,train
44154818,219521175,train
15915176,20518729,train
21851016,8869512,train
22703920,167098774,test
30071646,38250051,train
39054797,61541256,test
40227195,308956896,train
40233539,308956896,train
41494959,326205628,train
41509425,65028284,train
42110436,326205628,train
43534086,80967861,train
45222438,83313026,train
39572,169927,train
2683387,11837926,train
3157420,4119683,train
3212765,11837926,train
7224086,5570436,train
11270828,20021635,test
14731939,44835881,train
15234561,28353514,train
21850082,159362106,train
24455779,27532205,train
28991221,11837926,train
29501807,77813945,train
29965041,7898626,test
34681035,25182524,train
35096744,252641757,train
35225838,43283271,train
35614888,267938006,train
36223408,167228202,test
36939782,103020905,train
39355550,12361493,train
39419459,44222036,train
39495668,155750958,train
39652914,283473284,train
40140872,115929612,train
41026711,186960276,train
41413402,56113781,train
41504047,86035627,train
41775053,330036496,train
18813227,51380878,train
31830700,139121284,train
3344815,16883036,train
9435503,16722827,test
26884438,141204841,test
40470721,163703392,train
45756266,55140440,train
37527378,163704446,train
781946,1982425,train
23709593,128416096,train
27833585,23331678,train
42455733,338011429,test
43002373,193904277,train
24129287,163703392,train
36693907,256052614,test
37631314,284304837,test
38926445,198522134,train
45580301,369127102,train
3137906,3814039,train
17778941,43052484,train
22793957,6237087,train
25212748,1798193,train
25317793,136406167,train
26392397,2180581,train
28130502,28992997,train
28519623,215257373,train
28682647,216392786,train
31268431,233755743,test
35608098,267886811,train
36115461,24633205,train
36639391,45097961,train
37023752,182809034,train
37156220,43194941,train
37424442,282167702,train
38548283,45097961,train
39885001,189627293,train
39988983,308115638,train
39989166,308115638,train
40002939,284064678,train
40962564,1015345,train
40980998,89580862,test
15425744,96892684,train
20570865,21058022,train
20843601,144687507,train
21902630,159811367,train
21931557,159811367,train
21972697,159811367,train
22505049,138768335,train
22961758,80331757,train
23729632,142248429,train
27295492,203982404,train
27409329,203982404,train
28779900,216304678,train
28785091,216304678,train
28786315,216304678,train
28786900,216304678,train
28841259,21058022,train
30186710,13608859,train
30700892,203982404,train
31054795,28142165,test
31474100,9475918,train
31901107,72757542,train
31994107,126049688,train
32272051,25365575,train
32427326,30949138,train
32528831,244438661,test
32584290,131298733,train
36813246,276713973,test
37149185,2551396,train
37253603,279628609,test
37326942,281014023,test
37791247,285988114,train
37800315,285988114,train
37877774,279628609,test
38158748,289865158,train
38497561,293569524,train
39233824,263321325,train
39438865,302929614,train
39925642,222064628,train
40325977,33667014,train
40783165,33053740,train
41385577,324710552,train
41722400,33053740,train
41770189,324684959,train
42022194,69781074,test
42115659,334009535,train
42141657,334380635,train
42156533,325646128,train
42216825,62995682,train
42375775,164489340,train
42388238,318206957,train
42657328,5387997,train
42705723,962673,train
43033990,334380635,train
43080604,26117696,test
43131335,334380635,train
43355249,345364305,train
43611951,348200293,test
44281199,151834130,train
44568614,248161322,test
45359043,285988114,train
45359331,285988114,train
5430070,6525600,train
5672704,6003891,train
8281889,43669213,test
12765391,3311487,train
12855923,33906660,train
13689663,8338942,train
15989608,6049738,train
16414538,21058022,train
16415769,107578852,test
18485393,128244964,train
20714088,90893179,train
20919726,10220753,train
21175036,152878377,train
21461615,145285876,train
21462212,145285876,train
22250850,158212655,train
22634088,155607686,train
26664742,152878377,train
26983743,141362503,train
26984054,141362503,train
27333579,205969507,train
27949503,52310314,train
28081224,33906660,train
28461232,65827591,test
29095078,10220753,train
30514166,51985960,train
31054058,28142165,test
31931665,153315099,test
32242547,93411405,train
32635329,245356064,train
33162826,177318173,train
35634364,51985960,train
36445224,274012871,train
36469741,274012871,train
37153400,148685521,train
37288147,280719688,train
38752655,8500390,train
38883635,297794139,train
39021232,164489340,train
39759096,305613304,train
39887744,306628725,train
40178721,304935654,train
40599033,118367648,test
40750433,316440833,train
41036226,319067048,train
41461516,46605733,test
41795961,257634019,test
41822265,253513520,train
41961661,332099882,train
41983108,330854244,train
42047050,333263893,train
42107486,333985647,test
42107797,333985647,test
42108060,333985647,test
42128082,281692056,test
42218618,66761101,train
42223418,313653397,train
42278442,23178319,test
42374905,337058327,train
42621078,186476960,train
42671244,201850064,train
42757975,340520294,train
42871912,341381811,test
43172336,95168425,test
43533090,17803581,test
43743629,36309568,train
43785924,343979062,train
43860696,128244964,train
44050330,30279979,test
44191952,90619387,train
31145329,72602373,test
36635050,129632515,train
36946192,277736044,train
39278300,40004714,train
48015039,387045291,train
48015678,387045291,train
15743151,11075539,train
28901045,2065453,train
30400945,41666301,train
39865573,190828985,train
8552070,3656083,train
9298895,3856750,train
10209973,9532490,train
10565363,54496096,test
12583907,68250800,train
12932748,4221836,train
15956155,103605111,train
16363328,18329648,train
17866302,22089863,train
18306436,33646389,train
25378040,139871943,train
29133320,35606248,train
29216716,29285454,train
31847270,22089863,train
32644865,229637274,train
32942632,229637274,train
34038559,1241543,train
34746555,139871943,train
35850990,2196491,test
36503733,43495894,train
37244856,108220924,train
39274666,73610580,train
39690859,253125120,train
39769985,46087238,train
40666855,53254710,train
42565299,20705215,train
42711426,1303934,test
43132225,343380074,train
43535742,41503213,train
577243,2838861,train
1239293,6755111,train
1307723,5435074,train
1589715,8481125,train
1762994,9261659,train
2008190,8481125,train
2151558,2838861,train
2488022,12732806,train
2545184,4096786,test
3265409,5508109,train
4038794,19638238,test
4711070,24347671,train
4792430,13343955,test
5525510,23086547,train
5598992,13309979,train
5941782,30845921,train
6185599,31241183,train
6185629,32083955,train
6316786,32865595,train
6784207,6387355,train
8223230,43361668,train
8589444,45204053,train
8777890,46013146,train
9049607,14456700,train
9165191,16947579,train
9915582,15835028,train
9926274,51024366,test
10226972,24273473,train
12210730,12798614,train
12383067,24532289,test
13240737,74397192,train
14227537,20338147,train
14278418,45204053,train
16189705,5998815,train
16630594,51024366,test
17956381,4112547,train
18254314,100288,train
18389211,127375531,train
19056160,30845921,train
19309355,8962305,train
19677749,117295184,train
19766791,38815234,train
20302347,1192672,train
20329223,48984291,test
20555569,95572265,train
21966283,160353557,test
21990808,159156636,train
22533436,155810605,test
22588400,27903397,train
22789917,44862267,test
23099899,26818210,train
24477757,169382341,test
24873980,13926627,train
25998807,193364875,train
26584254,199887038,train
26891909,199887038,train
27136219,19923039,train
29779831,18272280,test
30451593,27664722,test
31958064,1192672,train
32406729,192383231,train
32628641,79567015,train
32672993,2238256,train
32762071,18272280,test
33961484,15617182,train
34832415,6503950,train
35460496,6291714,train
35822763,3599030,train
35871679,40336824,test
36301305,15177144,test
36791797,50145118,train
36999767,29703156,train
37899778,141426597,test
38413549,6444696,test
38853605,297498338,train
38951183,71177383,test
40208022,4903508,train
40268621,11951664,test
40351436,8681710,train
42033943,192383231,train
42586350,64018594,train
42738465,28534039,train
42924798,62558247,train
43162879,303336543,train
43163345,303336543,train
43600688,29231871,train
43884531,55573132,train
44361661,41577453,train
45077681,23006601,train
45173367,9745149,train
566712,2786764,train
640990,3201337,train
1148279,6294856,train
4952989,25379501,train
7247033,37947830,train
7255577,37579015,train
10766309,13713796,train
14677233,87467112,train
18437083,102122853,test
19353053,128630184,train
19542512,137264725,train
21038471,100841539,train
21354525,11743513,train
21970259,155125855,train
22188609,155125855,train
27754773,209549523,train
27758562,209549523,train
29981480,225400206,train
30527466,181974787,test
34272484,28500137,train
34343208,34689714,train
37177160,279752271,train
37260897,280499717,train
38376639,5764038,train
38695193,101290167,test
38827257,64098556,train
39726227,64098556,train
40206749,284760122,train
40571315,4765858,train
41799247,330259130,train
43788584,110088704,train
44666354,22248783,train
657217,3312204,train
729306,3787686,train
747316,1251879,train
921441,4954283,train
1080766,5944682,train
1546448,8240843,train
1572815,4106680,test
1919766,9501531,train
1941439,10041857,train
2925397,8520430,test
3116327,15835028,train
3311830,11674837,test
3350417,12556197,train
3531345,12337318,train
3626302,11674837,test
3652230,681225,train
3771845,7665324,train
3790746,1317384,train
3829039,4702135,test
3841113,2222500,train
3979628,2766755,test
4181102,908906,train
4308991,6195809,train
4705670,24117644,train
5336588,12213641,train
5728500,23185328,train
6343641,32865595,train
6484983,3499548,train
6692571,35030579,train
7572534,37579015,train
7803828,8375500,train
8648818,2591842,test
8776208,26543202,train
8957187,1317384,train
9301647,9226879,train
10192564,52320041,train
10538764,54345530,test
11401884,59849677,train
11983644,31102991,train
12211018,12798614,train
12698900,8314626,train
12973927,15246785,train
13168042,18104335,test
13169181,5430458,train
13360675,8500680,train
13766130,29600525,train
13769545,80777352,train
13839238,252059,train
14058251,15579169,train
14297036,32865595,train
14371877,9725785,train
14403485,88550022,train
14670074,91167002,train
14761949,25543706,train
15203342,2222500,train
15301748,94536810,train
15325891,73814969,train
15344749,30702769,train
15787497,102122853,test
16148036,94536810,train
16193749,105753805,train
16368328,107158006,train
16435553,107765955,train
16795470,7181263,test
16795643,7181263,test
17494449,27522582,train
18059112,138243,train
18059656,9030453,train
18227645,20899650,train
18312568,4111729,test
18515889,128517263,test
18823940,27522582,train
19010965,27522582,train
19135548,7604436,test
19555750,137264725,train
19626464,34689714,train
19848536,71540842,test
19888160,128517263,test
20304291,12213641,train
20800449,6805463,train
20844601,137264725,train
21189177,5400205,test
21461901,916804,train
21644752,14252436,train
21688734,3282906,train
21867710,159156636,train
21901156,159156636,train
22144125,32083955,train
23572577,20302754,train
23578232,6503950,train
23838063,149073048,train
26035069,68327820,train
27608063,6388234,train
28277212,184122908,train
29522531,14719992,train
29686576,13392472,train
30768300,34689714,train
30824495,9379512,test
30892293,122530126,train
31053208,231959634,train
31072227,16285179,train
31339548,11519866,train
31716191,2591842,test
32066474,51510292,train
32199950,3736053,train
32474426,35004442,train
32822073,246422621,train
33340151,63160119,train
34082442,11674837,test
34150332,34689714,train
34515538,141426597,test
34516657,141426597,test
34687393,43359332,train
34753379,60235514,train
35063165,420111,train
35262025,137872939,train
35999335,60441049,test
36770878,35606248,train
37531797,47334475,train
38159915,4354856,train
38485346,27664722,test
38545696,293017018,train
38577883,48444829,train
38583006,60101290,train
38626886,295015804,train
39000756,61510761,train
39132296,11519866,train
39447650,6360386,train
39530815,1970779,train
39840444,31796843,train
39872762,61676383,train
39953432,277436628,train
40187773,4139266,train
40279903,21496186,train
40450547,31796843,train
40708764,36711390,train
41353082,8375500,train
41723300,274525621,train
41863007,2937778,train
41962719,208796706,train
42002034,159676587,train
42002522,159676587,train
42002646,159676587,train
42002729,159676587,train
42039496,5855929,train
42073104,3248231,train
42101442,88221919,train
42360787,322060693,test
42620753,916804,train
42735001,76578903,train
42763027,1269526,test
42764393,16909509,train
43077828,342502879,train
43095223,342502879,train
43104815,342502879,train
44000458,21418952,train
44020492,95865067,train
21794,83257,test
389482,1947974,train
413504,1286417,test
501082,2471671,train
778381,3043126,train
1461965,7833913,train
1696381,2717428,train
1791105,8535372,train
2410200,11982812,train
2532873,12972780,train
2584258,4612212,test
3622890,18250065,train
3644017,5909599,train
3662795,18565670,train
3766496,5086937,train
4302293,4600692,train
4310501,21127377,test
4759361,15055041,train
4866049,23794464,train
4890335,7920086,train
4987929,25715117,train
5288211,27382407,train
6018589,31241183,train
6226794,32295605,train
7866421,40511631,train
7952963,3333577,train
8191158,2428492,train
8327302,43897442,test
8367486,44096608,test
8507768,436365,train
8881253,21366569,train
8993871,46979077,train
9046490,1299166,train
10104123,51850937,test
10576498,1424084,train
12190880,65527002,train
12561615,68094755,train
12675481,68250800,train
12950997,71150679,train
12951417,71150679,train
13264690,38815234,train
14429976,78164397,train
14450837,89000911,test
15756248,12210788,train
15756544,12210788,train
15971342,43936824,train
16178980,17121813,train
16912472,51850937,test
17147561,51850937,test
17456705,20851517,train
17529216,7920086,train
17796480,100812175,train
18256895,122265852,test
18283511,122265852,test
18971993,128237188,train
19102027,42729298,train
19103622,42729298,train
19388464,50591874,train
19404654,88861099,train
19803515,139871943,train
20000421,64018594,train
20013255,115228513,train
20248246,74314960,train
21081485,29597567,train
21181643,152948553,train
21469568,115228513,train
21868424,6938506,train
22043923,13636138,train
22221072,101970559,train
22321708,20780421,train
22575619,80824522,train
22887406,169382341,test
23610064,130858402,train
23710983,5192686,train
24474325,66808561,train
24583519,7939437,train
24604281,185683441,train
24611661,185683441,train
25420704,191901037,train
25587778,46979077,train
26224149,191901037,train
26326115,128731102,train
26808322,54640485,train
26904628,109507109,train
28053933,126155532,train
28369910,214190693,train
29298335,120431726,test
29320258,89339003,train
29490579,40529301,test
29984607,225400206,train
30514401,222805048,test
30541504,21132706,test
30737572,230049837,train
30761885,50686800,train
31823779,6531491,train
31852788,49725053,train
32272082,152034487,test
33726859,60127679,test
33832840,11123552,train
33930406,20851517,train
34411728,17622034,train
34648504,20851517,train
34939305,126012313,train
35397567,266458468,train
36062007,11123552,train
36279106,172693570,test
36381819,273560024,train
36425863,83554966,train
36526390,274615416,test
36668220,41074164,train
36696708,11123552,train
37300828,23545344,test
37524257,23418641,test
37535728,17797698,train
37630778,19374097,train
37812226,4765858,train
37953352,264090943,train
37993600,4451830,train
38381651,135868844,train
38432992,24958954,train
38457731,293172460,train
38952271,296600725,train
39314950,49725053,train
39464274,64568710,train
39509810,64568710,train
39565248,127863741,train
39630795,71318105,train
39926283,71845972,train
40180189,237075599,train
40509122,25858923,train
40799715,21743283,test
40950637,319076720,train
41003452,160609661,train
41003997,160609661,train
41721703,115415245,train
41861321,31241183,train
42005266,40642565,train
42143618,226531905,test
42472632,38815234,train
42764450,123350031,train
42817298,31796537,train
42830119,31796537,train
43609152,194416373,train
44241276,178138108,train
45014847,126452255,train
45185136,34957712,train
261344,568103,train
837958,4378763,train
1697047,4184612,train
1813829,9501531,train
1870228,4378763,train
2193945,11189139,train
2430828,8351424,train
2727166,136352,test
3058087,5986790,test
3262930,16500110,test
4632542,6762751,train
5424359,23893892,train
5636395,11363708,test
6262645,32304586,train
8224368,4591602,train
9464605,5776966,train
9735931,6501582,train
9856995,50729557,train
11604307,14933972,test
12166912,50200840,train
12685533,14933972,test
14102790,84902242,train
14388889,20302754,train
14429957,713764,train
14858777,9030453,train
15036809,94975490,train
15054025,33386194,train
15082723,33677512,test
15411988,98714463,train
17044854,1568820,train
17450196,4378763,train
18326156,42928837,train
18894515,105395794,train
18944834,5295202,train
19385683,4581860,train
19691179,138708257,train
19730968,138717905,train
20708409,4290550,train
20745174,96064985,train
20848135,149608542,train
21007370,19536090,train
21577526,84491220,train
21713578,16357725,test
22407389,2924286,train
22701969,3741891,train
22851242,17719708,train
24331953,10459727,train
25356696,6101536,train
25426781,17581024,train
26497890,24712915,test
27961870,86892036,train
28272634,8554637,test
28896237,96379938,train
29889800,16152090,train
30443961,226503876,train
30853530,21934258,train
31419390,235344330,train
31457396,49082748,train
32664982,8498596,train
33777889,4204942,train
33881088,5986790,test
35189843,104403379,train
35634704,266792224,test
35850605,2196491,test
35903391,129301317,test
36657151,118585968,test
38285818,107578176,test
39196950,226503876,train
39199781,226503876,train
39229999,6299248,train
40208975,36749100,train
40266114,11951664,test
40903966,316493772,test
41171427,21536998,train
41552434,3213737,train
41633679,109133479,train
41863643,266792224,test
42348094,265367424,train
44103415,2420592,test
44392843,53169195,test
45441385,164306385,train
45682807,2199778,train
45689174,17431186,train
6360224,33134899,train
6656567,33622924,train
6795657,33622924,train
6855514,24260658,train
7064935,33622924,train
7344720,24260658,train
9748877,24260658,train
9790098,50448556,test
9978606,5904463,train
10617757,24294060,train
11905212,24294060,train
11927300,4386682,train
12955454,33622924,train
12987983,4386682,train
13275896,71176668,train
13276227,71176668,train
13532333,32707981,train
14125891,32545798,train
14823526,9390190,train
14827265,9390190,train
14827418,9390190,train
14928089,71176668,train
15454216,32545798,train
16353485,32545798,train
19999906,15787004,test
31883012,24294060,train
34818674,9130040,train
34834104,9130040,train
37096121,183360807,train
42706432,340529580,train
47070499,386004225,test
4446862,23077718,train
7034609,36871638,train
7556587,39608626,train
15494796,390117,train
27195692,204786430,train
27264907,204786430,train
1961361,10134825,train
6249100,14614459,train
6645963,24260658,train
6927027,503555,train
7179646,37563411,test
8152985,10134825,train
8183217,37563411,test
8286139,10134825,train
8698671,45667135,train
8807842,13318184,train
9217745,13318184,train
9788141,50448556,test
9896731,50448556,test
9902915,50448556,test
9978426,5904463,train
9978722,5904463,train
11845193,13318184,train
11990841,13318184,train
12988054,4386682,train
13192965,32707981,train
14928996,32545798,train
14981522,94404356,train
15355844,32707981,train
16268951,104626152,train
16269161,104626152,train
16556049,109016966,train
18577672,23667219,test
18613550,14614459,train
18826370,9130040,train
19268922,134741341,train
21249676,64609445,test
24199400,70162513,train
28217921,9130040,train
29590847,164178160,train
32402674,210218219,train
34117228,94404356,train
47213486,386004225,test
995469,5468901,train
3278691,16069319,test
4438470,3289567,test
4813236,24789838,test
5191617,3977023,train
6121300,7655328,train
6824996,7021059,train
6992300,24530713,train
7180335,3508047,train
8691258,45632792,train
10343542,13400096,train
11486357,27378293,train
12404734,13406954,train
12774975,33363604,train
15545469,14482375,train
17542694,41191579,train
17692837,27378293,train
18586787,89331516,train
21558111,13400096,train
21970350,861330,train
22337162,861330,train
27362309,14621589,train
28964397,216586866,train
30570251,13400096,train
31673113,12222829,test
32942078,12222829,test
35044394,263994272,train
35716479,155223823,train
39340144,57155587,train
43043695,342548185,test
5050156,193488,train
7470216,1534857,train
26188665,27474188,train
30108247,7285648,train
39453401,57155587,train
46331352,368414381,train
1841356,9622750,train
2582812,13225047,test
2863696,5229579,test
3442140,8697041,train
3532338,17783091,test
4753639,24530713,train
4753866,24530713,train
6045917,31376201,train
6046877,31376201,train
6404584,33403059,train
7048508,26389845,test
8410796,26389845,test
8811687,17074459,train
9585027,45632792,train
9879216,5229579,test
9882012,5229579,test
9906768,7655328,train
10318675,13031745,train
10514166,48170471,test
11320482,24789838,test
11814184,8697041,train
12666669,13406954,train
13468421,31376201,train
13494051,2571641,train
13494147,2571641,train
13659055,79373189,train
14101329,13225047,test
14983402,79373189,train
16040229,10812002,train
18565097,128414475,train
20152950,128414475,train
20770559,4982459,train
21355005,25880686,test
21365379,14482375,train
21706896,27636450,train
22209216,79373189,train
22214268,93039729,train
22232470,17787106,train
22406251,163905917,train
23188573,132883674,train
26190809,27474188,train
26524625,199147185,train
26778845,2478942,train
27581016,23884430,train
28250925,73640551,train
28760750,216943992,train
29313128,166794407,train
30558219,1313385,test
30701853,20177190,test
30745402,163905917,train
31247718,34556469,train
31358401,73640551,train
31390350,7285648,train
31543550,7285648,train
31918252,53300414,test
32018402,34556469,train
32189706,53300414,test
32341313,135280693,train
33559960,193488,train
35681163,9843389,train
37856683,194560649,train
39626325,106166531,train
40040364,256998898,train
40347137,12821514,test
41316043,320262763,train
41819789,135280693,train
1917703,9943097,train
7711161,3737483,train
14320099,87588590,train
19308447,34051132,test
30507008,228945290,train
35284206,265644639,train
35985735,70538107,train
36299344,272994721,train
36478357,177932088,train
36481615,274298453,test
36487245,68119814,train
36629467,11016187,train
37289010,55801740,test
37704105,33114070,train
37755222,129041295,train
37811117,1709460,train
37914398,176342497,train
39029809,4390678,train
39561209,126345787,train
40040229,308809387,train
40173750,306341427,test
40402670,312421910,train
40419375,312410720,train
40538432,8287316,train
40586085,149380359,train
40678945,65513259,train
27935369,2510754,train
35190170,10449710,test
35755081,131478346,train
36138789,31846499,test
36724527,276028531,train
37202400,210220380,train
38045312,288688431,train
38104307,288480550,train
39274895,163724259,train
39484672,52656361,train
41348519,141746424,train
542182,2666291,train
692468,3540769,train
1077375,5855145,train
1778810,4591403,train
3185489,16142344,train
3945636,20446890,train
4632852,23991556,train
4825359,3800548,train
4838798,24903218,train
5261712,17491348,train
5469274,3999031,train
6428581,3760161,train
9728203,3758471,train
9779136,3758471,train
10281054,2238052,train
11571180,48202082,test
12169389,2731960,train
13612094,8343772,train
13696003,3792661,test
16122223,3740293,train
19819750,5353151,train
22249805,52332281,train
25285159,3734323,test
27830452,29881755,test
27986922,2732701,train
28309196,45519906,train
28459635,3771945,test
30318594,9329037,train
31898478,3734323,test
36146653,40984551,train
36224260,37069987,train
36307792,41698272,train
36312999,86813128,test
36383565,14258377,train
36455809,74162901,train
36903216,41680397,test
37125900,12569332,train
37391071,188576539,train
37592370,15548442,train
37687769,29074849,test
37769846,16522638,train
38455745,293156526,train
38539813,126077082,train
38960142,30891489,train
39059588,103670731,train
39468510,2069432,test
39626638,25034419,train
39811836,3004336,train
40277371,30808123,test
40284250,95841630,train
40307183,98804213,test
40368174,42061478,train
40444242,197059898,test
40445852,14789017,train
40445885,1142068,train
40476469,88827012,train
40484913,2297215,train
40844212,288485926,test
40918215,19955578,train
40925824,311188905,train
40949156,175943567,train
40966272,12959277,train
41091898,25108946,train
41816533,14197006,test
23486333,3726127,train
43614309,6677589,train
6545580,1142068,train
9091373,3829471,train
18158523,8619715,train
19169354,10909193,train
24714252,186799601,train
25672109,2415380,train
27079178,43897886,train
28135545,57205301,train
31414139,6830326,train
31982975,99501671,train
33344872,1649399,train
35718275,30569989,train
35916778,15624547,train
36200256,18911497,train
37455273,67073604,test
38982533,75600172,train
39135161,3741794,test
39174672,300552796,train
39480960,59037926,train
40060307,169494045,train
40180169,34803760,train
40319389,311555809,test
40470122,34034007,train
40565305,314323869,train
40987405,311188905,train
41085750,224972356,train
41107719,321571873,train
41996226,265827,train
42115999,183272436,test
42177400,284337887,train
42244519,3483222,train
42672480,31795588,train
42688128,165870659,train
42778044,47054080,train
43298898,10037350,train
43460091,88006844,train
43757320,341744619,train
44291226,579781,train
44402612,224865175,train
44533446,138016927,train
44919422,361181754,test
45127264,240470353,train
45176100,360180465,train
45455525,345563679,test
45696410,72861076,train
46053407,105651295,train
46511472,7853599,train
46549151,1378310,train
46818738,19868114,train
47025134,26630249,train
47078000,361181754,test
47293530,88599456,train
2183430,9493977,train
7066592,17757064,train
7524934,39298265,train
9923319,3400687,train
22085164,3805895,train
23613174,3741154,train
28067870,135580412,train
31176669,32524198,train
35162591,55601522,train
35617028,6997690,train
36314672,115168723,train
36392997,86401168,train
36413532,48685332,train
37361832,128123322,train
37731294,25158393,test
38139900,277473521,test
38729089,277613,train
38825111,297236388,train
39301619,81921451,train
39396638,241158243,train
39536408,24243967,train
39864825,72148155,train
40305689,43262962,train
40325387,44378460,test
40547488,314096824,test
40706341,39609460,train
40708022,6432790,train
40781700,192320064,train
40864694,293746147,train
41009165,281814,train
41043399,12001318,train
41050833,320796742,train
41508490,4115097,train
41557617,20788222,test
41817487,284337887,train
41884355,25764635,train
41953191,15823815,train
42205519,50768537,train
42517630,153432838,train
42658224,247062092,train
42718455,258280495,train
42948579,341928072,train
43405197,246255718,train
43419820,20699853,train
43420963,52356702,test
44019119,149866325,test
44211484,53047636,train
44484706,11042005,test
47181535,39470504,train
47845723,62133767,train
47982995,386678438,train
1267186,6897732,test
8431626,44398705,train
8603083,21734605,train
9919518,22954228,train
11656721,46502890,train
12797684,69715276,train
12972040,283395,train
13176134,11309985,test
14120153,44702712,train
17186648,92322271,train
18891659,27552154,train
19069381,22455812,train
19386162,106948134,train
19438695,136285709,train
19474100,66734502,train
20230917,67444730,train
20254247,67444730,train
20395266,62167677,train
20981968,25039950,train
21824864,27552154,train
22293539,15788530,train
22928943,26024053,train
24377683,21410546,train
26238600,103499767,train
26742412,170368453,test
26744703,170368453,test
30200473,226838925,train
30852631,15788530,train
30914075,16333280,train
31070935,232112395,train
31493229,9295169,train
32039742,240207968,train
32040351,240207968,train
32312837,26024053,train
34952279,256877591,train
36279030,272602584,train
40302743,144149004,train
40305632,256877591,train
43356976,185503924,test
44613638,372811671,train
3176526,14325632,test
7729804,18066933,train
10938202,2455178,train
28033814,199203455,train
28388724,19484041,train
34596689,242603381,train
36510434,26479712,train
4991235,25271688,train
19093789,49781652,train
22330756,54658419,train
35771605,121917249,train
35771989,121917249,train
646458,415660,train
927597,4983320,train
2113431,10775192,train
4365242,22658749,train
4422017,22954228,train
4500794,23342156,train
4574224,11308807,train
5806829,4473420,train
6673638,19600872,train
6748952,34950721,train
7021346,6661559,test
8012041,16762482,train
8364733,44087298,train
9166769,44087298,train
9407921,48784045,train
9517131,42807409,test
9875822,36830075,train
10040649,12435489,train
10138870,52031473,test
10224557,287634,test
10546363,18030603,train
10789121,329931,train
11143891,27087652,test
11326009,13125944,train
11355757,59479018,train
11546806,13125944,train
11718547,18562674,train
11771598,36830075,train
12170991,57070933,train
12187800,6555513,test
12191116,57070933,train
12477280,283395,train
12797920,69715276,train
13076852,72513175,train
13309259,33386679,train
13994052,10676792,train
14480430,13143585,train
14996256,92322271,train
16620082,109733032,train
18288391,68579384,test
18635010,33432369,train
18971860,4189991,train
19226897,93561011,train
19438978,136285709,train
19910725,23909694,train
20345108,137779917,train
20458607,115415316,test
20623171,89501678,train
20730848,42783238,train
20897863,12584768,train
21279140,127450357,train
21584047,42783238,train
21591672,54966810,train
21610552,48418910,train
21621154,4669488,train
21673998,151777787,train
21827276,93011199,train
21867771,43756609,test
21869167,57002433,train
21881709,7344277,train
22011311,97336460,test
22096731,10775192,train
22280482,43756609,test
22369019,31637415,test
22376011,161510806,train
22435813,161510806,train
22570044,790872,test
24131843,155101453,train
24893488,48418910,train
25315860,179661186,test
25673898,10373779,train
26223279,153018041,test
27030076,54658419,train
27527118,1911615,test
27906043,8441265,train
28082234,33432369,train
28966707,142059543,train
29256968,85221704,train
30184570,188477517,test
30210441,226906712,train
30509230,158314625,train
31358547,16713332,train
31462754,14201257,test
31980644,179661186,test
32015007,240033083,train
32404978,18562674,train
34303799,116674915,train
34536285,157295049,train
34759503,252356839,train
35706482,16342788,test
35967471,22658749,train
36978092,5022712,test
37005511,116674915,train
37018378,175923004,train
37799645,42900446,train
38355774,291908012,train
38356245,291908012,train
38582198,238908845,train
38888708,297826852,train
38889455,297826852,train
39776350,42900446,train
40283370,303007898,train
40965443,250772683,train
41061530,52031473,test
41091413,250772683,train
42891637,209711461,test
16244553,106197923,test
31038842,230527676,train
44568130,372811671,train
2106706,1534243,train
2396867,12245536,test
2636396,13499885,train
4329728,2657430,test
4917217,1780076,test
4948953,19965673,train
6588947,19233353,train
6937871,1106323,train
7311209,1641537,test
7497287,241593,train
7664863,40236384,train
7677565,40316314,train
7842116,30320622,test
7916684,41743945,train
8445883,20123860,train
8590777,6346333,test
8973682,26271616,train
9218051,20123860,train
9588699,6697886,train
9821183,49897449,train
9821370,50588394,train
10058942,12245536,test
10069376,13358864,train
10386831,15895218,train
10469388,32812120,train
11690477,4845585,test
11793542,26271616,train
12005318,5707158,train
12223531,2018172,train
12344391,8308648,train
12628500,67261284,train
13746962,23863809,train
13766690,13408910,train
14023316,31747645,train
14520743,33518883,train
15782300,102080453,train
15788050,102080453,train
16423772,42076125,train
16944182,2431149,train
17447168,30054890,train
17988221,4296251,train
17989537,4296251,train
18878633,71149842,train
19412140,61483702,train
19429274,40086875,test
19618401,7658123,train
19785676,23055253,train
19986637,33527075,train
20016469,45374780,test
20235701,87814281,train
20373836,6933112,test
21859689,11460365,train
21861551,2431679,train
24227739,43463232,train
26080980,12810839,train
26306276,32543699,test
26557829,6721139,test
27524836,7098693,train
28561620,26045887,train
29174021,122551862,test
29855796,10843764,train
30531163,218526982,train
30812691,103726845,train
31165324,44409079,train
31176875,44886301,train
31339600,123672154,train
31388263,234539932,train
31828528,123672154,train
32591290,228595721,train
32805276,154843406,test
34222682,122551862,test
35196872,228132014,train
40031196,147961078,train
40137829,69890625,train
40484867,20808466,train
794245,3069794,train
2108424,8013034,test
3672455,6966831,train
4766582,24591710,train
9343313,11824700,train
9686167,50032395,test
9876040,50588394,train
9987543,9148721,train
11859901,26867230,train
12656785,19912320,train
14769785,83147028,train
17972466,33200173,train
26295450,96712147,train
3735483,5064699,train
9652438,8308648,train
13156881,34160620,train
14265052,33518883,train
14868158,93148942,train
14967790,94263025,train
16275257,23055253,train
18179735,26996515,train
18637270,31658624,train
18840866,19424541,train
19998416,1780076,test
20120739,24559370,train
21148021,17767705,train
21727418,113121846,train
21834937,14540215,train
21869546,87814281,train
22775292,413447,train
23377365,11274299,train
23788475,26921064,train
23859834,11274299,train
26448665,38713773,train
27723810,9503685,train
27956689,71149842,train
28277480,26045887,train
32595900,156381151,train
40939047,4888319,train
1240530,6762247,train
2016579,8013034,test
2513351,12864943,test
2723338,13933851,train
2875923,9638204,train
3250685,16442583,train
3278530,16572580,train
3632258,3325418,train
4842054,24918898,train
4951402,10795846,train
5233345,27084741,train
6262339,4153233,train
6476333,18693139,test
6784807,15724675,train
6791173,32596841,train
6851685,33605216,train
6911965,1106323,train
7133488,37188098,train
7255568,2276763,train
7784365,25602663,test
8016681,21787440,test
9425524,5753744,train
9444997,29417940,train
9545498,40316314,train
9550807,21787440,test
9824042,24175837,train
9894602,10456845,test
10099517,16869971,train
10134298,2017504,test
10156314,52127857,train
10193392,16869971,train
10566341,17191693,train
11357182,6369681,test
11812986,1162642,train
11871903,50032395,test
12089661,438593,train
12106946,5075103,train
12145887,5075103,train
12286939,24918898,train
12425266,67208195,train
12602212,67208195,train
12955453,62172448,train
12990926,2736755,test
13060456,2542683,train
13192379,40439772,train
13770780,38404959,train
14024257,14399467,train
14865705,16795575,train
15323284,2657430,test
15983444,103850896,test
16244843,53836757,train
16336428,13933851,train
16874685,13492085,train
17944219,10744966,train
18505594,31658624,train
18572271,6726364,train
19862301,92904768,train
20147886,119680716,train
21261549,45697749,train
21631882,11975404,train
21715735,100935364,test
24230591,24175837,train
24247797,19001556,train
24600833,12156706,train
25766100,21507811,test
27403622,52050220,train
29041626,27084741,train
30023607,29217011,train
30370565,172895347,train
30484485,4297835,train
31022239,130279,train
31959359,26923225,train
32546879,99791908,train
33852557,254112876,train
34056679,254112876,train
35162306,30054890,train
36603655,13246721,train
37251422,2138902,train
38999822,298560290,test
296361,1528912,train
548184,2694253,train
1762852,173997,train
2362306,10283677,train
2739707,12449641,train
3291524,15740819,test
3849226,5369757,test
4058701,20484008,train
4524289,2138902,train
4550015,15778416,train
4846877,6706914,train
6272181,32596841,train
6333850,11127879,train
6348972,33074274,train
6370889,33198779,train
6643716,2329581,train
6914268,36166297,train
7024079,36818817,test
7050316,36818817,test
7227435,9166253,train
7330488,18008678,train
7616651,3663218,train
7689346,39956905,train
7954940,39956905,train
7988259,5555793,test
8189063,3663218,train
8698962,9166253,train
8993461,46976876,train
9366256,10549294,train
9381657,822839,test
9676890,1387286,test
9777387,502563,train
9805274,2329581,train
9822983,4119786,train
9960135,42741722,train
10069601,13358864,train
10148201,502563,train
10363521,2542683,train
11043651,31879354,train
11398939,4218873,train
12386361,2017504,test
12422777,26819014,test
12733742,69243005,train
12734487,69243005,train
12904840,27634654,train
12984851,56752163,train
12990502,2736755,test
13599973,4025420,test
13803517,80770467,train
14058375,22058409,train
14851530,50374022,train
14881794,45748188,train
15268575,219970,train
15307735,11018460,train
15598303,15055897,train
16413797,106756395,test
16435953,107082851,train
16444558,6897064,train
17461341,109773614,train
17610059,13492085,train
18005542,6122006,train
18358343,127080012,test
18415952,39619320,train
18484597,8594019,train
19083269,4464205,train
19378517,34160620,train
19779749,1877402,train
20356479,80028220,train
20499306,25753120,test
20708246,11975404,train
20873362,5278391,train
21014202,97044757,train
21204122,4464205,train
21287982,117385673,train
21827355,89158733,train
21958889,160306249,train
22157982,4152479,train
22277233,105018962,train
22309732,6933112,test
23358691,44951851,train
25638322,106018910,test
27509983,6146050,train
27989719,38886949,test
28340698,103471052,train
29039497,32987584,train
29900235,99511145,train
30352862,64934891,train
31127208,99511145,train
31728112,172895347,train
31759409,63966717,test
32792015,63966717,test
33474649,175152790,train
34175216,245886857,train
34788810,22700616,train
37218271,99511145,train
43528151,80028220,train
44248280,39835878,train
47901417,2276763,train
5143959,20518366,train
6467264,33782884,train
6494256,33527075,train
8973075,8595112,train
9313758,1516920,train
9393610,48723117,train
9707671,14811787,train
9875791,14811787,train
11944668,37188098,train
14037145,83147028,train
14214315,10055751,train
15294943,21594748,train
16444320,6897064,train
18872495,19339271,train
19477677,25038748,train
21450176,121809482,train
22336423,40371157,train
25483095,113146341,train
1758391,9234456,train
2214689,5278391,train
3624653,6472334,train
4129909,9234456,train
9935509,12838834,test
9977113,8595112,train
10039992,19912320,train
12971882,5265824,train
13057103,27634654,train
13760233,8457214,train
14467602,89158733,train
14951904,21679450,train
15535079,6119933,train
15963664,21679450,train
16415365,8594019,train
16507116,252667130,test
17752493,20926711,test
18704012,1038989,train
19012156,2261706,train
20651206,99791908,train
21076625,33074274,train
21364301,103850896,test
21379577,61696564,train
21413190,22223682,test
21630186,12838834,test
22244184,45858744,train
28540171,7147060,train
32171100,241366980,test
39698393,10415750,train
1621235,1345611,train
6969048,36540358,train
8955506,20627781,train
9586258,27065592,test
10826734,10295496,train
13506967,4337162,train
13886618,21003389,train
14832329,12368999,train
18062797,85316652,train
18191934,71138930,train
19206550,128156060,train
19859697,9121644,train
20212531,10254539,train
20982168,61169465,train
21477816,155990761,train
21813179,119651060,train
22126122,1931414,train
22734359,167831565,train
22735103,33695224,train
24183293,48182426,train
25484515,192335868,train
25510480,38863621,train
26387779,12302238,train
26632496,85852354,train
27263672,26302195,train
29073462,116381793,test
29584099,222700281,train
31002413,231459188,test
31050262,231929970,train
33040300,248671285,train
35841351,268219508,test
40728639,110041840,train
22088409,37260534,train
22454537,164549734,train
31340743,5838825,test
42518035,338640411,test
6457121,33721278,test
9157504,47672492,test
9590866,49641082,train
9592655,49649740,test
9925760,51021121,train
10073995,1737876,train
15801194,12495861,train
16737042,8591819,train
19332077,4298040,train
22671517,3428456,train
29381358,221343982,train
39251023,299874106,train
3488283,17208512,train
4778638,24643923,train
4795029,24710778,train
5626601,29161738,train
6450240,4498389,test
7844193,14199417,train
8153669,43046701,train
9778579,50411330,test
11138618,57885166,train
12657888,68769040,train
12794520,69677082,train
12955940,71211231,train
13250303,38322121,train
14169102,13616538,train
17515870,118753490,test
19407599,136058103,test
19455656,28626337,test
20207945,52166457,train
20703198,72581005,train
20936537,71292398,train
20994196,109371945,train
22420902,52221728,train
22611675,166398662,train
26080745,196017211,train
27827110,141400974,train
28519821,214184351,train
36882448,39750809,train
39128779,280383714,train
40264477,286080229,test
40704734,177360125,train
4824847,20934972,train
8164877,9862206,train
8653449,31598220,train
8887748,46501842,train
11294566,59018284,train
13355711,39644709,test
19877695,25653961,train
23980153,180378787,train
26691677,56616801,train
27112282,185679950,train
397034,70234,train
2082670,10638597,train
2934382,7171571,train
6079197,31555753,train
6716199,31765814,train
7015831,36029533,train
7516992,29544115,train
9610704,15337454,train
9976820,6608183,train
10544439,54375099,test
11065633,19340034,train
12417189,13168457,train
19161964,107704855,train
27197193,163482759,train
27492948,207216690,train
27825381,53481649,test
30558005,22591930,train
32803072,244819285,train
13952428,67961258,test
14933893,60904698,train
16081134,24630962,train
19363728,27443386,train
20761296,146030957,train
21322272,154339771,test
21927538,17979929,train
22107368,103170539,train
22279816,41930087,train
29883990,152457143,train
30062210,225913497,test
33528101,19643468,train
34152598,34269923,train
36338659,234635363,train
3637029,18343265,train
4824211,24841295,train
6585852,1263574,train
7696314,16932691,train
8186068,2182167,test
8286476,23936958,test
8709326,41638669,train
8760775,45941254,train
9610982,47511212,test
10065831,51652888,train
10071225,40532707,test
12713950,69124785,train
16256074,44707475,train
16339429,106977720,train
19634230,41945908,train
19694308,12662045,train
20306472,442106,train
21833654,159014806,train
24855669,187895786,train
25806562,132497591,train
28817246,205268444,train
34810052,262394284,train
38069261,18934709,test
1194508,6527494,train
8387244,26909087,train
19571955,932021,train
28985951,140671636,test
33183013,23276234,train
33265025,28940517,test
34721719,261891944,test
3629580,18289867,train
5277117,6023360,train
9865344,50772718,train
20425060,71850281,train
21078963,59518759,train
26025308,159608581,train
38377430,252575625,train
8340381,20990447,train
9759957,9039711,train
12088765,1712843,train
13811866,79086338,train
15916709,18934273,test
16814536,30576651,train
20051059,16547637,train
20932773,150482893,train
23610982,91511951,train
30690974,2812428,train
33927253,114502772,train
35219812,13715158,train
36383411,162283008,test
19364229,4048704,train
22119375,63935474,train
23435615,125431405,test
28867268,26880156,train
31055896,31247820,train
35713272,268631641,train
1115381,6121678,train
2048796,763439,train
4384820,22764554,train
4886678,2470606,train
6309328,30494262,train
6703106,34841020,train
8730247,21060064,test
9005771,31666407,test
9362527,48582770,train
9464046,1607111,test
9609246,49720830,test
9679289,50006975,train
9698613,50084376,train
9874418,7410082,test
10057854,51614806,train
10475047,24094081,train
10839007,56124518,train
11271036,8145820,train
12268056,7119612,test
12494870,12140588,train
13945103,82717014,test
14141215,85368273,train
16425205,73550323,train
18675061,12033348,train
18808260,125871624,train
19048034,22343983,test
19343737,80603182,train
19414732,134677764,train
20186030,137625836,train
20385797,34274867,test
21716772,72203373,train
21756084,17906387,test
22545036,12541753,train
25004276,189022543,train
26496330,24079691,train
27506095,38635971,train
29737954,58077160,train
29761241,215229943,train
30904692,164692370,train
35349443,266128085,train
36633511,5014989,train
37864788,285546331,train
37971699,125444588,train
40372320,311857989,train
40502336,313557904,test
41000928,23307388,train
41274497,223231253,train
4901020,10450922,train
9479324,49133999,test
12752736,69366248,train
19948995,59875550,train
23869761,29326392,train
26251173,71742050,test
28978328,43531190,test
45103576,96241534,train
46397526,375444630,train
8187719,6898461,train
11341650,978580,train
11603201,7982432,train
12521735,34790915,train
13044815,72112652,train
17481484,118430352,train
19501640,45103075,train
21578513,88780960,train
21652744,157599851,test
21785453,158745515,train
22031003,70919459,train
23434788,56636906,train
23484328,6047516,train
24355118,55503144,train
25519971,192583202,train
30125569,114673570,test
30823647,147256857,train
32034634,240175662,test
35499352,170071460,train
37496011,194757524,train
38624918,290408184,train
38723597,290753427,test
40760516,278241305,train
42089739,122288720,train
43021431,342452571,test
43845812,339026185,test
43845928,57309568,train
44032373,138754059,train
44223269,356290430,train
44235321,4087340,train
2563764,13125674,train
3727861,19044783,train
3739864,14102923,train
3860899,12749383,test
4067861,21096602,train
4190301,21739563,train
4243533,8732038,test
4392066,5605897,train
4531990,23497375,train
4754646,6649124,train
4756125,2702777,test
4768030,24598868,train
4824808,24844547,test
4886168,25137999,test
4982969,2803589,train
5105632,15321576,train
5477034,4687722,train
5726139,14001033,train
5904538,30667773,train
6132646,15078552,train
6200613,10418386,test
6210050,12422467,test
6377920,33243990,train
6398715,31762883,train
6528060,34142729,test
6573055,31234460,train
6574537,34387513,train
6612737,28181993,test
6669443,8816218,train
6782407,31147528,train
6813041,1550419,train
6847053,35878048,train
6982967,36613427,test
7071672,37077066,test
7114665,34866720,test
7149710,37442404,train
7322656,38360286,train
7331850,38405623,test
7345333,38480809,train
7359878,13896003,train
7380251,38661692,test
7387862,38702813,train
7394136,38741040,train
7419517,4875631,test
7460803,18922562,test
7517579,15772306,train
7539610,39503857,train
7570475,16173306,test
7699703,15420345,train
7843696,41330687,train
7857040,41405875,train
7970450,39651842,train
8014315,259826,train
8582762,45082108,train
8628970,45383901,train
8794624,11918958,train
9111561,35905254,train
9195534,47835171,train
9201479,47860375,train
9211534,43846246,train
9231341,14667282,train
9316653,31245408,train
9430502,3100823,train
9437085,48913242,test
9572448,49482081,train
9674880,30312537,train
9777883,4098796,train
9807059,50526314,train
9821359,50588693,train
9823636,25153542,test
9853884,50727041,test
9863097,18900298,train
9997006,50695071,train
10031436,51499758,train
10035706,51517754,train
10067199,47472192,train
10491207,54081802,train
10681986,55179950,train
10995738,1755999,train
11085352,10994250,train
11130697,57843472,train
11282499,5408649,train
11284626,7519175,train
11434339,60077790,train
11672539,52794726,test
11738951,61303786,train
11909622,35362734,train
12082737,47954479,test
12095161,19965375,train
12196647,5744488,test
12324428,1702298,test
12387215,14278457,train
12472883,12114372,train
12497757,50137233,train
12543988,17763535,train
12567993,68139079,test
12643171,26054687,train
12810131,25971488,train
12869174,817948,train
13080002,2340370,test
13114542,58735878,train
13303942,48036408,test
13440481,17385374,train
13686914,28250527,test
13924403,78529013,test
14039239,78870551,train
14423010,15978364,train
15736953,83246395,train
16191889,12943509,train
16226514,105346006,train
16336867,36828710,test
16426559,107670361,train
16821077,38607397,train
17254855,26899015,train
17894791,122591455,train
17979132,70619358,train
18636030,87680800,train
18648591,97032243,train
19068469,69211977,train
19743272,138628430,train
19847655,140323391,train
20011434,28825500,train
20213732,6927464,train
20271220,634346,train
20980756,145858413,train
21317156,84766486,train
21580765,156592177,train
22017804,27105320,train
22098435,23208262,train
22106002,18605299,test
22471099,48565842,train
22512408,28400686,train
22702994,99652823,train
22818498,168660624,test
22907753,16006049,train
22981126,170387293,train
23024146,64247710,train
23216187,8260418,train
23258602,72196680,train
24919398,43954564,train
25097211,28229044,train
27054483,12275644,train
28012756,159757254,test
28534405,2891643,train
29082734,104351616,train
30496651,10358835,train
30672441,229588502,train
31383493,166432964,train
32214585,98868828,train
32862140,17842449,train
33100876,249146659,test
34710645,82187372,train
34718143,19638778,test
34894797,263007016,train
35474830,147228245,train
36620796,228957948,train
36640504,275407139,train
37452919,282455659,train
39117708,115819687,train
40201159,61105987,test
40599703,314597383,train
40612222,18845491,train
40937837,166849424,train
40986283,206217143,test
42220146,291026998,train
4994264,41398078,train
9469827,1240958,train
11096888,2228137,train
11411361,57287881,train
12050280,64528384,test
15409309,42151184,train
27602987,24909331,test
34748586,3869478,train
35217588,258441018,train
43605509,202710081,train
7376952,32004384,test
10513228,853118,test
13712336,68404305,train
17495862,90215210,test
40642813,306571643,train
12303877,51522009,test
27508803,11381575,test
32859066,171636572,train
45367802,5416971,train
2440846,9872597,train
3041280,4401973,train
4051643,21009723,test
4775278,6948005,train
4879911,1473630,train
6391062,5972246,train
6601683,5226684,test
7087752,12602098,test
7094619,37186427,test
7277143,24821272,train
7583507,23124921,test
7611169,39916890,train
7632182,40037773,train
7652929,27784469,train
8663831,16339935,test
8901538,46562860,train
8972807,46888345,train
9079542,2123463,train
9129113,17497762,train
9350729,2953015,train
9511685,49286334,train
9750308,50291368,train
10270377,52601644,train
11435529,30545042,train
11513480,47105925,train
12130620,11338827,train
12287938,66191982,train
12363920,66787512,test
12687169,49024977,train
13467433,31373840,train
13473267,26517955,train
13542287,17860156,train
13770179,80794677,train
13902088,82412007,train
13987276,83476674,test
13993046,75916476,test
15021635,61140228,train
16174929,22432953,train
17304795,78866824,train
18108134,7370191,train
18656413,110031106,train
18686817,59407939,test
18751192,6676046,train
18958724,40510005,test
19193758,89861903,train
19291110,34198671,train
19717632,6965700,train
20788590,149014739,train
21561860,143696286,train
21921707,100424005,test
21983066,160507714,train
22176782,77792023,train
22295587,152629314,train
22308705,23165019,train
23610557,2251176,train
24175236,13929249,train
24289926,149324749,test
25232614,187574104,train
26786123,1809268,train
27336802,205998016,train
27338033,206009618,train
29587811,162504107,test
29909077,224892300,train
30088310,2723489,test
30402045,171673961,train
31057394,57090879,train
31806593,191084919,train
31925075,239351588,train
32917917,247662050,train
33052042,125765710,train
33956049,256403429,train
37421935,281122138,train
38355839,6253811,test
40497622,3644988,train
4679967,7304425,train
5136833,26558533,train
5580648,21497854,train
6347548,33063310,train
7561314,39636434,train
7901928,4646764,train
9496213,6515431,train
9635223,49827772,test
9664497,32173907,train
9847917,7511881,train
9887326,33499326,test
9944013,50615055,train
10904914,56514111,test
12465732,47638752,test
12737660,69269694,train
13083020,1892402,train
14576763,51256572,train
15989547,7380558,train
16394608,37236633,train
22618396,107978473,train
23256023,123578077,train
24889922,177560095,train
25710052,45859780,train
26052294,17672941,train
28261992,44545038,test
29231943,7556128,test
29416986,32896046,train
29760452,209163615,test
30716621,229912004,train
31979408,50862159,train
35768266,269078087,train
37394909,118672543,train
37686146,284820004,train
40255977,137872960,train
1971540,10179999,test
2144319,10945216,train
4279323,21140491,train
4309079,22367030,test
4663804,24132118,train
6421335,6680071,train
6432836,19251040,train
7699542,22703843,train
9022118,8311526,train
9125917,20233581,train
9411914,17234494,train
9615485,35320945,test
9885501,1762558,test
10015258,5041830,test
12184165,65476654,train
13606337,78727422,train
14386245,88352863,train
14870802,34252002,test
15678122,11262790,train
16298489,47675184,train
16391487,16085180,train
16960760,113409633,train
19490499,136818122,test
19609107,137884235,train
20148004,143330206,train
20256027,20729779,train
21607402,22296461,train
22689135,167250189,train
22972357,158456362,test
24158806,142426920,train
24936179,137255181,train
25345332,191398879,train
27831402,110674731,train
28427324,214141672,train
33427418,178676648,train
36318888,14598000,train
36662970,39353885,test
204833,903686,train
1523556,7304881,train
4839805,6430105,train
4867016,1968327,train
6949104,6884282,train
7480795,18576994,train
7597951,17868326,train
8416681,6722310,train
9577748,4451240,test
9730784,1038645,train
10138996,52031734,train
10165410,30658746,train
10272718,42278723,train
10474780,40312267,train
10837800,43533460,train
11861349,12440590,train
12155351,34507633,train
12360322,11626567,train
13546425,9501536,train
13921768,18177436,test
14108671,27165264,train
14180414,85898729,train
14624128,10098825,train
14823077,20707006,train
14959195,67126282,train
15679326,101276529,train
15789384,35667639,train
15790071,20237633,train
16394440,47817193,train
17728208,95306427,train
19241855,18515933,train
19244237,17184568,train
19245830,20507114,train
19275018,24771293,train
19544478,58052561,test
19606813,973036,test
19677221,88351271,test
19712270,138914016,train
20031768,4777135,train
20521092,5190439,train
20755255,28337487,train
21219137,22617181,train
21248835,48660417,train
22044485,40959256,train
22205780,67753773,train
24715821,20994908,train
24748187,7656338,train
24851371,187861161,train
25325029,24327574,train
25402549,76477003,train
26129308,107712560,test
27889231,4908332,train
28251042,6048765,train
28298437,14430349,train
28337493,10810969,train
29455932,106692652,train
29884003,11907194,train
30129959,195452338,test
30180208,75349777,train
30439398,47152279,test
30913224,33771081,train
31153254,50241946,train
32356476,22749766,train
33198558,40778906,test
33972882,4024547,train
34180443,44260443,train
34360431,65770853,train
34501825,40707667,train
35037457,36712060,train
35547124,173794097,test
36315795,61872828,train
36846836,276950232,train
8047711,23027887,train
11391101,59756933,train
12343793,7476145,train
21094022,32110549,test
22243957,5026324,train
30792215,192754619,test
31738077,50497157,train
33446373,251968645,train
39028036,28723229,train
5652403,3999695,train
6539114,111837,train
7224028,5998033,train
9697749,43380791,train
16543563,5076469,train
16841998,112127289,train
18209795,35525179,train
19788957,104892816,train
20572398,131950694,test
21327327,75812000,train
21603901,46363732,test
21755954,16273067,train
22048368,88739067,test
22638243,16684717,train
24550536,137130915,test
27389647,119531605,train
28314576,3604985,train
28333941,199245226,test
29963540,52357574,train
30477343,51610412,train
30531695,227682707,test
31556929,8288491,train
34014027,23003756,train
35284472,220159422,train
38072539,28408288,test
40506037,6007970,test
1979506,10071119,train
3544858,7879349,train
4135848,21455632,train
4601325,23847354,train
4821605,24828814,train
5340170,27240422,train
5430560,15402737,train
5506438,2263462,train
5806687,18060780,train
6131266,3940516,train
6209084,14772147,train
6956358,7013442,train
7054585,24830540,train
7095534,37191710,train
7387919,37993952,train
7401048,10832128,test
7620355,38670785,train
7631585,40034304,train
7819704,40070423,train
8427028,17473615,test
8636811,45329725,train
9145150,31980952,test
9513152,20019653,train
9613626,7371085,train
9757018,50318467,train
9846616,21269488,test
9967360,51219881,test
9992479,51337085,train
10038633,19049309,train
10177726,12378834,train
10551015,880323,train
10837039,2252514,train
11144544,7401344,test
11322391,17824959,train
11798782,26865924,train
12728514,69210611,train
13292687,75014265,train
13308629,41408521,test
13622777,68760676,train
13841625,23813425,train
14322170,21697957,train
15097126,94717868,train
15411945,28007844,train
16338143,106963874,train
16963544,2626535,train
17369530,8140134,train
17538067,21369808,train
17793180,106046570,train
18271460,106130636,train
18516103,128210772,train
19096160,10697117,train
20480133,88787567,train
20711342,6520264,test
20738991,37627534,train
20802860,11589542,train
20881198,85016972,test
21825464,13898361,test
21899473,60632753,train
22060924,5234625,train
22173887,3297475,train
22266538,36283215,test
22290580,162914079,test
22305350,335016,train
22343553,1177128,train
22700620,56120478,train
23508567,13956097,train
23960224,17631089,test
26598239,168815258,test
27168097,54541149,train
27504048,63199008,train
28430103,214624504,test
30350359,108457539,test
30499662,228900197,train
30661174,189876110,train
30707567,6769030,train
30718736,23910847,train
31262486,233315839,train
31651359,181382109,train
34316911,259076960,test
36204465,272265146,train
36394726,239638986,train
37454461,237716085,train
38541050,225075332,train
38796487,291680790,train
40735709,259736624,train
16376497,81190209,train
2204672,11249304,train
2294594,11721588,train
3208609,1465030,train
4203119,21806075,train
4384442,7010789,test
4710310,24344136,test
4766819,13705706,train
4781069,482242,test
4907749,25268374,train
4973452,693815,train
5066963,26164700,train
5562394,17548709,train
6357058,23975421,train
6371890,6771594,train
6713005,35144920,train
6913023,36227371,train
7180015,37614545,test
7482767,39186813,train
7575626,35307662,train
7596341,17675081,train
7987306,34149113,train
8737468,16934136,train
9052018,47228873,train
9364750,48592068,test
9365025,2376644,train
9384367,48627335,train
9435315,35539248,train
9715404,6105861,train
9768159,618803,train
9790355,50459536,train
10174245,7940120,train
10184162,50466143,train
10226511,52551507,test
10244876,52656488,train
10297582,52973925,train
10359702,53319402,train
10382430,53445174,train
10500033,54130768,test
11840057,51447330,train
12107055,64921358,train
12737335,69267322,train
12850186,70198067,test
14778622,92238446,train
15149762,85955862,train
15513127,62644193,test
16394700,71499658,train
16568275,109142193,test
17031720,18810552,train
18155865,125204273,test
19364266,135732224,train
19459142,135696084,test
20070087,105075265,test
21463041,112176279,test
21736059,108836422,train
21804666,158731650,test
21939817,153066091,train
22246770,3266249,train
22504678,122786340,train
22552956,165695294,train
23058456,171154086,test
24896472,116460196,test
27506090,140312311,train
30311099,220734035,train
30391955,228213504,train
31284078,234111066,train
31336375,234596452,train
36414576,45397566,train
37497614,252010316,train
38619550,10629227,train
41693525,282409256,test
4350495,14194388,test
8208317,17686601,train
9514772,5668894,test
12342269,1892706,train
13111578,72897900,train
16644223,7921167,train
16768665,111319972,train
17480547,83351115,train
21933065,160057164,test
22189602,3044091,train
22251486,17110907,train
22969873,50949024,train
23516999,7138515,test
24360112,183833039,train
24923524,42931425,train
26557266,152047633,train
32343635,109189054,train
38705874,93308233,test
40256959,310916292,train
40892321,318182596,train
41036391,201543093,test
41132137,321952505,train
41403642,288388758,train
42583946,20044103,train
42745680,61330869,train
43150235,343538498,test
43316452,79409639,train
43425023,346109549,train
44009301,242777836,train
543027,2669929,train
2416191,1473507,test
3368427,4044499,train
4097279,2705041,train
4493526,23308381,train
4540852,10718241,train
4549627,2748575,train
4791964,1725974,train
4833294,24878584,train
4840211,24821875,test
4850000,22219331,train
5173154,26756453,test
5251673,27181264,test
5313584,1747467,train
5432743,23163374,test
5451108,7159349,train
5490833,11463877,train
5672471,142695,train
5766499,19735540,train
6216318,16970067,test
6249465,31914305,train
6678351,7577024,train
6881827,25111426,train
6975129,36575095,train
7011234,14131965,test
7048518,36962041,train
7203943,21381325,train
7603075,17163531,train
7818142,16426665,train
7826411,24881130,test
8325605,43889585,train
8737991,5270447,train
8986308,21293445,train
9042254,47187008,train
9115832,47501348,train
9174180,12901128,train
9253505,3001268,train
9275199,48170780,train
9508202,43707936,train
9521009,34066586,train
9756612,39631811,test
9766922,19874128,train
9802654,4050348,test
9926599,16616941,train
9956933,10338497,test
9977322,12573771,train
10163240,41535999,train
10322621,20193547,train
10447691,183151,train
10473052,41832478,train
10589384,1558246,train
10659825,55060863,train
10957871,56836468,train
11033476,57257971,train
11098018,10199059,train
11737916,2350014,train
11837681,44071830,train
12175508,65415391,train
12504542,3982538,train
12684394,49902290,train
13355833,5628991,train
13699396,4283766,test
13705844,37707224,train
13916105,54261444,train
13957261,8143711,train
15036516,62604251,train
15069259,57793192,train
16162247,88384901,train
16367772,38679669,train
16479076,60344033,train
17302040,89241337,train
17543905,7976263,train
17923165,47056437,test
18655886,68017798,train
18840106,78299086,test
19071374,133147190,train
19098568,133410608,train
19102715,77334582,train
19194997,71203979,train
19359218,66215286,train
20297560,13989494,train
20482768,35040795,train
20609505,82189528,train
20899010,5761096,train
21142363,119464278,train
21581375,45874239,train
21608234,2685965,train
21680914,157825168,train
21684804,12080664,train
21700026,631374,train
22175249,161919000,train
22260331,26898137,train
22616692,106394077,train
23515323,1687425,train
23605302,5252932,train
23741304,59860568,train
24852364,95051172,train
25972171,90689056,train
27200105,416361,test
27941636,211069875,train
28585982,102180676,train
28609762,135150441,test
30065172,49546136,train
30352717,45773187,test
31054566,231971512,test
31313987,121926104,train
32291826,36211911,train
33822415,9855802,train
35793925,189808492,train
38475934,187362323,test
38521947,33449936,test
40710978,316005726,train
41144739,233354151,train
41996522,332290375,train
43300870,339564354,train
43640859,190630631,train
16807550,26420701,train
14404240,88400958,test
15102026,19983675,train
15806629,26020769,test
19475198,3228795,train
19983748,141740738,train
22337421,5891676,train
27470574,35328956,train
27491566,48018277,train
28958325,9187405,train
29782067,20037314,test
32185689,33992697,train
38187517,170877096,train
38660568,20321004,train
760461,55421,train
763600,3891399,train
1480002,7919277,train
4137645,11134688,train
4493474,5777821,train
4504353,1607087,test
4758924,24555785,train
4786030,24672682,train
4838260,20357771,train
5361021,27790643,train
6760295,12432739,test
6807836,2136825,train
7198878,30066276,test
7307468,26364541,train
7710250,40503855,train
7740527,40684968,train
7823121,37402024,train
7853110,631747,train
7913704,2405940,test
8083931,15585119,train
8102145,26163238,train
8932929,12502512,train
9207023,47886371,train
9248239,48057837,train
9345523,39333015,train
9926058,46887682,train
9970995,24332919,train
11377233,42626435,train
12366132,66614646,train
12751471,4497670,train
12954148,24517762,train
13798188,17153180,train
14548280,10013093,train
15733597,57109253,train
15781214,102072740,train
15866496,9193762,train
15874733,54634134,test
16268781,1395843,test
19009220,60494212,train
19176790,88034180,train
20165947,17290200,train
20920138,70932642,train
22081741,2738676,train
22397992,137675040,train
30208544,73128753,test
30955204,24946568,test
31315936,10746800,train
39465902,220161560,train
39509872,245447340,train
1281023,6970732,train
5511865,26786604,train
6342741,29893120,train
10438662,53773419,test
11602574,16899697,train
15132221,14409957,test
15716633,22118802,train
16133101,1626704,test
17792856,73610315,train
22316496,8726000,train
24630272,23971160,test
26063436,3180932,train
33123667,56349939,train
40394743,11773839,train
430427,820046,train
629855,155163,train
2207684,11261555,train
2257064,11526701,train
2269104,8568891,train
3005261,7629544,train
3052904,15543098,train
3646059,17525930,train
3687227,4765290,train
3698367,5465947,train
3747107,9535767,train
4267133,6793885,train
4416970,22628166,train
4695408,15642271,train
4713896,10148113,train
4932714,25295888,train
5671103,1686834,train
5717674,29642992,train
5786059,30006954,train
6168663,15743117,train
6387739,33297467,train
6422762,13341919,test
7036435,5476372,train
7089639,19834927,train
7411499,1023985,train
7460677,32691187,train
7617511,6828611,train
7632166,4596309,train
7713509,12303720,train
7742889,8692598,train
7916103,29235148,test
8321495,30866347,train
8401620,44262118,train
8473532,44623374,train
8504231,44779572,train
9110077,19885346,train
9283104,26885466,train
9333533,48442001,train
9488756,1657540,train
9627513,36792245,test
9713048,50144624,train
10153654,52112891,train
10298783,52981364,train
11459084,20175896,train
11514023,50462669,train
11982174,46889591,train
12247741,14906645,train
13116397,35959584,train
14472317,34226735,train
14555269,4825815,train
15307603,92195100,train
16037576,85294325,train
16258784,19000672,train
16312490,3240340,train
16491507,4033160,train
19176222,90279905,train
20981954,31658722,train
20998265,90531953,train
23312524,75748625,train
25484150,16121141,train
27157649,22264156,train
30251760,29688249,train
33970585,256012654,train
34088961,214148143,train
34162298,133809504,train
36471896,23548340,train
13239181,15478812,train
7035051,33821265,train
10280439,23156396,test
12827123,15398860,test
16530947,71370032,train
17655017,120137482,test
19094558,23821111,test
21386117,83093714,test
22957090,27070336,train
26138702,18260424,train
38935166,105813928,train
44635187,101597958,train
855542,4470717,train
1741745,1845333,train
2260274,11542120,test
2392814,12223914,train
2530057,3237558,train
4638668,6569891,test
4907206,25264954,test
5039939,26018110,train
5059402,26124805,train
5066526,26162659,train
5069145,26176627,train
5695509,15897880,train
5847182,30357478,train
6087827,31594375,train
6201730,32158960,test
6279160,9742010,train
6557289,7074531,train
6627668,27462282,train
6864482,35798207,test
6934770,36356923,train
7054405,36999491,train
7126996,37191276,test
7205668,25712247,train
7274441,7079175,train
7328712,2482069,train
7362840,2164856,test
7367484,31452390,train
7382573,16548316,train
7545751,39539913,train
7659042,23187157,train
7698619,35997506,test
7931059,6312322,train
8130551,13164593,train
9092024,47406119,train
9193390,47825300,train
9363966,48588586,train
9493142,49202910,test
9613541,49738780,train
9709801,50131208,train
9747647,8768792,train
9864749,50769650,train
10125213,15109029,test
10247766,52674088,test
10340695,53217509,train
10390256,3078092,train
10401534,51309850,train
10679740,55165952,train
10812136,4827009,test
10937904,17601552,train
11031059,44776542,test
11032588,6265305,test
11211612,57069428,test
11295918,4671389,train
11654372,6001746,train
11890882,60617592,train
12129245,43740859,train
12153709,167796,train
12228023,65786525,test
12253338,51547958,train
12734936,20354912,train
12871961,20862335,test
13031383,5163395,train
13635848,79078275,test
13740793,76590834,train
13750084,8035063,train
15173557,11585415,train
16259787,40277743,test
16350271,107058927,train
16450351,14416504,train
17480275,115227524,train
18355480,16718650,train
18610544,32052979,train
19801310,139638096,train
20184373,142795724,train
20314852,144863286,test
21612043,34773529,test
21683672,2179407,test
23430085,75003580,train
26357035,45094825,train
34055336,14680337,train
37887133,11039369,train
42185710,230030950,train
42558940,45899955,train
43675603,3959768,train
6651070,11179915,train
9943427,26444500,train
12286373,20754989,train
13811008,78732090,train
13912725,8163438,train
14089282,57517386,train
15757847,24867105,train
20482284,83185467,train
23685999,22779744,test
25110301,41783072,train
28784319,176406553,train
38371078,12878448,train
38794460,14694408,train
40332373,57785302,train
40915161,52516452,train
41008894,116171108,train
44896755,45518032,train
6006603,31182668,test
6349524,8852945,train
7023739,23833056,train
7724031,40585281,train
8712745,22502130,train
8732919,960850,train
10695252,488202,train
13123232,12341146,train
13432549,10870019,train
13658967,51432814,train
16568164,43642470,test
17679645,51594665,train
19914250,48972208,train
22139932,18730893,train
22146533,10385600,train
23005685,51536620,test
32892845,75064270,train
34176229,34782150,train
38594345,19857047,train
41466873,2034271,train
42417278,36743105,train
2728293,12511213,train
3401911,17156530,train
3533741,17791294,train
3739126,3586725,train
3780746,19395095,train
3864528,19800918,train
4716349,21208237,test
4795088,24711105,test
4842507,6954001,train
5335792,7877557,test
5478901,20121732,train
5623799,9311147,train
5757509,29867161,train
5931824,23116198,train
6013171,13917722,train
6262496,4582357,train
6599689,34475475,train
6627650,34690679,train
6784406,12764250,train
6806282,4055091,train
7072245,6474887,train
7126110,37325763,train
7262068,24884055,test
7419230,22805576,test
7483034,7202390,train
7582834,7915676,train
7637101,2484520,train
7692701,40401163,train
7725042,23715762,train
7730865,21256980,test
8326753,34934128,train
8355794,15833732,train
8358047,44050884,train
8794495,12330542,train
8907362,46537493,train
9014126,24622525,train
9039236,47176167,train
9049505,2413971,test
9050597,7407846,train
9201458,13794250,test
9317779,30738895,train
9415026,14995329,test
9540974,6904334,train
9593093,49651648,train
9717662,4549440,train
9736600,50235395,train
9786769,50445531,train
9794825,18998261,test
9800247,36585734,train
9804849,12996782,train
9858645,7611383,train
9998154,32993860,train
10038695,16260491,train
10039238,41316877,train
10054894,280883,train
10058944,9050420,train
10115193,29923547,train
10192898,7108710,train
10233048,14064072,test
10731618,29880001,train
11389773,59746634,train
11526771,15152746,train
11546462,44357881,train
11573292,59493714,train
11602485,39123185,train
11910257,50661711,test
11928097,17737517,train
12243556,2863689,train
12253809,12608878,train
12420694,20471565,test
12681730,12534916,train
12704159,2676750,test
12852935,2344389,test
13058888,7701998,test
13251558,74534871,test
13451720,44269461,train
13508766,77523610,test
14168274,20448276,train
14236734,86576234,train
15195093,33936240,train
15196650,22073094,train
15646546,98235552,test
15789405,7607175,train
16561213,101695430,test
17560543,117851567,train
19364351,39561430,test
19968961,6393112,train
20384987,19045109,test
20934581,3630017,test
21239885,45688062,train
22994960,96317547,test
23144059,7990635,train
24892670,58964906,train
25168678,22029264,train
28161643,28408861,train
28885996,70922580,train
29338399,102542851,train
30522970,22051363,test
32374666,241708736,train
32923358,11018124,train
34042870,53686400,train
35974849,102495774,test
40274732,311115491,train
40753914,7303890,train
40915046,50389867,train
42687943,336788620,train
44378635,358060731,train
3944499,6771709,train
9995077,51348096,train
12864095,7953376,train
13324758,34547856,train
13515865,1797635,train
13801326,1916501,test
15781521,24215329,train
15790820,33924547,train
16721299,1302317,train
18666583,129723592,test
19315218,108578737,train
20552425,79896285,train
21828822,34692600,train
22342076,75578529,train
22879396,12479495,train
22975958,9250609,test
29416543,49664763,test
29995977,2458913,train
33711350,41949280,train
39694948,57296783,test
41048929,65354277,train
2132248,3695778,train
2171809,11063639,train
2291507,11057719,train
2467879,786862,train
3903284,9990930,train
3971526,1840581,train
4041351,2034343,train
4059037,20441343,train
4116403,4314639,train
4520449,9196903,test
4586330,23677128,train
4636323,24006197,test
4720142,21466735,train
4724857,12729740,train
4729374,799566,train
4774629,1660841,test
4777063,1641589,train
4785563,1977947,train
4803244,24744819,train
4822557,24832418,train
4902025,5564276,train
5364337,27807705,train
5749889,16727332,train
5847724,8968224,test
6020382,1511065,test
6560459,34313950,train
6611774,3183567,train
6713821,12447185,train
6766894,27103894,train
6851700,35902297,test
6955143,16533401,train
6968488,8080357,train
7064199,37040263,train
7155442,1279181,train
7207594,22792227,train
7226624,6407741,test
7262439,37325782,train
7355158,12644018,test
7418754,601586,train
7512967,1497263,test
7563487,3353772,train
7577608,1355616,train
7745375,15905720,train
7801023,41060321,test
8398120,17871237,train
8553197,1603471,train
8736934,12639098,train
9063972,3040551,train
9105853,32848328,train
9112776,47489718,train
9187221,36297318,train
9301562,48287405,train
9345131,4429743,train
9364626,22141007,train
9436049,7117596,train
9473492,49099055,test
9475136,13034246,train
9496559,20160518,train
9532048,485349,test
9738605,50054847,test
9794077,23698012,train
9825420,1570949,train
9825939,9055412,train
9827236,25752230,train
9899499,10836122,train
9925373,10799035,train
9938746,1968682,train
10173750,24840827,test
10253377,8885753,train
10280162,24411752,train
10334395,10197136,test
10524082,54262760,train
10792883,55853534,train
10886372,56410306,train
11144496,48819868,train
11573695,7041668,train
11698352,22769314,test
11827037,63002307,test
11923007,7640852,train
12113045,64967307,train
12184956,36959636,train
12202225,59979344,train
12674423,37234211,test
12727779,69205600,train
12814195,545273,train
13139850,34731099,train
13150529,5561136,test
13312968,52699613,train
13413386,62409721,train
13539571,12377856,train
13588393,50338266,test
13618148,5110884,train
14109494,30610258,test
15520792,42328181,train
16054732,4233535,test
16625310,6025804,train
16677358,25311040,train
17140782,16868847,train
17822626,29510483,train
17952277,62685070,test
18915587,60626720,train
19866106,91358346,train
20073605,23299635,train
20387176,20540369,test
20573565,125692898,train
21105248,111020045,train
21536775,108157026,train
22103302,4455011,train
22302587,8358654,train
22811128,44278310,train
22955342,25533198,train
23338901,12128354,train
23664324,9638130,train
28313356,66711185,train
30158061,8189649,train
31517508,7777033,train
31763043,2521249,train
37202457,108627701,train
38163410,79374905,train
38584735,109716638,train
39944973,697990,train
40200081,14781709,train
40261420,103373820,train
40365455,65447954,train
41978055,5091212,train
43138585,106308582,test
755703,3977693,train
2592640,13272957,train
2803944,3181226,train
3933382,20379079,train
4000133,20738908,test
4629599,22503794,train
5521107,9862957,train
5692492,3148473,test
5851054,26440049,train
6031001,30021924,train
6291568,987621,train
6447797,33616159,train
6571441,31458100,train
6628117,24839107,train
6692573,35030648,train
6837529,35829854,train
6937480,36373090,train
7320160,19692652,train
7581611,18770940,test
7643901,39706100,test
7745868,7876900,train
7902291,41667978,train
8133707,42951928,train
9231791,47989547,train
9387120,48695642,train
9477096,49120717,train
9545059,49431548,test
10050847,51584665,train
10630048,9273561,train
11370207,12797993,train
12454556,8671253,train
12493228,816008,test
12554945,20586090,train
12810452,15867885,test
12853330,31237380,test
13942921,82951378,train
14357487,48489969,train
15377806,8903368,train
16144596,105349749,train
16897611,112763616,train
17302836,4428742,train
17524075,15730200,train
17591356,99245631,train
18236999,23269913,test
19062809,22860779,train
20012263,17591452,train
20245126,9450203,test
20309353,7344404,train
21241829,78414842,train
22214408,292137,train
24299542,25093840,train
24698043,14710145,train
29821998,52767716,train
30390975,12704088,train
31626920,50339845,train
33318809,106159574,train
39520917,267696544,train
720221,2799768,test
1431246,7693917,train
1975069,151654,test
2727766,4992804,test
3215486,7691955,train
3461872,5220670,train
3504289,11308483,train
3727816,19044620,train
4125398,21400083,test
4244476,782008,test
4822057,19660044,test
5848515,28252018,train
6326345,23589288,train
6523409,2124716,train
6692975,29417590,test
6741094,35299368,train
7093122,36562419,test
7116273,37166807,train
7382982,19504544,train
7542840,31799541,train
7646092,24001156,train
7863289,9367710,train
7901715,29599415,test
8467862,35302724,train
8605739,3210447,test
8992714,40552516,train
9434801,10335025,train
9451784,22953164,train
9576230,10619345,train
9755384,9262409,train
9790995,39615319,train
9804299,3285138,train
9846114,20271650,test
9904386,10396448,train
10052289,49522403,train
10234232,21094081,train
10446926,53819985,train
11281365,24258262,train
11971174,4411040,train
12019843,14476679,train
12509350,31376006,test
12652939,24944767,train
12653871,68737773,test
12760088,52630170,test
12831310,70030943,train
13099742,72770139,train
13398837,22166692,train
13404021,76303329,train
13671558,7127392,train
14168413,18981759,train
14668738,32878607,train
16508710,20414850,test
16613993,109660521,train
18043457,15651644,train
19554164,137384468,train
19720907,54283436,test
20501444,101720883,train
21050522,151639981,train
21428791,16794494,train
21618022,129627879,train
22372893,94088674,train
22440046,164391402,train
22763812,327778,train
23323530,75359775,test
23755278,105825171,train
24806529,113890236,test
25474632,37151670,train
28129768,10009047,train
28487536,24726785,test
29031435,6564232,train
30373102,24762196,train
31259110,233521077,train
34752945,262091506,test
36105777,114413305,train
36566497,274886165,train
38493907,223037947,train
38908757,209758777,train
40394315,11773839,train
40725145,18954159,train
1166616,6388666,train
2565087,13132515,train
3317978,16751902,train
3518682,5407403,test
3591107,6310115,train
3747392,15805343,test
4165278,4403262,train
4497294,22831759,train
4504115,8581058,train
4738946,15821855,train
5470350,1340207,train
5590966,28723165,train
5779752,19498957,test
6972046,23574544,train
7239527,37903935,train
7435181,38946305,train
7526715,11203708,train
7697256,17326743,train
7808565,6947307,test
7858096,41411803,test
7985537,15311573,test
8266933,29499028,train
8381173,19838610,train
8386889,44193702,train
8642982,13440686,train
8889664,7006490,train
9155741,47663806,train
9556983,49485109,train
9589086,21086012,train
9823085,46256682,train
9937307,17543924,train
9997702,5123299,test
10117223,18782603,train
10268868,22543733,train
10526335,13200818,train
10575777,25475028,train
10676959,47121117,train
10850008,56197328,test
10996466,38794144,train
11967737,63928471,train
12084205,51924404,train
12830905,70026602,train
12914669,44665470,train
13141460,46309248,test
13213869,38284609,train
13314442,35494785,train
13511798,7385139,train
13885982,11841497,train
14292249,39241960,test
14440066,5073448,test
15241968,79738498,train
15248135,48107620,test
15430782,14016646,test
15818624,18192430,train
16569554,1535167,train
16706758,10585694,train
17189819,10210950,test
17746222,16721721,train
18719602,66051549,train
18790512,110349355,train
18899768,14614795,train
19261697,67992400,train
19891485,10677720,train
19981584,75819473,train
20928429,92474771,train
21243315,4476859,train
21678477,39472888,test
23387463,24738447,train
24083746,32434287,train
24754459,120756369,train
25031182,2830216,train
25085816,77716287,test
26352096,115424426,train
28050688,45000778,train
28105430,48167507,train
28584877,92733485,train
29583389,20283518,train
30187850,226772729,train
39844147,22573752,train
436916,2169825,train
966104,5268970,train
1326514,7240751,test
3241287,16399575,train
3684144,2955491,train
4136252,14952623,train
4383734,18674671,train
4744276,24487418,train
5445743,17246368,train
5543210,3424719,train
6259928,31405259,train
7132891,23988743,test
7939788,26297795,train
8843403,4231636,train
9078632,42570179,train
9218893,47938104,test
9349221,35489917,train
9544914,22423049,train
9634880,18330683,train
9805128,50520029,test
9853919,7033731,train
9915508,14537404,train
10011763,24190730,train
10847901,38116129,train
11545797,8167445,test
11786053,37055110,train
11884931,18221107,train
11922306,63623329,test
12336668,4207560,train
12383041,17001409,train
12426957,20069770,train
12965288,11071244,test
13881020,82148918,train
14126303,85191443,train
14421313,42627213,train
14527923,20521058,train
15857916,58118452,train
18006003,91261577,train
18314930,5641114,train
18375246,127250455,train
20947070,101110337,train
21185909,38753504,test
26488707,65093286,test
36591820,88774551,train
3749971,10094431,train
4152752,21546973,train
4440181,23046908,train
7500228,16960158,train
7509362,29156329,test
9080286,47353889,train
9240606,14078910,train
11658950,21382844,train
13422992,11274802,train
13668127,6214982,train
13669161,17605950,train
14086188,12086609,train
15798809,102218558,train
17555918,3650456,test
19032635,49193707,train
19211023,6850350,train
20729892,100833625,test
21308792,33776141,train
22031683,4027689,train
22252628,26022466,train
23270879,69907671,test
24556525,90937044,train
24963166,94860592,train
25076765,168180986,train
25895132,17221402,test
25939748,25210511,train
25950590,2732777,train
30913799,87505316,train
31963704,104859044,train
35026069,121909760,test
39270581,300013181,train
40341016,311760033,train
810346,4252490,train
1209492,396433,train
1325432,2989617,train
1932491,10003254,train
2320581,1639277,train
2536005,9426702,train
3173412,16092773,train
3278631,16572957,train
3677769,18681479,train
4055732,12368114,test
4169094,21634948,train
4813781,24792241,train
6716444,24466159,train
6957328,330976,train
7023818,36817279,train
8015917,12474780,train
8401484,1278978,train
8632393,4920604,train
8964446,46848226,train
9196297,34907341,train
9360968,29988752,train
9380474,48578050,train
9396442,26347594,train
9550485,34691404,train
9575930,16417917,train
9616453,49753169,train
9645338,14965776,train
9675609,5480274,train
9900224,3879284,train
10035950,50520440,train
10088464,51764491,train
10117636,48535457,train
10381948,29741970,train
11457547,16589150,train
12145875,22117154,train
12519042,67803853,train
12693458,65884381,train
12926849,28680349,test
13109949,72881006,train
13208685,1362083,train
13666116,79459633,test
13782654,819636,test
13876681,82096395,train
14135904,63361875,test
14871074,7675569,test
15149187,6314010,train
15671751,30653537,train
15930495,1778121,train
15988494,103892907,train
16321789,4992081,train
16546903,11699708,train
17008022,24270606,train
17457160,432867,train
17478246,118394855,train
17635569,119941037,train
18325063,20017962,train
18857875,131383679,train
19389707,7571380,train
19760008,44358777,train
19892264,87474067,train
20412160,6279607,train
20902644,110348515,test
21293326,10994839,train
22460669,55807631,train
23466034,28316764,train
27128039,114375702,train
27703016,157209452,train
28638855,7505271,train
29341918,218272490,train
29584983,53413881,train
30294243,1296938,test
31315168,5800174,train
31927597,239375612,train
1403635,754675,train
6151450,26790498,train
6923161,36285615,test
7074504,37091023,train
7512811,13873590,train
7828204,30379314,train
7916802,20336015,train
8904662,20367564,train
9682898,17261034,train
10939255,7501803,train
11162475,14713587,train
11826892,50556869,train
13061064,16345024,train
13605171,14751888,train
14217692,6702100,train
14869260,84403365,train
15884157,16973022,train
16741935,75064270,train
16947113,102367813,train
17831929,11136995,test
18226843,3600065,train
19980277,10995969,test
21870396,159540426,train
24626439,5922211,train
27277843,28943965,train
27751020,74569188,train
29859444,7147987,train
30018456,72015600,train
30181399,108890111,train
40538776,48634163,train
40980189,133169963,train
41112420,39541683,train
5414178,28065838,train
5946137,11237515,train
6405859,10396710,test
7263899,38029848,test
7501668,39249461,train
7665230,15892935,train
7973933,42082221,train
8014087,38857566,train
8195335,43226806,train
8404181,44273727,test
9484892,13667539,train
11950107,32306916,train
14094370,5242569,train
16230640,61585315,test
16287282,34549333,train
16415910,53850552,train
17590729,35529867,train
18338709,15303279,train
21700414,1264407,test
22247787,43816141,train
22353870,19543830,train
25488542,80926401,train
25783309,7185380,test
26869417,143330625,train
34937197,43595404,train
35939805,104423008,train
37039174,164519659,train
39915321,307567071,train
773844,4083145,test
2074653,1468247,train
3594408,6150064,train
4456004,1171707,train
4967098,25605654,train
5359410,27782348,test
6302460,21211868,train
7222354,18489745,train
7611764,87494,train
8685857,42713726,train
9063139,13530279,train
9132614,9870919,train
9542827,2966628,train
9547920,24337956,train
9863626,11402864,train
10958668,4269459,train
12112565,26162545,train
12470877,67493763,train
13013882,71746226,train
13392941,23335662,train
13668573,56044722,train
14361378,19877163,train
16311527,13846249,train
17848838,57651976,train
18329545,106068562,train
18597408,159936,train
19751573,33243428,train
20711534,8138665,train
21386179,123511218,train
21815831,24528756,train
23642811,176964342,test
24728012,77534743,train
26232008,28071093,train
30012632,87167456,train
33904680,10374669,train
35963892,23610459,train
36914055,148924,train
21781515,35020019,train
27467399,100704594,train
28221653,160611440,train
32428327,112430492,train
4041383,20955075,train
5315798,22761603,train
6397963,21894410,test
7193201,33739627,train
7359313,38445572,test
7725075,40591396,train
8634024,45399701,train
9051314,22007415,train
9473837,13713658,test
10101791,51839283,train
10848827,34698196,train
11532023,60821050,train
12832227,70039705,train
12897616,70637655,train
13328254,20932025,train
16308331,9367785,test
16414744,4923854,test
17753121,121141615,train
17900681,8748472,train
18616234,129317761,test
19363356,125684191,train
19364590,51537620,train
21636155,13077909,train
23435772,14235061,train
25132598,18691064,train
27430466,80514732,train
28078505,122849679,train
30269789,87897420,train
30759168,106808754,train
31124462,2373009,train
31472775,20647101,train
32991664,161135042,train
40897438,37183807,test
7367165,4964848,train
9184982,31291159,train
12174966,28895303,train
12657039,62058232,test
13556488,22591516,train
13800652,45992029,train
15438016,27506975,train
15874245,48961085,train
16378706,1276297,train
18486698,81712146,train
19057006,85082002,train
19671061,45673606,train
19890448,15096876,train
20331717,106445337,train
21292741,30706232,test
21516649,3404840,train
21693657,81460578,train
21913859,34281260,train
28073918,51022084,test
31756631,238111285,train
32328057,54374748,test
32840500,55025690,train
34445192,42812741,train
769279,1228080,test
1157036,3696460,train
1706997,5662533,train
2273733,8730513,train
3962586,20536249,train
4379271,22738480,train
5505918,28557212,train
5878382,18527346,train
6150778,608113,train
6179500,26819117,test
6364280,4358400,train
6416714,24448775,train
6880990,36055888,train
6939758,3266476,train
6972673,13698410,train
6973598,36566148,train
6999056,415502,train
7071677,37076121,train
7105865,24797068,train
7116034,16296388,train
7629563,13866555,train
7679691,7065413,test
7821813,1249116,train
8411390,9247072,train
8503064,17028800,train
8616102,13487080,train
8775344,4205149,train
8780378,2774528,train
8869029,18048584,train
8881955,46476909,train
9331036,20267329,test
9662070,506208,test
9698905,2262706,train
9765762,9662924,test
9811274,16003028,train
9855876,18282,test
9955886,16568093,train
10013355,6570788,train
10083580,22068394,train
10116619,17794202,test
10186787,10855721,test
10544239,16911296,train
11437792,354385,train
11639940,2375701,train
11924652,39111035,train
12367449,3121134,train
12387961,59742433,train
12396603,20942935,train
12447273,67341852,train
12711232,45941973,test
12737915,15019621,train
13657515,29342746,train
13891670,22861607,train
13895437,2776152,train
13899934,7262145,train
13937820,33902900,train
14131597,3620205,train
14547982,27427335,test
14556634,9974520,test
14653831,29824461,train
15177242,156959,train
15287016,24385779,test
16325588,27809907,train
16540563,108781530,train
17539341,7188712,train
17605729,90731801,train
18170615,75810157,train
18288169,1918417,train
19605856,18632318,train
19716501,3889739,train
19747940,5018185,test
19827594,55389878,train
20055944,3666809,train
20092821,23610188,train
20486011,76729714,train
20506551,111451636,train
21008007,17428620,train
21395676,907037,train
21428231,155318905,train
21579960,9956828,train
21809132,38802338,train
21934601,41617175,train
22152232,10018530,train
22396507,6764450,train
24887028,15139808,test
24945710,169940010,train
25769883,1317353,train
25967331,152442590,train
26138483,20630497,train
27434658,11158514,train
29275537,5123160,train
30369751,206960083,train
31120894,95475481,test
33346826,47099125,test
35574095,7258900,test
39288788,31021293,train
39483065,126917625,train
39609829,6357228,test
39966874,59656440,train
40054962,25906561,train
40095816,101560248,train
40197766,7638741,test
40633892,8952737,train
2627951,4045120,train
2658349,142611,train
2702019,2299690,test
2804557,8741682,train
3593821,18105672,train
3808358,19569282,train
4017226,20830484,train
4294640,21499988,train
4350391,22582100,train
4707057,6327629,train
4721007,6720617,train
5181492,15714652,test
5593975,29005043,train
5743959,29792577,train
6006711,28429835,train
6051856,9828418,train
6278513,29111260,train
6487196,3263765,train
6522849,26439972,train
6759527,35388074,train
6901484,36166165,train
6909615,36208205,train
6926686,4667102,train
6988794,36641477,train
7199464,21651082,train
7288752,38169148,train
7379929,27283579,train
7515281,18277294,train
7632804,40041424,train
7651459,39726069,test
7660853,40010465,test
7798327,41046343,train
7835778,40693481,test
7900119,2697468,train
7919303,10399992,test
7968283,42045746,test
8312311,27708645,train
8597265,43298844,test
8643939,32970856,train
8762969,45951143,train
9058854,10701169,train
9107118,42786873,train
9168009,47577737,train
9270122,48148603,train
9706724,50086145,train
9759704,6706379,train
9768765,50369736,train
9819018,49861582,train
9838053,48939879,train
9902314,35407948,train
9973680,33876689,train
9995513,51349952,train
10032495,2830735,test
10473730,9383056,train
10674836,51238762,train
10723142,24981045,train
10773150,55725808,train
11360854,1565924,test
11439208,9896078,train
11716947,62298504,train
11858737,40068602,train
12206029,5897784,test
12532453,18004909,train
12905314,16414492,train
12917422,20220930,train
13262386,7195638,train
13911123,82512085,train
14353077,39726129,train
16171595,105162882,test
16367064,11511386,train
16393500,23099342,train
17512898,11427289,train
18551196,115932140,train
18596194,12827876,train
18611522,107140603,train
18638015,45934567,train
18722146,4621817,test
19424753,35380551,test
20632255,90748448,train
22206345,32345243,test
22208315,55324782,test
22226334,4143813,train
22361657,5778653,train
22713055,54740781,train
23056508,56242694,test
23463017,9241743,train
24267383,13078961,train
24518005,4576234,train
24555741,185514817,train
24608922,84862540,train
24779271,65119217,train
25374003,191577969,train
26398320,45448756,train
26716338,116308258,train
26892245,3552356,train
28801345,1015883,train
30438251,228536894,test
35717406,63513465,test
35804219,35616021,test
36313671,19510896,train
7398163,28269324,train
10966240,56887361,train
13094690,8106327,train
20690781,8366847,train
21943047,29238030,test
22250050,85216513,train
25156498,54469570,test
25912647,193716904,test
27014758,34883773,train
33557100,76849762,train
37779458,201213227,train
40369842,35699609,train
5992438,2537749,train
6561509,34322623,test
8503280,25913948,train
8649999,45464080,train
9785847,42424450,train
9862913,7532013,test
10034090,7763913,test
11411839,18873268,test
12497783,67677095,train
15216895,50207365,train
16274717,33069397,train
30952275,9364330,train
36626246,227453847,train
39063314,299404927,train
39721254,43623970,train
1023754,5635657,train
8014298,42315851,train
9171140,12986471,test
9927400,22414947,test
10021707,11275734,test
11461331,12981247,train
12355067,31502455,train
12430126,31796914,test
18120175,124318039,train
21005994,676140,train
21891406,42954481,train
29631302,24799369,train
40870931,7317897,train
1707850,9010960,test
6704000,34578795,train
6914516,36237566,train
9756258,11513145,train
12519645,56623911,test
13044519,2349563,train
17524441,13137787,train
19505956,136982841,train
19768107,16414560,train
1273533,2246253,train
1780748,9293512,train
3218320,3321910,train
3575859,1239959,train
4183664,21705739,train
4758601,24554369,test
5122899,9059339,train
5842819,3560299,train
6885805,5743711,train
7397699,38759330,train
7500390,11279503,train
7955889,6263244,train
9935949,1504702,test
10445597,299236,train
11939910,9427555,train
12090887,18370504,test
12133132,49045679,test
12252583,49121324,train
12300734,7195103,train
12674934,17016231,train
13155478,68234238,train
13503536,77076962,test
14179120,42150813,train
15649021,14422390,train
17531493,78254013,train
20250864,144317997,train
20682422,106241822,train
20957575,52768036,test
23379996,35475017,train
28408961,214480354,train
29307957,20976078,train
29411649,134167192,train
869522,4581489,test
2250790,11494661,train
2410819,1522929,train
3040654,6041,train
3875294,20022909,test
3876850,20033436,train
4074248,6459254,train
5303100,25854571,train
6145124,31876574,train
6966985,2714997,test
7399178,38767720,train
7693124,20691165,train
7841904,24976518,test
8194369,13076168,test
8547630,44996314,train
8631355,19480603,train
8802289,26033344,train
8847200,46329096,train
8963968,1610862,test
9420768,48603189,test
9459232,4052055,train
9525335,49347979,train
9796737,41003664,train
9836960,38064272,test
10021499,48446355,train
10138349,10474877,train
10551695,54422839,test
10709846,7822683,train
10729454,3139829,train
10850026,7594757,train
11544438,35664937,train
11695338,16234492,train
11988251,28121352,train
12000617,64170751,train
12812618,25233652,train
13059872,3149121,train
13451379,24459217,train
13585835,5352610,train
13613052,25596158,train
13782517,75442218,test
15021783,94820583,test
15396328,14295824,train
15797693,22195599,test
16026567,13394035,train
16190110,19238497,train
16617542,19053159,test
16791336,25505776,test
16840727,111970954,train
18013489,23390186,train
18024380,22284124,train
19032888,36651854,train
19548468,97788824,test
19743260,44220091,test
21029490,6216526,train
21191264,81959199,train
22060065,3701760,test
23612912,66797997,train
23890947,24033115,test
24357562,19940836,train
24431205,20267412,train
25340844,9523229,train
25817508,194004304,test
26877276,64540550,test
27519772,82891189,test
28668546,65511189,test
33926074,83615522,test
34284185,257390100,test
35616470,267933377,train
39507890,8268608,train
447766,1109143,test
894093,4644172,train
2345266,11976770,test
2918764,6683775,train
3939086,881214,train
6823578,35350208,test
6884254,19789003,train
6939859,36388501,train
7383804,38678875,train
7761394,40812084,train
9050144,7360880,test
9359933,1733622,train
9731178,8693741,train
10828230,56066018,train
11816864,62939516,train
12034085,7695223,train
17371795,117399779,train
18577989,38236150,train
19970249,54769760,train
28185576,7028737,train
30209958,27716292,train
301372,1294674,test
1109182,6088893,train
1109624,1544412,train
1586454,8452695,train
1925519,2765870,test
2310008,5019619,test
4637858,5552587,train
4737830,24459029,test
5695566,29528182,test
5935275,28846474,train
6679063,7409073,test
6794912,24973811,train
7431316,16617981,train
7484548,39200438,train
7619996,16662303,train
7662160,6338005,train
8614862,6272317,train
8920816,4262510,test
8949503,46778191,train
9096478,47426195,train
9117976,41510712,train
9405124,19059946,test
9616729,49754509,train
9926940,30283911,train
9987456,45832664,train
10163936,27537912,train
10498577,54123180,train
10567332,22499760,train
12876883,11452065,train
12899112,70651602,train
13802334,35775878,train
13997385,41281138,train
16352484,78466689,test
19380620,132826462,train
21254023,22004774,train
21512977,26804769,train
21548325,69054780,train
22233148,49733458,test
24667053,159482696,train
25231230,190629348,train
26279108,39872420,train
27173844,74529394,test
28185867,39537244,train
29031768,203231204,train
39522177,303635517,train
39822955,23123857,train
27278924,136273956,train
1151582,364351,train
1183236,6472794,train
2252844,11505536,train
2532068,12967572,train
3122230,15859636,train
4491140,15823911,train
4547143,23575706,train
4582087,23751556,train
4726749,11686822,train
4774658,24625694,train
5270589,26732630,test
5536844,28711190,train
5833530,30280316,train
5956257,30918671,train
6105342,31678869,train
6359266,33128992,train
6926732,36311143,train
7034787,36881439,train
7062446,16639377,test
7264471,15416709,train
7366831,38599690,train
7621629,39977656,train
9092331,47407352,train
9685213,50028109,test
9822110,23914377,train
9908067,15381858,test
9938594,45928403,test
10017099,51439873,train
10070663,51674579,train
10228901,32824042,train
10383291,53450065,train
10414065,525663,train
10452737,6158370,train
10560986,45531690,train
10752737,20358661,train
10886628,56412357,train
10995810,57055185,test
11059197,57398859,train
11389037,51425591,train
11462440,14076492,train
12404820,40015388,train
12684235,68930733,train
12735625,69254072,train
12867950,70358943,test
13083221,46407854,train
13205376,16300425,train
13959346,83156877,test
15816784,20241220,train
16312970,106746084,train
16691242,69776478,train
16892151,9806708,train
20406188,20954844,train
20745030,23254455,train
31221314,33189255,test
31806847,93690639,train
36733598,2261995,train
37138708,9328891,test
42024631,14076492,train
43009586,48959656,train
43024159,182032773,test
9580218,49592958,test
13231678,54778990,test
13359416,28557516,train
15221833,75770804,train
19820148,31284229,test
21666958,9020694,train
21682816,102685703,test
21898732,8177511,train
23006437,89391604,train
23023423,74805133,test
35228373,21938310,test
36368048,253681134,train
38753560,296362224,train
40786270,8518291,train
43155769,4219528,train
468613,2325861,test
872210,4600589,test
2142092,8280182,train
3061106,15581137,test
3291286,16628226,train
4720558,14140782,train
4784618,24666854,train
4854552,24973819,train
5192459,10677483,train
5475870,22709931,train
5761564,10532169,train
6302996,18671223,train
6645224,34782697,train
6687933,35000945,train
6706703,8556751,train
6757821,28813132,train
7031803,1971850,train
7054468,29702921,train
7149408,37440707,test
7247763,2483508,test
7277180,38101644,train
7415011,15824880,train
7631233,22994376,train
7789678,40995200,train
7820825,2327346,train
7966447,42034713,train
8126631,16746108,test
8532876,34021565,train
8589299,45203510,train
8815979,46182625,train
9428356,47507350,train
9692090,9507017,test
9692740,50013026,train
9739888,50252837,train
9747059,50282201,train
9872904,29111960,train
10032285,20884486,train
10186876,20992861,train
10433284,5487321,train
10446429,11386786,train
10526745,54279433,test
10596856,54675040,train
11132775,43082746,train
11239207,33535733,test
11531154,27906470,train
12054286,45103252,train
12148215,53930780,train
12684755,39637568,test
12765858,69457013,train
12812504,9472822,train
12900284,27885164,train
13207548,24843404,train
13452384,2489602,test
13667440,22019073,train
13764772,24295412,train
14201811,23033819,train
14837884,91280958,test
15050044,4430657,test
15537482,17480722,train
16427245,18978686,train
17155039,46108407,train
18059231,5235811,train
19944735,81996236,test
20849726,34692684,train
20976974,50028284,train
21177066,24929024,train
21209950,11026055,train
21217698,6958919,train
21737535,11028650,train
21788734,26095943,train
21907916,4076045,train
22122723,43719554,train
22222996,77824133,train
26108084,11121151,train
26458835,7970340,train
26770455,46844755,train
31119799,33500990,train
31209182,131782045,train
31963324,239142480,train
33689832,6565512,train
34673386,161156714,train
39360194,174504698,test
40945277,113058525,train
41668296,138994918,train
45875030,14883090,train
494296,2442340,train
2049322,9446761,train
2722391,13931194,train
3378576,6273146,train
3447448,14509754,test
4354901,14730409,train
4581788,21600904,train
4639451,24020898,train
4748873,24508767,train
4756856,1832442,train
4792192,16297020,train
4809337,24770709,train
4849266,24950473,train
4868048,15442902,test
5040919,26024349,train
5231104,27072226,train
5602027,7798111,train
6020044,12154854,train
6286253,32678605,train
6292828,28980092,train
6315050,6844007,train
6362662,33149697,train
6479956,13356805,train
6884147,36072139,train
7175595,37588475,train
7649693,40138709,train
7664959,40237377,train
7834733,13425453,test
7869449,30541205,train
8665778,22044830,test
8683482,45598132,train
8868762,7234603,test
8883074,46474221,train
8920714,46650449,train
9230690,8439782,train
9296742,48264768,train
9342478,10406276,train
9514935,38342237,train
9614933,32971323,train
9791362,8265805,train
9793213,7036796,train
9796155,34202667,train
9855566,43943644,train
9882147,7408257,train
9934510,2670322,train
9978664,34010790,train
10015340,51434460,test
10034364,1653404,train
10055872,51605949,train
10099080,7375144,train
10390902,53495399,train
10812960,17052634,train
10925844,7364894,train
11324531,31860430,test
11480835,7990995,test
11514862,54772069,train
11589713,15524268,train
11618338,4829797,train
12004175,13340829,test
12231443,44376809,test
12823429,6707228,train
13636044,13074730,train
13883029,16899478,test
14036591,5367097,test
16321597,26004891,train
19080665,7086450,test
19195173,83967416,train
21845187,159312334,train
22280432,2838365,test
22387975,61394859,train
22865818,30786898,train
22979825,10826049,test
23988427,64194344,train
26362898,37072476,train
27699052,8855004,train
28184830,26942041,train
29917467,38092082,train
31964642,12872707,train
33049970,77698412,test
38920880,214182207,train
39814804,24422996,train
3251638,8243983,test
12231304,18287406,train
13883303,1932969,train
15314141,97552962,test
21730105,14294841,test
22259480,78895626,train
22264539,104035649,test
24746840,63671528,train
34402039,1237632,train
36334813,17379828,train
39173110,133840222,train
40502526,11000260,test
2022126,10392717,test
2128464,10859032,train
2198970,4173868,train
2570561,1676600,test
2636731,13295673,train
2687375,10264372,train
3710162,1788746,train
4349695,22578720,train
4407557,2270166,train
4464508,23162890,test
4537198,6926899,test
4581942,4618480,test
4624874,23162890,test
5927152,30775529,train
6467905,33788184,test
6967201,36530547,test
7122067,37275619,train
7244923,37934478,train
7322088,24259346,train
7709293,40498479,test
7931180,28398689,train
8864404,46401675,train
9096938,14356,test
9492969,826493,train
9647235,49879147,test
9679310,25165109,train
9692074,34796316,train
9697969,50080673,train
9709428,40044130,train
9886606,221266,train
9943111,51099309,test
10068269,51664119,train
10074308,51690846,train
10247799,2348712,train
10490073,2503478,test
10729951,10954437,train
11335874,5650826,train
12034640,64411228,test
12365206,24038764,test
13389756,6574489,test
13577416,23505542,train
13715798,19572312,test
13905835,7559036,test
14037459,265832,train
14195524,86090561,train
14351733,46015557,test
15436384,5664607,train
15867800,36669277,train
16260117,336228,train
16392514,107382521,train
16916234,112957166,train
17963856,24010376,train
18393650,18784994,train
18723095,130204296,test
19348168,74033595,train
19587940,137685990,test
20587133,116758734,train
21014919,29248621,train
21173263,48510097,train
21762969,158552987,train
21786337,64837680,train
21816278,48960226,train
21837620,1703438,test
21965717,8331436,train
21995883,79886089,train
22229099,22697582,train
22258880,121713773,train
22972328,110966607,train
27398972,2685910,train
30173864,49589973,train
31194309,91845557,train
32472366,109516888,train
32857918,129047499,train
35167332,44785902,train
35570396,166984137,test
5051236,26080800,train
9383071,48677964,test
11317209,20527254,train
13347857,4260505,train
15394503,7025954,test
16301899,5865860,train
20406627,108448613,train
21068619,44229047,train
21899241,41865841,train
21962864,25690203,test
22568389,2880848,train
25511717,75110137,test
25919220,117287163,train
28256958,78817833,train
30938001,6857284,train
31707961,47856685,train
32608544,191019381,train
33295827,250771864,train
34094976,245014802,train
34312363,106064779,train
34500805,67225972,train
39536246,303768816,train
40134763,75199843,train
40632797,59369371,train
785097,4137840,train
1251889,2868153,train
1521335,8120180,train
2653644,6991947,train
2830518,11363157,train
3304307,12465884,test
3309572,341981,train
4016142,20822611,test
4117817,4516038,train
4824361,1445060,train
4891477,6438118,train
4904582,25249481,train
5361824,1290741,train
5783307,30002976,train
6410924,1503493,test
7053815,18600674,train
7547439,39549996,train
7911249,16430135,train
8662610,45513630,train
8668115,8996336,train
8719948,3869531,train
9377185,1021134,train
9413287,3337974,train
9588196,4739974,train
10386936,53471415,train
10730086,28546873,train
11221362,58467654,test
11363349,29392554,train
11929230,31919152,train
12145578,2589215,train
12650830,68585649,test
12652964,13996246,train
12763385,9784153,train
12881611,17204066,test
13109017,72871708,train
13259442,6458590,train
13627991,2080047,train
13637050,2727797,train
14341006,1767228,train
14784377,40223194,train
14899810,57437690,train
14945274,32357900,test
15686751,48282875,test
15981196,10017099,test
16071397,7555939,train
16241833,71147912,train
16394488,94027304,train
17134357,780958,train
17157438,1784335,train
17299278,116709076,train
17450190,28584159,train
19160912,1728792,train
19164049,18655355,train
19176070,20576411,train
19346860,19006966,train
19563669,41680155,train
19949403,4685815,train
20895982,37904015,train
21010072,151189049,train
21239497,4444524,train
21660787,476260,train
21771486,31697949,train
21780433,9953808,train
21994561,2928002,train
23873057,13754273,train
24312535,172862485,train
27110090,75385686,test
27466393,8879096,train
28049456,8179150,train
30225895,140447920,train
30285772,5937189,train
30312525,6002231,train
30937306,34119511,test
30958980,53911974,test
31067660,10803693,test
31292343,12965214,train
31828585,61278632,test
33265476,90513280,train
33556100,79134040,train
34124075,257585150,test
34231746,9975046,test
35063377,10400953,test
35281795,81295676,train
38488968,293477042,train
39131261,12625398,train
39340820,30523475,train
39722151,64059184,train
39900926,61173083,train
40953806,319112324,train
41670159,350773,train
45921174,293477042,train
1465446,7850260,train
1777007,3980927,train
2092976,1319219,train
2641730,4282318,train
2919578,4282318,train
4598265,23834677,train
4887250,1705071,train
6787310,35524316,train
6799692,35524316,train
6799814,35524316,train
7603341,34308298,train
8088779,35524316,train
9806606,4765305,train
9806634,4765305,train
9990200,4878363,test
14095224,4765305,train
14485877,39158104,train
15725732,101604346,train
16619241,25355233,test
17029902,113558700,test
19267834,124399442,train
22167066,126397762,train
22176026,126397762,train
22288453,126397762,train
22797033,164886138,test
22815257,164886138,test
22815339,164886138,test
25813279,1538023,train
26743923,164291123,train
27526504,207573589,train
27598707,164291123,train
28585119,172741,train
32675979,244559229,train
32676082,244559229,train
32676175,244559229,train
32676180,244559229,train
32676181,244559229,train
32676185,244559229,train
32676186,244559229,train
32676188,244559229,train
32676189,244559229,train
32676190,244559229,train
32678718,244361589,train
32678724,244361589,train
32678725,244361589,train
32683422,244370442,train
32683430,244370442,train
33267781,250512369,train
34453823,260191397,train
34453824,260191397,train
34485747,261632622,test
34489723,260639745,train
34489727,260639745,train
34489729,260639745,train
34490371,260639745,train
34490375,260639745,train
34490379,260639745,train
34749200,54736855,train
34934744,170624318,train
39587816,222281704,train
40017332,222281704,train
40162738,188973593,test
40163287,188973593,test
41178383,161432983,train
41966763,256032762,train
42687566,244370442,train
42746201,222281704,train
43604063,180217886,train
43912956,310776840,train
44292110,258431072,train
45305423,310776840,train
45811089,21010793,train
46237688,4765305,train
46376233,371972456,test
46376967,371972456,test
46377326,371972456,test
46381019,371972456,test
46381315,256032762,train
46413969,371972456,test
46414136,371972456,test
46420982,371972456,test
46428551,371972456,test
46428638,371972456,test
46495304,371972456,test
46495387,371972456,test
46528305,371972456,test
46528425,371972456,test
46528510,371972456,test
46528624,371972456,test
46533178,4667705,train
46559912,371972456,test
46562384,371972456,test
46727423,351404975,train
46750140,371972456,test
46750389,371972456,test
9729517,5023498,train
14359772,88043058,train
15943497,88043058,train
17759478,88043058,train
24853936,175019394,train
24856606,175019394,train
27829177,210147522,train
28082095,135412962,train
29984652,138683254,train
30417665,71276635,train
32501807,71276635,train
32681548,245314318,train
32681559,245314318,train
32681564,245314318,train
32681584,245314318,train
33396290,71276635,train
34413436,223087887,test
34444336,174785358,train
34483343,260425153,test
34483424,260425153,test
34483425,260425153,test
34483426,260425153,test
34483427,260425153,test
34483430,260425153,test
34483431,260425153,test
34483432,260425153,test
34483433,260425153,test
34483434,260425153,test
34483436,260425153,test
34483440,260425153,test
34483441,260425153,test
34483443,260425153,test
34490350,260618374,train
34490353,260618374,train
34490354,260618374,train
34490356,260618374,train
34490359,260618374,train
34490360,260618374,train
34490362,260618374,train
34491885,261750091,train
34811838,262452748,train
34815163,262452748,train
35145314,223087887,test
35512830,262257479,train
35531078,262257479,train
35531162,262257479,train
35531254,262257479,train
35532063,262985820,train
35675859,71276635,train
37554090,138683254,train
37961305,71276635,train
38025278,262452748,train
38029320,262452748,train
38316651,138683254,train
38585315,294428595,train
39470138,262452748,train
39554839,266989293,test
40041334,262452748,train
40070688,262452748,train
40420253,312550779,train
41422541,325862735,test
42149370,319622263,train
42532324,270123874,test
42623685,263742622,train
43922308,36995455,train
43981012,253637395,train
43981174,253637395,train
44021172,253637395,train
44392303,188614088,train
44435099,358933697,test
44486656,319622263,train
44522483,117365574,train
45284028,365947473,train
45317886,366283494,train
45654779,266581014,train
46035129,366283494,train
46047810,373236713,train
46339073,372832765,test
46374583,162258137,train
46487327,162258137,train
46504526,162258137,train
46504765,162258137,train
46508154,162258137,train
46554525,372832765,test
46554718,372832765,test
46891626,372832765,test
46891771,372832765,test
46912055,372832765,test
47179165,381084948,train
47199568,381084948,train
47255116,117365574,train
47329973,381084948,train
47792494,100256293,train
47848239,55826318,test
15943090,88043058,train
18416265,127618565,test
19227138,86327101,train
19227365,86327101,train
19227424,86327101,train
20483744,126626529,test
20591404,126626529,test
20639628,86327101,train
20639792,86327101,train
20639914,86327101,train
20876208,127618565,test
21739264,158338077,train
26110466,175019394,train
26298570,158338077,train
29216706,220129825,train
30590895,228879817,train
30593915,228879817,train
32093515,228879817,train
32094042,228879817,train
33711101,10606171,train
34008493,145090947,train
34620162,163603458,test
35042474,263742622,train
35345694,135563904,train
35539856,263720409,test
35540029,263720409,test
35540308,263720409,test
35545434,266533448,train
35545650,266533448,train
35916489,135563904,train
36940340,5236809,train
37352891,280697422,train
37775468,280697422,train
38384860,275405119,train
38400886,292522336,train
38481169,263720409,test
38549251,135563904,train
39132093,253332603,train
39134697,138683254,train
39156002,253332603,train
39197920,253332603,train
39255757,301352072,train
39380947,302423456,train
39467771,262452748,train
39902247,253332603,train
40157251,89774484,train
41692454,302423456,train
41887235,162021586,test
42174032,162021586,test
42662161,337430485,test
42671876,337430485,test
43104937,51965453,train
43989957,352444781,test
44086561,352444781,test
44478543,275821782,train
45290001,365947473,train
45290208,365947473,train
45440989,288624351,train
45449569,288624351,train
45450105,288624351,train
45458045,288624351,train
45458243,288624351,train
45458367,288624351,train
45599726,109544333,test
45684185,109544333,test
45920208,270123874,test
46013470,337615993,train
46274452,36575174,train
46474100,337430485,test
46849098,376977533,test
47023564,114311162,train
47112271,288624351,train
47290526,55926423,train
47292933,19569903,train
47495191,376977533,test
47538071,288624351,train
47905914,352027924,train
47906097,352027924,train
47906218,352027924,train
47906315,352027924,train
47937522,270123874,test
48030156,376977533,test
17751140,119987770,train
32681408,245314318,train
32681549,245314318,train
32681551,245314318,train
32681565,245314318,train
32681579,245314318,train
32681581,245314318,train
32681587,245314318,train
34483439,260425153,test
34490351,260618374,train
34490357,260618374,train
34490361,260618374,train
34490363,260618374,train
34490364,260618374,train
34490368,260618374,train
34491611,261750091,train
34491852,261750091,train
34491871,261750091,train
34491883,261750091,train
34491916,261750091,train
34491918,261750091,train
34903861,126614438,train
35010433,263740985,train
35153758,263740985,train
35159849,263740985,train
35529395,262257479,train
35529508,262257479,train
35529759,262257479,train
35530755,262257479,train
35530840,262257479,train
35530971,262257479,train
35531898,262985820,train
35531992,262985820,train
35532192,262985820,train
35532310,262985820,train
35532448,262985820,train
35532648,262985820,train
35532705,262985820,train
35566699,266741420,test
35566995,266741420,test
35568665,266741420,test
35568768,266741420,test
35573317,266989293,test
35901159,268362077,train
35904939,261007573,train
35906886,268362077,train
35907014,268362077,train
36333124,262224408,train
37122162,266755066,train
37122437,266755066,train
37122502,266755066,train
37122566,266755066,train
37122656,266755066,train
38584195,294428595,train
39553432,266989293,test
39553889,266989293,test
39554061,266989293,test
39554366,266989293,test
39554613,266989293,test
39574087,266741420,test
41425597,262985820,train
41425624,262985820,train
42182114,294428595,train
42182167,294428595,train
42182307,294428595,train
42182349,294428595,train
42182416,294428595,train
42182460,294428595,train
43846580,119987770,train
45234569,23774423,train
45234928,23774423,train
45484178,368042440,train
46259146,374194321,train
46355279,258589420,train
46484689,162258137,train
46487056,162258137,train
46523793,373955746,test
1330056,124357,train
2346416,11983859,test
3627326,5652395,train
3760824,12720552,train
5560024,14785032,train
6245792,9922972,test
6246010,9922972,test
6327222,9922972,test
8683858,45600001,train
8869857,45600001,train
14698446,45600001,train
14707466,1705071,train
17430853,113558700,test
19844482,140286225,train
25782709,32708211,train
29391852,131305000,train
29517540,222281704,train
29906282,67480949,train
33214803,11379822,train
36965353,277870258,train
36966903,277870258,train
36967643,277870258,train
37564878,215183568,test
39422997,180217886,train
40416179,243367528,train
41251434,277870258,train
41495736,277870258,train
41496405,277870258,train
41998444,332637994,train
43177835,277870258,train
43179949,277870258,train
43180065,277870258,train
43513678,31740562,train
45100152,310776840,train
45314824,356808007,test
45636950,165205686,train
45638233,165205686,train
45849223,370226816,train
46080808,31740562,train
46206402,370226816,train
46737044,45600001,train
46737074,45600001,train
46773212,45600001,train
47213818,56061729,test
64837,46978,test
1444400,7755092,train
6786761,35524316,train
6795568,35524316,train
6799895,35524316,train
6799932,35524316,train
6799957,35524316,train
6799999,35524316,train
6800277,35524316,train
8012976,48165,test
12254147,43380926,train
16629299,2300134,train
28368234,214175454,train
29543787,15231059,test
32683419,244370442,train
32683433,244370442,train
32683537,244370442,train
32805414,244370442,train
32844588,244370442,train
33259063,21686560,train
34485281,260861596,train
34485282,260861596,train
34485283,260861596,train
34485284,260861596,train
34485285,260861596,train
34485286,260861596,train
34485289,260861596,train
34485737,261632622,test
34485739,261632622,test
34485740,261632622,test
34485741,261632622,test
34485742,261632622,test
34485745,261632622,test
34485746,261632622,test
37428162,12533228,train
39930214,15231059,test
39954574,15231059,test
40095902,15231059,test
42683135,244370442,train
43485895,305341862,test
22251884,16897284,train
22815108,164886138,test
29965956,225261197,train
37718522,148599649,test
42380790,197372149,train
43105617,197372149,train
44292062,258431072,train
47476937,301831302,train
32678246,244559229,train
32678719,244361589,train
32678720,244361589,train
32678721,244361589,train
32678723,244361589,train
32678726,244361589,train
32678727,244361589,train
32749800,53725579,train
32777169,53725579,train
32922087,53725579,train
33580907,248122395,train
34453822,260191397,train
34453826,260191397,train
34453828,260191397,train
34453829,260191397,train
34453830,260191397,train
34489385,260639745,train
34489717,260639745,train
34489718,260639745,train
34489721,260639745,train
34489725,260639745,train
34490373,260639745,train
34490376,260639745,train
34490377,260639745,train
34752102,260191397,train
34783538,260191397,train
36661909,266764027,train
37246322,266764027,train
41006656,275548200,train
42201112,260191397,train
44072097,353024400,test
44292015,258431072,train
44459324,353024400,test
44465788,353024400,test
44472524,353024400,test
45455852,353024400,test
46328547,373341148,train
46379831,371972456,test
46379970,371972456,test
46380160,371972456,test
46420614,371972456,test
46528851,371972456,test
46528945,371972456,test
46542862,371972456,test
46542974,371972456,test
46559649,371972456,test
46561750,371972456,test
46562291,371972456,test
46566088,371972456,test
46594076,53725579,train
46623295,10806025,test
46624461,371972456,test
46624549,371972456,test
46624622,371972456,test
46678638,371972456,test
46678697,371972456,test
46749406,371972456,test
46749739,371972456,test
46829853,371972456,test
46829983,371972456,test
46966951,371972456,test
46967629,371972456,test
46967723,371972456,test
46985748,371972456,test
46985797,371972456,test
46985853,371972456,test
46985902,371972456,test
46985961,371972456,test
47150796,373341148,train
47166853,373341148,train
47200502,371972456,test
47200701,371972456,test
47200804,371972456,test
47200931,371972456,test
47200986,371972456,test
47329158,371972456,test
47484350,373341148,train
47498699,29441171,train
47753789,371972456,test
47753822,371972456,test
47753857,371972456,test
47753974,371972456,test
47754015,371972456,test
47754064,371972456,test
47754090,371972456,test
47754133,371972456,test
47754190,371972456,test
767286,4040811,train
10280345,756173,train
12272376,9040879,train
18606237,128338539,train
19756641,128338539,train
20984142,13500687,train
21698351,157067019,train
21899575,155812868,train
25838887,33867639,train
25838923,33867639,train
26717141,65671256,train
27808723,152246149,train
29416216,65671256,train
29521683,78339088,train
30423106,228415932,train
31218310,233485864,train
32383114,225790094,train
33645301,119692067,train
33667731,253753123,train
33763207,253753123,train
34142214,196476281,train
34603173,155812868,train
35003048,109671307,test
35618939,83132880,train
35684596,83132880,train
36267546,233485864,train
36640816,228415932,train
36640931,228415932,train
37297049,109671307,test
37493902,246331794,test
37696099,284919848,train
38212179,290358366,test
38229920,230465131,train
38330175,239548019,train
40303359,311200435,train
40711239,316004032,train
41139102,322065529,train
41178871,215512685,train
41396507,325573918,train
41397011,325573918,train
41434697,286844487,test
41733738,329582733,train
41797200,322065529,train
41930976,331603166,train
41931081,244734699,train
42153254,334495442,train
42770229,334163301,train
42831981,264569855,train
43124979,82111391,train
43358106,66125531,train
43737846,118816229,test
43747226,47900722,train
44597665,185029671,train
45063941,334495442,train
45179405,166048024,train
45252083,334480922,train
45267660,39162543,train
45267941,39162543,train
45834849,347560493,test
45993941,44793924,train
46109080,334163301,train
46431433,305543769,train
46514806,361674968,train
46602496,361674968,train
46965918,374576242,train
46973548,75842183,train
47108225,374576242,train
47202211,1485675,train
47499554,372127216,train
47847383,381693926,test
47857781,267272502,test
39899915,307330962,train
16595,64522,test
633276,1568517,train
945297,5074654,train
1177971,6444977,train
1526741,6486116,test
2289612,11673798,train
2599591,6575712,train
3207986,1874429,test
3835757,3339701,train
3873450,19979360,train
4103970,1637916,train
4378816,21902316,train
4538012,12879538,train
4559096,23635670,test
4708609,19972390,train
5340262,27673980,train
7272530,8792814,train
7272680,8792814,train
7843390,1810885,train
8239352,43449898,train
8254405,26856159,train
8873479,27240092,train
8943358,2695451,train
9915643,33021531,train
9925507,2955215,train
10038776,51531044,train
10267242,2787,train
10593675,2787,train
11650863,61800014,test
12345615,52196858,train
12390529,52196858,train
12972292,68139551,train
12972783,68139551,train
13503970,6776157,train
13554710,47050813,test
13603364,1924750,train
14918404,92720308,train
15023023,28138893,train
16463655,19200188,test
17652158,38593087,train
18629154,38819962,train
19343700,135522817,train
19867930,20433973,test
20124372,143052745,train
20884086,19200188,test
21005699,45044964,train
21148781,12220,train
21422721,153524812,train
21739781,45044964,train
21930306,126247863,train
22115009,44620317,train
22345209,9738823,test
22452728,117195769,train
22703468,167270001,train
22714571,167270001,train
22714857,167270001,train
23184752,172366460,test
23905665,21902316,train
24348078,176427055,test
25042316,112142263,train
26516462,295128,train
26925980,38593087,train
27375467,9738823,test
27866657,101498908,train
28165121,47050813,test
28690074,214135354,test
28760189,3094662,test
28910021,7612689,test
29800664,224204301,test
29827403,30985759,train
29831106,30985759,train
30084665,37401126,train
31144865,224204301,test
35413116,65059624,train
35570888,265458818,train
37349120,265458818,train
37661818,284603393,test
38355160,19015886,train
38376619,148145129,test
39036528,298149946,train
39950446,307970900,train
39951152,307970900,train
40265584,126304003,train
40280060,284603393,test
40431987,310888804,train
40540012,310888804,train
40654884,61181163,test
40841647,167591272,train
41682580,327409561,train
41690158,300448271,train
41850125,9738823,test
43518331,191924030,train
43591290,82052413,test
44047420,14935858,train
44100863,284603393,test
44232096,77171171,train
44465355,284603393,test
45202960,178036911,train
45203580,178036911,train
45204055,365090021,test
45207837,43446934,test
45224756,6486116,test
45496258,258601081,test
45502264,298149946,train
45502474,298149946,train
45714456,322309301,train
45828250,103841276,test
45861464,139865682,train
46168918,225118276,train
46168924,225118276,train
46575308,221573750,train
47162719,22309428,test
47829621,38592279,test
493611,1407251,train
859596,4500999,train
1252565,6824711,train
1688711,8792814,train
1728339,8792814,train
1728437,8792814,train
2922197,1447684,train
3605756,18171303,train
4225569,21929547,train
4428854,1447684,train
4440538,23048955,train
4532913,20164579,train
5192165,26856159,train
5192219,26856159,train
6812061,35660592,train
7199049,8792814,train
7205064,37703550,train
7320353,5499953,train
7590712,39805148,train
7782176,8792814,train
8525477,22420999,test
8615012,44620317,train
9752005,4173415,train
10542066,51531044,train
10807838,55948559,train
12071454,48764969,train
12078540,27184573,test
13023771,71853402,train
14826817,92720308,train
14839830,48630747,train
14882309,92720308,train
14895522,31651902,train
17095035,55948559,train
18264166,126247863,train
18471220,6857592,train
18999839,76359133,train
19415687,76359133,train
19662812,76359133,train
20194913,76359133,train
26054275,23486811,train
29929331,30985759,train
29963810,145252418,train
30284324,214135354,test
30474972,67054959,train
31932642,20181084,train
32847146,37703550,train
34775859,126247863,train
35571179,265458818,train
35571427,265458818,train
35995460,33205064,train
36567118,25129517,train
36600031,172857908,train
37219305,126247863,train
37634311,220574429,test
37884849,273645762,test
38455988,76359133,train
39853302,2223883,train
39871722,143052745,train
40061197,172857908,train
40137674,8792814,train
40587995,18476206,train
40806145,34180306,train
41620668,300448271,train
42942837,126304003,train
43310215,10581418,train
43836149,34180306,train
43842014,41874064,train
44083993,152202371,train
44372470,140930693,train
44373063,140930693,train
44420130,357715193,train
45089241,348619646,train
45202329,365090021,test
45816376,80465615,train
46146114,83974928,train
46535498,348619646,train
46546926,348619646,train
46645146,348619646,train
46706771,348619646,train
47250573,66658078,train
47359500,348619646,train
47451852,141414840,train
47705925,365090021,test
47744284,38592279,test
47803501,8792814,train
4284848,3262095,train
6422511,2680820,train
16229170,185745,train
17005665,113986628,train
18075511,43352661,train
19691525,128338539,train
21596854,157067019,train
21935569,43352661,train
25841637,33867639,train
26003692,136208791,train
28312520,131993336,train
30043083,225790094,train
31075563,110179329,train
32020762,15628575,train
33241978,24831061,train
34508939,5889721,train
35125636,264569855,train
36677808,91746441,train
36811650,110058188,train
37715038,282135998,train
38586165,119692067,train
38586243,119692067,train
38700692,280387425,test
38953430,9669675,train
39300752,259271575,train
39355943,147762665,train
39654727,186320943,train
40634707,300450208,train
40777849,316803872,train
42108441,143979755,train
42745394,339436944,train
42880859,268398473,train
43010184,17349901,train
43124952,82111391,train
43124960,82111391,train
43204806,307559759,train
44687438,361877586,train
45741022,370807118,train
46833722,207338108,train
47020957,374576242,train
4550602,23533897,train
4928303,23533897,train
5783517,23533897,train
7919372,23533897,train
9415065,48816340,train
14557504,23533897,train
17249755,11638358,train
19582754,20761853,train
20814067,149265574,train
22350243,163421878,train
23763367,178237936,train
24692025,163421878,train
25274961,37842947,train
27312914,205745676,train
27395171,205745676,train
27612876,205745676,train
27662837,205745676,train
28222556,213172811,train
29937451,120245209,train
30105183,100106209,train
31644504,161161022,train
33964014,15853933,train
35224560,163421878,train
35257081,265424495,train
39535604,1997143,train
40406049,217836856,train
40785094,166924212,train
40915527,318755919,train
42482964,337052881,train
43497107,216664991,train
43613779,316790490,train
43892436,110531604,train
43959012,110531604,train
45161512,364703161,train
45399937,252819295,train
45569427,208975280,train
46005455,367893069,train
46037635,213172811,train
46070643,15377463,train
46526006,64552259,test
46939728,1999974,train
47334663,20044978,train
47765465,383405212,test
47989542,373480843,train
47996414,76119254,train
8423666,44361695,train
8554547,38515690,train
19530778,137129564,test
21609424,153836844,train
21822619,1280731,train
24823404,137129564,test
27314650,205745676,train
27676268,205745676,train
27833130,210175250,test
28081782,205745676,train
28084157,205745676,train
30169107,41091852,train
34814184,262360035,train
36103176,270008247,train
39911155,306712634,train
40473913,79651295,test
40720357,315856647,train
40922585,1997143,train
40922899,1997143,train
40957107,315856647,train
40964247,315856647,train
42781083,315856647,train
42914015,294015297,train
43060685,20405437,train
43161885,20405437,train
43577441,347884942,train
43613796,316790490,train
43798180,350144734,train
44560301,360122724,train
45167238,363403952,train
45470410,367893069,train
45568298,366469896,train
45577656,366469896,train
45577964,366469896,train
45592030,366469896,train
45718510,370560523,test
46219529,153410151,train
46269173,1997143,train
46270175,1997143,train
46270554,1997143,train
46464603,196430321,test
47227168,381374171,train
47243424,381374171,train
47906290,350437840,train
47926278,384296947,train
47989650,373480843,train
47990348,302726825,train
25696,107628,train
498052,2426779,train
804815,4112902,train
1126492,6180052,train
3003127,11998560,train
3848825,19842087,train
5287414,27376622,train
6717053,34992043,train
8173559,24982697,train
9269126,9372538,train
15141938,79289737,train
15860051,99937669,train
16319304,33396342,train
16585605,1236663,train
16603017,23957491,train
17902970,122679380,train
18583467,22059655,train
18718195,59117179,test
21728670,158222655,train
23761707,178229322,train
24825809,135502033,train
27523631,34992043,train
27906951,35795661,train
29055747,171214206,train
29220176,171214206,train
29220410,171214206,train
29688903,223431101,train
29760721,223431101,train
29832437,223431101,train
32742238,161514941,train
36360072,92178097,test
38483199,293448141,train
38974967,222285897,train
39208480,300850080,test
40316335,311531272,train
40591061,67931689,test
40886357,317986149,train
40914654,318750232,train
40986181,319642149,train
41058789,311531272,train
41143229,318750232,train
41563859,255919428,train
42398073,337052881,train
43314837,318750232,train
43319610,318750232,train
43322125,318750232,train
43623364,318750232,train
43628886,318750232,train
43866606,334799124,train
44138510,267223765,train
44677301,171214206,train
44767959,289154444,train
45673803,350196525,test
45733405,7198128,train
45738049,7198128,train
45882314,287962996,train
46199728,65611806,test
46405809,37405578,train
46582283,265424495,train
46868553,85500360,train
47036529,10137323,train
47467153,167377761,train
47499762,1999974,train
47870168,143168311,train
47920568,4317854,train
4998221,25774748,test
5052495,26089087,train
5482918,26602392,train
15790640,66823224,train
20966555,25774748,test
21289522,154037433,test
21289640,154037433,test
21531318,150835318,train
21630372,109146538,train
22064927,161172539,test
24805086,26602392,train
26978092,202979735,train
27090376,154037433,test
28846489,40529301,test
34485317,261761719,train
34485693,261761719,train
34485694,261761719,train
34485696,261761719,train
34485697,261761719,train
34485698,261761719,train
34485699,261761719,train
34485702,261761719,train
36468375,274188386,train
37735868,35964684,train
37836416,33232851,train
37839668,83801982,train
38266163,258046402,train
38363300,2624554,train
38781943,296600725,train
38992350,258046402,train
39345189,116914541,train
39868919,93470906,train
40304217,307948944,train
42512599,301909938,train
42514382,301909938,train
43947562,21743283,test
47993799,386899269,test
9524033,37606128,test
15717865,74782658,test
21547318,42421006,train
21592694,157040162,train
22318150,34403474,train
23130144,11696537,train
26158857,4196156,train
34602779,46559599,train
34866647,257839699,test
35509472,267144101,train
37162710,279628609,test
45421120,367362574,test
45425458,367362574,test
8671663,45550171,train
13732215,80333311,train
19802994,28270349,train
28826608,217379941,train
46151832,307566664,train
46161458,280252961,train
15569399,96424121,test
18037392,124082275,train
23359277,14719992,train
34371913,6080024,train
38374793,287577131,train
38375070,287577131,train
38375218,287577131,train
38375286,287577131,train
38375350,287577131,train
13394,52335,train
34705719,25182524,train
38699909,153694773,train
38841384,153694773,train
22792711,28913914,train
1349658,5569141,train
7258864,2662538,train
12953867,69232570,train
18721209,130185165,train
26798874,20831404,train
2150750,9268805,train
3468919,17478011,train
25084002,24916607,train
26011175,8473523,test
45132376,57329460,train
13122135,9793190,train
6633613,22058409,train
5406187,400240,train
5857519,27378293,train
33457731,35528708,train
3351584,455017,train
6326582,32924087,train
14041548,84141567,test
495249,2446219,test
14014784,9107244,train
9242243,3335559,train
14949281,272775635,train
21414821,272775635,train
38606577,358273459,train
39320355,272775635,train
47835850,386004225,test
39342683,272775635,train
21139788,17344471,train
35374299,9843389,train
38606474,358273459,train
39320317,272775635,train
12433898,67261284,train
36313048,16883913,train
6887405,11081099,train
9998091,22735666,test
27453970,57002433,train
1989795,9107244,train
12338559,26414016,train
15538057,84141567,test
35545453,25143352,train
42120888,65257571,train
42449569,4069855,train
42771787,340516424,train
43576901,19363308,train
45208991,294320226,train
47153673,72400000,test
44486985,218613116,train
45557476,368629649,train
10489896,54074349,train
23169146,51260506,train
41108179,48253858,train
45861229,356490,train
34062693,218134921,train
5557684,9035762,train
33877798,147675745,train
5287733,27379417,train
19769328,246611685,train
38459508,5941405,train
10307009,12518470,test
15992078,15679125,train
21206529,3427065,train
28538516,156064588,train
31123490,65294078,test
7142734,37405985,train
9015649,47076540,train
8796876,46096478,train
5856685,4194830,test
7897229,598090,train
35778408,27186037,train
37320519,106168229,train
6385364,3922258,train
6451892,20192028,train
6759052,5693024,train
7321054,38352423,test
24757844,39074591,test
7382396,38672291,train
19389911,5612625,train
19830726,140146581,train
31340539,207173529,train
31602882,236914360,train
11008081,57122538,test
13127582,42048980,train
19853343,18990231,train
6343619,33037772,train
29661457,2930482,train
6300424,19575935,test
19981294,132080218,train
4399721,22840018,train
7265331,26548265,train
12827921,13023370,train
28369307,4128972,test
6461789,33746505,train
9965305,887115,train
15282411,2764786,train
19345240,35786659,train
23826739,34404232,test
28052281,150578564,test
10520825,54242258,train
18683699,11881734,train
21935245,6650559,test
30930863,231133484,train
40843961,35355701,train
795641,3472148,train
1702032,8986314,train
1931341,9997988,train
2425871,12399023,train
3595503,18115202,train
4612401,21906247,train
4738250,24461143,train
4829068,17883343,train
4896937,9845403,test
6227341,26595479,train
6574353,34386255,train
7632128,19650141,train
9561650,2316568,train
9856938,50594702,test
9922513,49964890,train
10012372,51422338,train
10091829,42332704,train
10339291,53209258,train
12652833,68729548,train
13164770,22851099,test
16331645,9236677,train
16757480,111208718,train
18286232,18167404,test
22085892,7241732,train
22970376,24600315,test
36609121,219854606,train
42002506,332688473,train
1060019,5837033,train
3496384,16677326,train
4040900,3789165,train
4162519,1267556,train
5934255,1407676,train
6196354,31621291,train
7654931,40176101,test
8054651,40176101,test
8055508,40176101,test
8055721,40176101,test
8055778,40176101,test
8291897,43719073,train
8308797,43719073,train
8664965,43719073,train
8704528,45694156,train
9716234,43719073,train
10482237,16677326,train
10482409,16677326,train
10482554,16677326,train
11619832,51446803,train
12171671,16677326,train
13307480,74180901,train
13926604,16677326,train
13926664,16677326,train
13941973,46712160,test
16334686,43719073,train
16393191,16677326,train
16393395,16677326,train
16440192,16677326,train
16506579,16677326,train
17263207,2787,train
17434184,1261480,train
17707963,119592255,train
18566802,11334992,train
20772204,82889379,train
21280552,153956930,train
23633175,1772509,train
23804783,178473107,train
24105640,178473107,train
24893756,16308032,test
26251284,197053492,train
29904741,16677326,train
30126088,178473107,train
30288068,1705112,train
30772697,178473107,train
31432189,197053492,train
31534487,21250331,train
31988074,197053492,train
32036822,36323224,train
32326698,241889662,train
34544052,197053492,train
35338703,241889662,train
36752630,276252562,train
37355152,683180,train
38152320,289510148,train
39023376,241889662,train
39058690,258629443,train
39756702,82889379,train
39817037,73496118,test
40035713,1261480,train
40344826,311750205,train
40926567,311750205,train
41301073,40176101,test
42002291,75547780,train
44393894,190298308,train
45085974,57768478,test
45538046,60621428,train
45631931,258856587,train
45655471,334799124,train
45938182,371329980,test
45992627,366362969,test
46563729,3664485,train
46938514,303319010,train
47757659,46789694,train
47829341,38592279,test
47957274,83974928,train
47976658,58108641,train
47987479,257567667,train
47987654,257567667,train
3831,4869,test
2690839,1319219,train
3465651,4060346,train
3533669,6828085,train
6796530,35574300,test
11544648,60915621,train
13001082,4112409,train
13752439,71564201,train
13752815,36234811,test
14332446,31378,train
16542009,6796395,train
22856025,34635838,test
23895438,69028840,test
25541005,159610596,train
26153609,196580929,train
28198483,35559100,train
28965064,1093167,test
29035989,215778245,train
29869390,215778245,train
32409562,243367528,train
32671927,159610596,train
34938631,3068045,train
35069663,264182618,train
35154411,231281049,test
35154668,231281049,test
35154803,231281049,test
35154913,231281049,test
35409445,15520206,train
36273876,53686964,train
39702139,305144235,train
40756238,314151200,train
40756255,314151200,train
40756475,314151200,train
41534181,215778245,train
41538119,215778245,train
41619957,215778245,train
41643230,215778245,train
41832407,294947030,train
41914723,54812662,train
43681332,215778245,train
43813411,74024064,train
45425730,117842223,train
46006806,116985862,test
46548649,304327199,train
71384,365153,train
5824543,30232055,train
12950991,71152071,train
13900417,7958923,train
13910919,39476034,train
14475417,32446721,train
17554298,76840423,train
17665996,18660750,test
18286926,126451493,train
19814107,32446721,train
19893886,140830211,train
19974905,141615596,train
20022549,32446721,train
20326252,135373362,test
20337158,32446721,train
20427684,32446721,train
20652607,147695010,train
21306457,100354001,train
21327397,32446721,train
22303888,310296,train
23372850,11844979,train
23456621,175019394,train
24846816,187822288,train
26560264,191338162,train
26782162,27558716,train
26814509,176951326,train
26814584,176951326,train
26814602,176951326,train
26814637,176951326,train
26845317,191571338,train
30094688,225943653,train
30397278,228250502,train
31086198,232251881,train
31267560,232251881,train
31336245,232251881,train
32747368,51772392,train
32801214,211136294,train
33388458,187822288,train
33389288,187822288,train
33749769,223087887,test
33926057,223087887,test
33929577,223087887,test
35145342,223087887,test
35149282,262224408,train
35150643,223087887,test
35430378,266645207,test
35539586,263720409,test
35715171,71276635,train
36239907,270122518,test
36426788,266645207,test
36940057,266645207,test
37174171,279728593,test
37838821,232251881,train
37859006,152089883,train
37943668,287646338,train
38313392,291289242,train
39320195,32446721,train
39921812,306996701,train
40086154,302138294,test
40454134,211136294,train
40798997,33213436,train
40799883,33213436,train
40800585,33213436,train
40800830,33213436,train
40968328,173083297,test
41182516,232782962,test
41213131,323416822,test
41379597,275135522,train
41438206,275135522,train
41614286,286979465,train
41746645,14973101,test
42099788,332644295,train
42205197,11641958,train
43238743,273411799,train
43869863,168054716,train
43980352,253637395,train
43997163,333256736,train
45111149,364255290,train
45112638,364330890,test
45156813,174792040,test
45288494,361674968,train
45379183,366921284,train
45472794,6435941,train
45605866,325614009,train
45654492,21452140,train
45766063,371024571,train
45841631,367658324,train
45841679,367658324,train
45841734,367658324,train
45841803,367658324,train
45841833,367658324,train
45936872,168792022,train
45973342,372555742,train
46054679,373296163,train
46056586,170803458,test
46063513,372555742,train
46131878,372555742,train
46133612,372555742,train
46238495,374449219,train
46293492,162258137,train
46332426,374569478,train
46336442,162258137,train
46608385,102624893,train
46744398,356834532,train
46750716,46555552,test
46991303,379883703,train
47223531,67254249,train
47259967,236018119,train
47396244,266554612,train
47412850,382750991,train
47421177,109270187,train
47422934,364330890,test
47710373,58533091,test
47785345,92602042,test
47940675,305612071,train
15003721,94555248,test
15360787,98053423,train
15772447,90025899,train
18429435,127560222,train
18975097,17079377,test
24066510,21563231,train
28328473,213910720,train
35059308,263755555,test
38409717,22761628,test
41000946,298747627,test
42435649,289129604,test
1150382,6305367,train
15532430,6051934,train
7949480,119445,train
26160959,142096180,train
37552791,17982131,train
39007483,17982131,train
42538452,109861244,train
1221962,5962196,test
37960063,287564873,train
33752082,48684597,train
34209440,48684597,train
35081665,263504959,test
37959233,287564873,train
37959849,287564873,train
17475107,86108833,train
8365647,10024006,train
17508940,32788186,test
17719353,89197711,train
19431893,136230287,train
15453102,41393276,train
6381145,10928816,train
25365916,161314694,test
36212415,272365275,train
46616073,128164616,train
37960142,287564873,train
37960274,287564873,train
37960414,287564873,train
37960480,287564873,train
37960598,287564873,train
37960651,287564873,train
34907385,263090455,train
35806372,269358331,train
43356178,203862132,test
44645582,361384562,train
46678696,64637379,train
1578776,4645357,train
18671835,129743937,test
31090222,232251881,train
31123611,232251881,train
31552528,236432765,test
33641049,232251881,train
34180216,232251881,train
35510338,260987211,train
35511098,260987211,train
36898783,274519561,train
37359388,275405119,train
37514801,1495584,train
39395456,302423456,train
39633917,302847508,train
39837248,302847508,train
40036942,256197494,train
40065789,292984253,train
41406409,275135522,train
41408751,275135522,train
41409053,275135522,train
42367874,275135522,train
42381178,275135522,train
44004796,350855554,train
45276747,365865147,train
46412581,375470611,train
46677994,376977533,test
17665943,119987770,train
24024721,175019394,train
26552340,191338162,train
26554732,191338162,train
26559892,191338162,train
26815937,191571338,train
26845781,191571338,train
26871942,191571338,train
33297871,138683254,train
34673695,261563626,train
35147929,262224408,train
35149019,262224408,train
35149180,262224408,train
35149452,262224408,train
35149749,262224408,train
35510758,260987211,train
35510876,260987211,train
35510977,260987211,train
35537049,262409844,test
35537732,262409844,test
35537856,262409844,test
35545194,263916265,test
35545525,266533448,train
35545595,266533448,train
38292765,116388678,train
39618355,304168787,train
39723878,268397728,train
39723961,268397728,train
39724050,268399048,train
39724266,268399048,train
39921325,306996701,train
39921443,306996701,train
39921646,306996701,train
39921718,306996701,train
42998746,340038896,train
44334213,23774423,train
44334877,23774423,train
45343976,174792040,test
45785114,367658324,train
45823940,359870362,train
45841291,367658324,train
45841375,367658324,train
45841519,367658324,train
45841579,367658324,train
45972544,372555742,train
45973275,372555742,train
46103024,372555742,train
46103141,372555742,train
46290559,162258137,train
46290939,162258137,train
46291770,162258137,train
46334868,374569478,train
46335048,374569478,train
46335242,162258137,train
46335558,374569478,train
46336274,162258137,train
46336390,374569478,train
46336830,162258137,train
46352188,374569478,train
46484967,374569478,train
46508219,374569478,train
46508419,374569478,train
46642839,340038896,train
46643048,340038896,train
46657684,340038896,train
46658093,340038896,train
46658757,340038896,train
47008120,380022120,train
47292258,257677852,train
47842721,268362077,train
6373582,33213436,train
16227719,33213436,train
29628979,33213436,train
29629244,33213436,train
33835992,86769590,train
35539721,263720409,test
35540158,263720409,test
35540417,263720409,test
35794618,33213436,train
38956772,269305936,train
41112105,321660076,test
45670897,369994560,train
46421986,157023321,train
225926,1177497,train
242532,1177497,train
449034,124357,train
2400010,1177497,train
2874932,1177497,train
2892709,14785032,train
5663222,29358602,train
5925343,1177497,train
6337001,9922972,test
12053637,8456000,train
12711153,65809485,train
15672618,22963797,train
16253413,36234811,test
16449771,36234811,test
19964109,105878573,train
19964262,105878573,train
20480983,785524,train
21158775,1177497,train
22431770,164291123,train
23966710,169166409,train
26514725,8456000,train
29777340,3783926,train
31719415,237700774,train
34071447,257995608,test
34071682,257995608,test
34071687,257995608,test
34071691,257995608,test
34071692,257995608,test
34071699,257995608,test
34071700,257995608,test
34071962,259169672,train
34072045,259169672,train
34072046,259169672,train
34072048,259169672,train
34072049,259169672,train
34072158,259169672,train
34072160,259169672,train
34072161,259169672,train
34072162,259169672,train
34072164,259169672,train
34072165,259169672,train
35119296,263201642,train
35120633,263201642,train
35120746,263201642,train
35120868,263201642,train
35422599,178272943,train
35803621,178272943,train
36108675,266764027,train
36108871,266764027,train
36108965,266764027,train
36236515,178272943,train
37140513,271308645,train
37140722,271308645,train
37140782,271308645,train
37140882,271308645,train
37140989,271308645,train
37141162,271308645,train
37141285,271308645,train
37141377,271308645,train
37141484,271308645,train
39560327,263201642,train
39560633,263201642,train
40756268,314151200,train
40756300,314151200,train
40756435,314151200,train
40756456,314151200,train
40756468,314151200,train
41912020,256032762,train
43068380,342821708,test
43069280,342821708,test
43069424,342821708,test
43069498,342821708,test
43069652,342821708,test
44148070,355019887,train
44162204,355019887,train
45701240,350545599,train
46158326,57662508,train
46318262,29441171,train
46448988,304327199,train
46449259,304327199,train
46449332,304327199,train
46489635,355019887,train
46525120,355019887,train
46708413,73428135,train
46739358,50073937,train
46852193,75881392,train
47372712,204205146,train
47746584,346903753,train
47748585,346903753,train
4050254,9492212,train
5414911,27673980,train
6093352,31621291,train
10369038,27673980,train
11023993,27673980,train
17682843,117195769,train
17992512,74282739,train
18906081,9492212,train
21862155,8637211,train
22613221,117195769,train
26476892,199118646,train
28334760,6770631,train
28391512,185889529,test
33375266,187822288,train
33389926,187822288,train
33521660,252601272,test
34535182,259776956,train
34539406,259776956,train
34542878,259776956,train
35045823,109671307,test
35222567,259776956,train
36237732,270122518,test
36238749,270122518,test
36239387,270122518,test
36239568,270122518,test
36239614,270122518,test
36239665,270122518,test
36239748,270122518,test
36239812,270122518,test
36239871,270122518,test
36239952,270122518,test
36240007,270122518,test
36240104,270122518,test
36240143,270122518,test
36240195,270122518,test
36601094,266797018,train
36601571,266797018,train
36951145,109671307,test
42088954,333256736,train
45139002,135031316,train
45667002,66270005,train
45757633,370962749,train
45767045,298149946,train
46174111,230465131,train
46225814,69069158,test
46668098,333122477,train
46950272,379096117,train
47373382,75842183,train
47941354,103841276,test
546383,2680820,train
1693028,8918030,train
4137979,7243674,train
5519207,3191371,train
5695523,36841,train
5762947,27673980,train
10089727,51772392,train
10280549,756173,train
10369047,27673980,train
10413576,53627900,train
14115645,85062355,train
14856799,27673980,train
15008979,94707512,test
16233577,101499766,train
16601841,109526714,train
16812429,1261480,train
17332200,10475653,test
17557873,10475653,test
18535402,21250331,train
18669496,128338539,train
18935148,131993336,train
19155616,46712160,test
20196339,7097558,train
20667684,147800750,train
21184173,21250331,train
24042844,143052745,train
25187576,23479368,test
28346829,143052745,train
28368678,6770631,train
29304787,101499766,train
29517571,6457110,train
29831517,224384517,train
32284910,242322561,train
34345206,6556741,train
35058541,264088176,train
35602336,267840823,train
35808578,269375490,test
36764311,91746441,train
37020421,50052968,test
37687607,242322561,train
38138086,1690322,train
38253373,81242340,train
39112662,181510754,test
39225362,6556741,train
39537097,15267937,test
39821584,299362103,train
40470374,181510754,test
40626027,22375303,train
40681398,315721256,train
41667880,327350579,train
41999241,332644295,train
42099961,332644295,train
42780193,268398473,train
42780236,268398473,train
42912076,110638700,train
43020409,173083297,test
43470932,296716302,train
43882478,153956930,train
45075656,34056732,train
45430418,321218182,train
45440508,181510754,test
45652742,131993336,train
46332477,375019665,train
46595759,47900722,train
46732135,368245053,train
47310714,34177401,train
47311348,34177401,train
47818011,6556741,train
7937553,2787,train
10160215,2787,train
10267034,2787,train
21609824,119848398,train
26250185,197053492,train
34543762,197053492,train
43954469,142392927,test
45288682,361674968,train
46329684,104483264,train
46812680,339436944,train
46980834,81563375,train
47987636,257567667,train
47987694,257567667,train
3247291,16425715,test
7324746,942252,train
7461720,942252,train
8002080,42243297,test
12110383,54921733,test
15312128,97538710,test
19297819,132341923,train
22055300,40711894,train
22363371,132341923,train
23807788,178473107,train
24104871,178473107,train
26639925,141615596,train
28366887,170810121,train
29626161,222285897,train
29684573,31039254,test
29794270,120245209,train
31083711,228571016,train
32235802,241889662,train
32327326,241889662,train
32327466,241889662,train
32795950,246717334,train
35458291,259207391,train
35712515,259207391,train
35899251,270008247,train
36318290,116589400,test
36757842,256462453,train
37749068,285415883,train
38018902,147202249,train
38097971,92178097,test
39022484,241889662,train
39023096,241889662,train
39023600,241889662,train
39024243,241889662,train
39024731,241889662,train
39024944,241889662,train
39344115,290103444,test
40118407,309602458,train
40817200,38494148,train
43596004,348032287,test
44506417,178176640,train
45235897,363403952,train
45752087,137129564,test
46265249,374195183,train
46293296,147202249,train
46356156,373480843,train
46729545,377647905,train
46729892,377647905,train
46729966,377647905,train
47025695,245400249,train
47071980,378205146,train
47143543,101711085,test
47578757,384094786,train
47720084,381723305,train
47730353,195687583,train
47808900,164883120,test
47855824,371421385,train
47917743,385911712,train
47941243,305612071,train
47964799,305612071,train
16580,64442,train
1187643,6494389,train
1232212,3547817,train
1654929,4847926,train
6654304,34828488,train
12711351,65809485,train
15284819,60085031,train
16289102,92493393,test
16289973,92493393,test
19360685,6670822,test
20819116,149292557,train
22869573,17631246,test
23483134,149292557,train
23483266,149292557,train
23483467,149292557,train
23483525,149292557,train
23483570,149292557,train
25674371,53440969,train
27933214,138086216,train
32798710,211136294,train
32818383,146132198,train
32819286,146132198,train
33907325,211136294,train
34677100,57585972,train
35235326,96659533,test
36456829,6677425,train
39166179,251820880,train
39618927,146132198,train
44898021,107716952,test
46860037,376526291,train
47990409,304168787,train
1403129,7573341,train
7111050,34546849,train
8857546,45601111,test
11495797,60535711,train
12231254,65809485,train
15081440,92493393,test
15204878,96098402,train
19996712,4077993,train
27925378,31296185,train
27952742,211136294,train
31301754,15811194,test
32207337,57049951,test
32799550,211136294,train
34596961,33436431,train
36244479,272609175,train
37056638,278691646,train
40488178,3113316,train
42597821,237051727,train
43423187,103581279,train
44691898,71338355,train
45775212,143194785,train
45783532,371163484,train
45827027,371528958,train
46438870,2186974,train
46902714,104401000,train
46913994,378967242,train
46978846,223375402,train
46983971,375226457,test
9549544,49451877,train
14462592,79641851,train
15218066,96098402,train
38000066,9957946,test
14741623,39181402,train
25887913,44123062,train
26654670,44123062,train
38574077,250390126,train
47881216,289858949,train
4880542,66276,train
15206157,96098402,train
46452922,371382100,test
6992831,36663321,train
13371699,2455767,train
15149591,96098402,train
24276835,26459329,train
25974812,44123062,train
27203413,204810113,train
31204536,66813379,train
34156292,257888723,train
36385709,273595431,test
44938771,177562964,train
45239643,171212377,test
46689854,224687317,train
25815036,44123062,train
35614233,267735490,train
41527827,267735490,train
20724,961342,train
1121502,5942292,train
1131422,5942292,train
15379380,73645458,train
22281921,34954588,train
34315737,259063599,train
38818309,146342086,train
39871464,273392981,train
39872031,273392981,train
41772813,273392981,train
41773749,273392981,train
41775277,273392981,train
41775384,273392981,train
44178395,328263918,train
19245930,59156312,train
20636888,124860677,train
21056884,16480700,train
44149100,170566147,train
23034152,168465501,train
262405,1376778,test
6812690,23582893,train
6822854,23582893,train
19051187,59156312,train
19386545,31920354,test
30559387,229278227,train
38728990,4548177,train
41771807,273392981,train
41772939,273392981,train
21042534,2575895,train
41775095,273392981,train
4453484,2166065,train
41234256,323658450,train
41773154,273392981,train
44224775,133802988,test
46089699,47787755,train
47312242,373174591,train
1087215,1841580,train
15797728,28189446,train
18120592,124860677,train
24996332,129743937,test
26190193,13414796,test
26776101,3432431,train
33127624,245002893,test
36071215,2206491,test
37332210,281152341,test
37713423,285076147,train
39428172,302847508,train
39867437,307001589,train
41623678,328263918,train
41633222,328263918,train
43930989,3527385,train
44288244,117492425,test
45480774,349366997,train
45566320,368812312,train
46547135,376314778,train
169306,806214,test
235951,1236070,train
382523,732535,train
382524,732535,train
905425,4843750,train
905947,4847926,train
1034347,1367316,train
5823579,30224269,train
8995042,25077909,train
10827567,31411094,train
12345178,65809485,train
12932670,65809485,train
13394558,76192815,train
13750812,65809485,train
13761271,65809485,train
13770490,65809485,train
13770680,65809485,train
13770759,65809485,train
13770856,65809485,train
13881135,923465,train
14124987,2974873,train
16103920,79060345,test
17294950,1432946,test
17311213,1432946,test
17923261,122884945,train
17941851,1432946,test
18652544,120762452,train
18895187,45601111,test
19662367,3168812,train
21034242,2530122,train
21559636,2212344,test
27528305,7985095,train
27544905,2775685,train
28085121,212147885,train
28587227,80933709,test
29495933,7985095,train
34665010,52577963,train
34667590,7850260,train
35655950,80443454,train
36846879,48895336,train
37251520,19243808,train
41067357,321043686,train
41158531,321043686,train
41509544,321043686,train
42562751,31112675,test
42589705,163031343,train
42589996,163031343,train
42590105,163031343,train
43267372,51548122,train
43310255,51548122,train
43310275,51548122,train
43310986,51548122,train
43311009,51548122,train
43311252,51548122,train
43315319,51548122,train
43315455,51548122,train
44194358,65809485,train
44320572,51548122,train
44904998,257576232,train
45307524,364960386,train
45591853,51548122,train
45595112,51548122,train
45595732,51548122,train
45595993,51548122,train
45656109,51548122,train
45738048,51548122,train
45747355,51548122,train
46025711,51548122,train
46039283,45152252,train
46354423,51548122,train
46527677,51548122,train
46758057,36732553,train
53469,204539,train
62452,303939,train
62461,303939,train
62787,303939,train
169464,806774,test
219922,1139574,train
250259,1311398,train
513362,1367316,train
1290315,7016757,train
1486099,7503643,train
1524302,7503643,train
1656254,7503643,train
1793091,9407785,train
1896296,7503643,train
2092588,10677584,train
2107883,7503643,train
2127016,7503643,train
2254851,7503643,train
2267006,7503643,train
2334411,11280333,train
2458656,7503643,train
2708371,7503643,train
2714699,7503643,train
2995459,7503643,train
3066892,7503643,train
3112284,15815237,train
3291212,16282569,test
4070025,21110000,train
4794512,7503643,train
5706202,7503643,train
5834668,7503643,train
7728860,7503643,train
8239965,1367316,train
9108196,45601111,test
9548422,5053976,train
9928644,10677584,train
9955765,10677584,train
15301517,25843005,train
15422083,5053976,train
16365878,107177716,test
16664008,15310048,train
16732266,1588656,train
17173473,113558977,train
18271282,126311719,test
18358470,7503643,train
18855750,131354448,train
19408914,120762452,train
19409299,120762452,train
19563107,120762452,train
19693245,120762452,train
19748553,37312959,train
19856880,37312959,train
20187779,107272884,train
20202650,120762452,train
20202971,120762452,train
20559012,115669337,train
21073975,120762452,train
21098717,120762452,train
21098848,120762452,train
21110331,141012332,train
21205810,120762452,train
21205891,120762452,train
21378053,120762452,train
21764245,34614054,train
21765318,34614054,train
22229755,1036697,test
22342911,163362268,train
22610971,34287454,train
22750988,163362268,train
22751177,163362268,train
22751269,163362268,train
22751703,163362268,train
22772191,163362268,train
22772570,163362268,train
23040115,22246427,train
23061804,163362268,train
23109351,171697479,train
23922304,163362268,train
24083125,163362268,train
24334761,163362268,train
24336268,163362268,train
24473713,163362268,train
25138149,3129460,test
25944708,163362268,train
26131873,61391963,train
26163413,163362268,train
27731372,163362268,train
29733748,220229838,train
29923522,220229838,train
29923697,220229838,train
30584470,5053976,train
32635569,3002665,train
32765985,243367528,train
34254631,15310048,train
34900746,253361623,test
35493937,10811427,train
38204303,195831980,test
39358131,89707030,test
39696136,1291410,train
40565556,7985095,train
40736607,7985095,train
43861847,106147600,train
44749512,51548122,train
21098555,120762452,train
21205650,120762452,train
21206002,120762452,train
25135694,1494472,train
28076544,1494472,train
29923537,220229838,train
29923555,220229838,train
29923582,220229838,train
32485922,200380610,train
38162627,6407125,train
40467433,1494472,train
42111587,163362268,train
42112149,163362268,train
42112271,163362268,train
42112694,163362268,train
42512541,328263918,train
42682391,163362268,train
42682643,163362268,train
42682747,163362268,train
42682986,163362268,train
42683130,163362268,train
43370455,193835968,train
43441690,1494472,train
44277689,268110281,train
45013494,51548122,train
45078234,328263918,train
45343968,174792040,test
45343970,174792040,test
47079382,121130063,train
47237442,328263918,train
47290489,282552446,train
47396526,222027489,train
47531291,7571700,train
47732305,50612451,train
47732596,50612451,train
47734703,10976977,train
514548,2533991,train
26811066,77559258,train
31153044,9169717,train
42719020,91357269,train
43359420,277972501,train
43959641,352057642,train
43960495,327808578,train
45656267,369226179,test
45685520,15536301,train
47014688,43445413,train
47358348,139876671,train
47358809,139876671,train
47885843,2413839,test
39448526,303011543,train
40506862,3782356,train
42588496,338792711,train
45220334,300551054,train
45926638,342996270,train
46152860,19742318,train
46736580,18214457,train
46753916,371972456,test
47746232,49646121,train
47900797,297851337,train
43045903,340793389,train
43045954,340793389,train
44068157,300551054,train
46222637,368474901,train
46540572,66480106,train
46688359,61577661,train
46756139,371972456,test
47008616,249250834,train
16767194,18654847,train
28567040,203266238,train
47350420,157995128,test
27299275,158181451,train
29659392,158181451,train
33247747,158181451,train
37705884,18870872,train
38923294,2557904,train
39645607,948095,test
42792332,263200383,train
43640803,339258319,train
44340470,84562428,test
44648831,183178516,train
45076726,79877283,train
45188938,190298308,train
46401862,371306828,train
47141129,145862771,train
47537396,102733348,train
47796431,328545364,train
47885491,91571876,train
47986996,42093468,train
48024054,42240319,test
22517063,122283834,train
39398026,194953121,train
39398028,194953121,train
45960178,303719667,train
46524147,186993421,train
46837343,195597583,train
47530234,359229620,train
47922800,359229620,train
20755,51038,test
81739,417504,train
231154,27848,train
978615,5369117,train
4431674,21841949,test
4637146,1755097,train
12704039,14637971,train
16098175,104927746,train
24868754,104812805,train
28206135,203266238,train
28464767,44260966,train
29209379,214611101,train
30965275,231370569,train
31514475,203266238,train
33276141,158181451,train
34718010,49164956,train
34718342,49164956,train
35059538,264092618,train
35069416,137999892,train
35711006,268353279,train
37456923,281954588,train
38794892,296716302,train
46561833,376513192,train
2620837,4691967,train
7501694,32164030,train
9199020,40236486,test
12915074,16300594,train
13653677,79298323,train
13685807,20446747,test
18404936,63417081,train
20795854,69992824,train
20858519,7365834,train
29213095,214611101,train
31178012,146275359,train
33421406,10149317,train
26520,51038,test
204065,51038,test
2508374,8552126,train
2639521,9898029,train
3575918,18007776,test
4537500,3250450,test
8426247,2787,train
11993790,116382,train
14149046,38294216,train
17866018,122283834,train
19930835,137999892,train
26280662,30613046,train
36489561,7989399,train
40536834,17969443,train
42487463,336064553,train
43222663,49164956,train
80684,417504,train
80700,417504,train
253828,417504,train
767562,1949282,test
924658,4973668,train
932277,2902266,train
2431607,4973668,train
2889377,14103991,train
7502146,32164030,train
7647651,6072700,train
7734670,32164030,train
10608951,43816209,train
10786987,55813598,train
14489615,8552126,train
15507375,32052000,test
16534321,48899796,train
16568252,327489,test
17717799,120767920,train
19929723,137999892,train
20862285,84562428,test
24476209,104812805,train
24968131,7989399,train
26235873,197169969,train
28959854,16851857,train
29016907,155152907,train
29210994,214611101,train
32898133,49164956,train
36239436,49164956,train
39601518,268353279,train
42668941,73496118,test
42981202,73496118,test
43284426,49164956,train
43489703,137358866,train
45070256,256743247,train
96471,116599,train
322037,1649300,train
987329,5369117,train
4860650,25001808,train
9652365,16356851,train
13978084,116382,train
17433572,1261480,train
19930489,137999892,train
19993470,114867228,test
27606720,16356851,train
28206177,203266238,train
28690364,120767920,train
28730408,171433016,train
31493796,18007776,test
850148,2843998,train
8402207,44260966,train
8686361,24597265,train
14779590,16300594,train
21380140,154848269,train
25127198,104812805,train
27336179,30585124,train
29037141,44260966,train
31859909,5704932,train
37539710,73496118,test
37809572,32060911,train
38573589,30585124,train
42668435,73496118,test
42981138,73496118,test
43155877,73496118,test
13974200,77317167,train
27016931,203266238,train
33423849,10149317,train
33820675,10149317,train
33829619,10149317,train
39677451,22661810,train
43509541,16851857,train
43536394,174811960,train
45515771,1364042,train
18198,70091,train
32037,116599,train
253839,417504,train
2136293,6599585,train
5184562,1585422,train
5889379,30585124,train
6472275,24597265,train
8734174,19808319,test
8934409,14637971,train
11872337,3803638,train
13478244,14942276,train
13841569,62605071,train
14177028,29219991,train
16097336,104927746,train
17554081,119125703,train
17888337,120767920,train
20154271,143402105,train
20871885,3882708,train
21175597,8637211,train
22794168,8637211,train
24122836,181710793,test
24266273,181710793,test
25842433,48183551,train
28075828,117354500,train
28760070,7365834,train
29491140,910677,train
30445539,225291555,train
31538945,52531721,train
32701394,130185535,train
35059067,264092618,train
38997592,298817288,train
39551766,268198789,test
40030465,212878765,train
107630,306739,test
850338,4440548,train
1195198,6531502,train
1682963,8821936,test
4216813,9904977,test
5579240,17523196,train
8055582,40176101,test
8268849,43599290,train
8327773,6444987,train
11720001,62320186,train
16961126,16300594,train
18402568,33434914,test
18508209,1635983,test
18615054,1635983,test
20029274,80908448,test
21784156,16866,train
22189962,50682735,train
23021271,9388460,train
25349299,6836514,train
27459661,206926246,test
28952972,91757655,train
29016112,216641760,train
29220437,213251818,train
29943061,81325020,test
30718403,141931484,train
33854406,16851857,train
36142198,271841308,train
36457832,63272360,train
36850809,276252562,train
36901132,215128544,train
37485624,100805374,train
39337827,140345083,train
39398030,194953121,train
39503932,23787819,train
39742663,305387117,train
41295524,1637060,train
41593430,282655,train
45736631,162251663,train
45754690,1171497,train
46856467,378517976,test
47875134,110127852,train
51850,27848,train
54694,27848,train
676295,27848,train
850943,2843998,train
1112484,3211592,train
4429337,1728899,test
4728136,12261576,train
4927853,331579,train
16859099,3158364,train
17097495,3236595,test
20754847,23861295,train
25519810,1418015,train
26452047,3375455,train
27810603,9121940,train
28839265,10321540,train
28872377,32164030,train
29606105,22307859,train
29756137,215041024,test
31885991,105762561,train
39262054,283511343,train
39345548,57023844,test
39846491,225283096,train
1398234,6083756,train
27273414,158181451,train
30421981,506779,test
33275894,158181451,train
34274020,7802615,train
34499697,3512437,train
35334728,266026569,train
40470525,309612914,train
40632335,194953121,train
40804600,194953121,train
41554237,327350579,train
41667896,327350579,train
42979450,2557904,train
43247590,1882820,test
43642904,348502047,test
43648917,339258319,train
43906386,9742120,train
44072324,54832948,train
44098704,29219991,train
44853757,57023844,test
45234851,90098482,train
45848102,53370168,train
46931266,3757,train
47142595,35251374,test
47288385,23861295,train
47337289,335186333,train
47377021,19303369,train
47712945,231017568,test
47734069,384583884,train
47750008,384583884,train
47832229,203068035,train
1399352,7557833,train
4925368,331579,train
5649580,29278028,test
5651944,29278028,test
12747935,68787921,train
17093264,109479467,train
18877341,4175606,train
19072989,4440278,train
19506194,16866,train
27264926,158181451,train
28859648,217591735,test
33156370,62803,train
37568308,215128544,train
39136879,874355,train
268335,65610,train
45548124,91957,train
46547912,6243828,test
745037,3906249,test
1903198,3158364,train
6051044,16139880,train
7692660,32164030,train
7983640,13037911,train
12600198,10577784,train
12747434,68787921,train
17853353,48106825,train
19326306,32164030,train
19763657,19612095,train
20703786,54081046,test
24313701,16851857,train
26500063,127891176,test
33094622,29349060,train
33175415,114736959,test
33823598,29349060,train
34677122,4267089,train
39114678,73496118,test
77765,417504,train
168123,720558,train
215560,1112560,train
225306,1112560,train
681805,3375455,train
1063020,5851210,train
1665498,8821936,test
2669366,13664245,test
3401271,5851210,train
3585334,10040649,train
6180121,8826175,train
6361102,16139880,train
6572570,16139880,train
8689608,19808319,test
9858717,14637971,train
15602953,68787921,train
16507804,1635983,test
17632840,114736959,test
18331097,120767920,train
18462718,120767920,train
18666975,125557444,test
19073356,4440278,train
20092176,85330,test
20604989,10768717,train
20678811,147972663,train
20679134,147972663,train
21110494,120767920,train
21813491,155014420,train
22343909,52586141,train
24121036,24591977,train
24332080,62803,train
25626152,147972663,train
31881336,5704932,train
32750384,62803,train
33269801,105762561,train
34530998,260589412,train
36553297,63272360,train
40764862,150428984,train
41647808,10580254,train
41798673,209921907,train
43764654,189613179,train
71366,364955,train
1010785,3898812,test
13033170,2637408,train
15328237,47617616,train
18197137,125557444,test
18264659,63417081,train
19379952,5681654,train
19636727,137999892,train
22848599,16139880,train
23289674,29219991,train
23905099,24288568,train
25090268,81274648,test
25443451,64660747,train
28042014,206714649,train
28428225,214611101,train
31026330,927028,train
32746895,5560274,train
35091116,264092618,train
36040477,215128544,train
40419502,5200688,train
43820109,21130089,train
43876279,16772865,train
159815,54275,train
583337,2874587,train
1304459,7090408,test
2371794,2588427,test
6555427,24597265,train
7712750,40516440,train
8684886,45604174,test
11684682,116382,train
12370347,116382,train
12720048,68787921,train
16366744,107040079,train
18896824,4440278,train
23667332,107040079,train
24269100,181710793,test
24282118,155935757,train
24545438,30384092,train
27430644,206714649,train
28181827,57024509,train
28430639,66837596,train
28438408,18007776,test
30717086,141931484,train
32410157,4308656,train
33613736,5704932,train
35059681,264092618,train
35275920,265576141,train
4649627,9492212,train
30686973,229695499,train
18195,70091,train
20717,78353,train
84010,417504,train
228925,1194377,train
518960,2155832,train
640691,3199395,train
825193,4330726,train
1092760,5887081,train
1494527,7988149,test
2123079,10577784,train
2154075,10992588,train
3012871,1504257,test
3902156,5072123,train
5899598,6319915,train
6179073,32052000,test
6197134,10014644,train
6613106,10014644,train
9278192,48183551,train
14296598,14942276,train
15003711,62345,train
15604499,62605071,train
18294238,120767920,train
18632502,14505375,train
21175160,8637211,train
21472364,92183983,test
21549554,48183551,train
21664533,62803,train
23760168,30736639,train
24569072,185636316,test
26559476,72746827,train
26815416,201654234,test
27018478,113911279,train
27336613,74678395,train
27343189,204036615,train
27852410,104812805,train
28938342,217844544,test
33127307,29349060,train
34685997,261647593,train
35711535,63272360,train
36286545,174811960,train
40452839,154385604,train
34760,149929,train
633026,1210759,train
905694,4845894,train
2532443,4636483,train
4128428,21416490,train
14042426,17365319,train
16965094,48183551,train
21139995,12424361,test
21643550,48183551,train
22951923,17478161,train
24653197,104497453,train
27290448,158181451,train
27524258,17826780,train
30465706,62803,train
33454764,99108929,train
34340758,257406510,train
34592997,13664245,test
37809089,3538661,train
39989070,899579,train
44457579,9839119,train
45105081,43825074,train
45798463,42428000,train
36632478,274392436,train
46410162,8176787,train
47831832,203068035,train
1209921,622855,train
1604488,8548430,train
6091850,31614694,train
11237441,23033704,train
13113906,72923241,train
13730290,75857,train
16236199,105497516,train
19209764,16478255,train
22451798,4126686,train
28540662,215392967,train
28667823,4440548,train
28910248,217844544,test
30227942,2156741,train
35197107,265043054,train
36039490,215128544,train
39146672,150428984,train
39483179,2930761,train
39690061,75641325,train
40623849,150428984,train
41614248,328114678,train
41897797,287664115,train
43468359,346579486,train
45413193,4601412,train
46716198,4043152,train
5803,9744,train
1245479,3363749,train
4782569,5071632,train
5839029,580009,train
10637554,54921733,test
13526348,7202412,train
13529037,7202412,train
14152775,18865030,train
14340142,43817869,test
15552901,84562269,train
17105446,2350326,train
17464151,118276455,train
18087564,5735174,train
18191456,5962328,train
18962916,128086219,test
20231480,94214493,train
22479006,164814832,test
23593409,12881634,test
26835960,10839658,train
28699887,44338944,train
29955067,128162460,test
31052694,3363749,train
35992800,214320776,test
37553214,137636071,train
37785816,285946182,train
39839813,13755179,train
39870438,293448141,train
42415119,1677119,test
42472882,240132083,test
44098840,106269510,train
44251682,356623718,train
44350416,241889662,train
45609365,20161085,train
46202555,6231683,test
47251940,356623718,train
1844088,1512462,test
16665181,110218367,test
35526392,129443696,train
39205502,287627548,train
44337036,241889662,train
3403034,17161465,test
7244171,37915862,train
7461611,28316637,train
8929521,46690777,train
14622053,90765758,test
20017753,142135334,train
20983663,117507630,train
34232536,145878384,train
38286394,287627548,train
39204558,287627548,train
39422545,23334165,test
46641277,350862434,train
10962,9744,train
329310,1681546,test
600775,210746,train
2719640,6586128,train
3112953,15688520,train
18358363,40532977,train
31569709,108079367,train
32618640,244817841,test
44349966,241889662,train
927702,12128527,train
8687556,13713605,test
20705026,137129564,test
21141396,152527398,train
22651032,113469347,train
31928439,384430,train
32617384,244817841,test
32618716,244817841,test
32619108,244817841,test
39079171,161140139,train
41420151,3136103,train
44336425,241889662,train
21192123,153052198,train
27579255,16725437,train
32607488,244817841,test
39036247,161140139,train
42579881,176950781,train
44337905,241889662,train
44349792,241889662,train
44789815,241889662,train
220946,1144415,train
25518658,123664664,train
27681899,128610997,train
31569823,108079367,train
41084842,161140139,train
44337168,241889662,train
44337489,241889662,train
44350559,241889662,train
44350767,241889662,train
44789250,241889662,train
44790395,241889662,train
8816718,6225275,train
9575961,69510,test
26953759,176950781,train
26991755,176950173,train
27015594,176950173,train
33449304,84562269,train
41210826,128162460,test
41365538,176950173,train
41369046,176950173,train
41371194,176950173,train
41472347,3136103,train
42251202,384430,train
43892977,294581,train
44336283,241889662,train
44336614,241889662,train
44337727,241889662,train
44338020,241889662,train
44475556,90765758,test
45642113,244817841,test
46594024,104183038,test
46895055,54407723,train
46896384,54407723,train
47361848,2654865,train
47448291,383036218,train
47814560,44103907,train
47939796,350862434,train
11229663,56878925,test
24947343,94214493,train
26953399,176950781,train
26953727,176950781,train
26991656,176950173,train
26991707,176950173,train
29080980,94214493,train
33689191,2350326,train
39898950,297311545,train
40322951,297311545,train
40396854,94214493,train
44337356,241889662,train
44350146,241889662,train
44351074,241889662,train
45104165,364248132,test
45972391,241963980,test
47465022,84995573,train
9140055,35322092,train
21981845,158178970,test
40172320,25161307,train
44350968,241889662,train
45541682,368033462,train
19363931,74541079,test
20073959,74541079,test
21550193,150738275,train
23074259,94214493,train
28228599,94214493,train
36428186,141511069,train
39130186,5341818,train
44260436,241889662,train
44337604,241889662,train
45942992,1843216,train
47774203,383797462,train
3238517,16385595,train
6747193,35322092,train
6969011,107016,train
8392670,44223001,test
15149137,7202412,train
18736484,128086219,test
20628186,146776990,train
23074722,94214493,train
25350452,3388542,train
34303993,258978893,train
18728,71876,train
715102,1002452,train
6107592,30080463,train
9064714,26379512,train
17189941,3592883,train
25283412,10770787,train
26895166,202318295,test
38238500,94214493,train
38425543,1002452,train
39370929,287627548,train
40758693,94214493,train
42402259,94214493,train
43018237,1387051,test
44350287,241889662,train
1918693,9947332,train
2329807,11894522,train
10032560,39945901,train
13232690,35322092,train
16194283,40532977,train
20331226,7202412,train
20553283,146776990,train
21488608,4318729,train
22400568,12898987,test
29982557,197286,test
33528562,252641467,train
35454285,17224232,train
35595727,11583998,test
35843321,3299151,test
39281912,5341818,train
39282134,5341818,train
39316169,5341818,train
39387598,5341818,train
40195034,297311545,train
40292818,205069056,train
40298446,297311545,train
40913425,318729971,train
46432956,1843216,train
957642,1354796,train
32575757,244817841,test
32616393,244817841,test
32618577,244817841,test
43615390,193626078,test
45850443,350862434,train
46895868,54407723,train
47286267,356623718,train
41880997,73098313,train
45782160,368944610,train
45782166,368944610,train
45783487,368944610,train
46010505,368944610,train
46010565,368944610,train
46010569,368944610,train
46010572,368944610,train
46013665,368944610,train
46013670,368944610,train
46013681,368944610,train
46099828,368944610,train
46099831,368944610,train
46099834,368944610,train
46212840,368944610,train
46291447,368944610,train
46352793,368944610,train
46358642,73098313,train
46391618,368944610,train
46655371,368944610,train
46770742,368944610,train
46894179,54407723,train
46921384,368944610,train
46926389,368944610,train
47130285,368944610,train
47133162,368944610,train
47242698,368944610,train
47250386,356623718,train
47250831,356623718,train
47262811,368944610,train
47262812,368944610,train
47338143,368944610,train
47472095,368944610,train
47494962,368944610,train
47514024,368944610,train
47530617,368944610,train
47530618,368944610,train
47530619,368944610,train
47543899,368944610,train
47567427,54689021,train
47713309,368944610,train
47727931,368944610,train
47794833,368944610,train
47814224,368944610,train
47854522,368944610,train
47900452,368944610,train
47900456,368944610,train
48005556,368944610,train
48005919,368944610,train
48005921,368944610,train
48005930,368944610,train
538344,2644519,train
37576889,115854410,test
43319398,239088720,test
45755036,294581,train
46852254,378487795,train
47138172,380820666,train
47218173,380820666,train
4550747,23533897,train
2075600,5089,test
15423962,98726662,test
20652753,147402286,train
500886,2206506,train
4268286,22158091,test
9093219,47411697,train
13294325,75034279,train
14746280,437578,train
21277145,153921305,train
29687049,617537,train
32443972,243716532,train
36836336,15655054,train
41007370,174786681,train
404923,2017752,train
14243671,86663984,test
16777456,24546033,train
6846956,2558534,train
20008214,140991260,test
21999647,159655531,train
22081938,159655531,train
30539307,229149668,train
240800,1263176,train
1766846,5586949,train
12054516,39863896,train
20652620,147402286,train
21517530,136214003,train
31221559,67345821,train
31896339,239088720,test
39487415,117645326,train
39821022,123858195,train
41341561,22088164,train
47704601,147402286,train
47705059,147402286,train
8479799,44660079,train
11753760,62542300,train
30439246,228473476,train
31074354,227413647,train
34060242,864737,train
34396219,3414140,train
35011803,228473476,train
40119361,84493226,train
8847542,6630815,train
33236793,170810121,train
38178779,290103444,test
41693082,324156441,train
37565982,261072969,train
46163862,273177557,test
46765732,24426793,test
47900810,324456902,train
15486009,98726662,test
45952007,73109774,train
15423923,98726662,test
16120533,56878925,test
26874261,42243297,test
15529937,98726662,test
39336993,302138294,test
13028533,57574248,test
45382211,366950586,train
27083575,158178970,test
27807007,20109188,train
886808,4701443,train
8622301,45354224,train
9325979,48402458,test
13856793,25330827,test
17730019,101435219,train
32873781,211280779,test
44251069,356623718,train
47183756,381121555,train
47835024,15442369,train
1347126,7308715,train
3897387,20177472,test
9451597,6630815,train
13857337,25330827,test
13938420,25718914,train
20679396,64887490,test
20812587,25718914,train
39423534,261072969,train
43758345,273177557,test
47271575,374105886,train
47295226,381912481,test
47814657,328117571,train
12937,50124,train
713538,3672774,train
6044964,31204745,train
6776698,9284163,train
13674799,30066784,train
17318814,116889152,train
17419342,1261480,train
17680909,119548006,test
19055226,58225,train
26013177,195520304,train
26327565,155152907,train
33422954,251781156,train
37988664,57768478,test
38317159,267163589,train
40173982,308578179,train
40841011,134274177,train
44059834,333256736,train
44432970,165292438,train
46743881,53720018,train
47367488,48084917,test
6395433,23693099,train
16082923,29474145,test
18508470,33434914,test
18564694,33434914,test
23789480,37401126,train
24599452,185889529,test
28495328,215034605,train
36260895,24856484,train
47334550,169226619,train
2848235,13649613,train
4032229,13649613,train
22631779,44782054,test
35427155,23217966,train
42289806,162251663,train
46495419,26330233,train
2247803,11333699,test
4033444,20912185,train
7620763,15163256,train
18173198,274333,train
19596021,137772585,test
35491909,267015745,test
42291032,162251663,train
6670064,33386619,test
8623370,45359132,train
18024956,15185649,train
31121209,37401126,train
32104047,194953121,train
34536944,1355112,test
38628385,155913928,train
13417080,44350279,train
13558030,51531044,train
14355431,58453451,test
33923209,254542999,train
39132278,229454644,train
13121,27848,train
1656539,93790,train
3495854,17601262,train
4549555,6571805,train
5605790,28690907,train
11219289,58453451,test
18273542,9909635,train
18944494,58328044,test
24177410,112901574,train
39112224,194953121,train
39206061,23822553,train
40316923,22420999,test
40969893,78679311,train
40985898,78679311,train
41313164,194953121,train
41642747,314325074,test
42307209,58453451,test
43465620,296381335,test
43932671,65681595,train
46034949,10184022,train
47406985,373254340,train
47732997,229872308,train
5354796,13649613,train
13914735,82562435,train
18359426,82562435,train
22054258,161081229,train
39252398,23822553,train
39398035,194953121,train
42589731,339258319,train
43346893,296381335,test
46992594,376764698,train
47181377,83143535,train
47769094,372673716,train
27610367,85202871,train
39398034,194953121,train
41106442,194953121,train
46175294,150364624,train
48018478,23581605,train
765315,4034995,train
16940597,51531044,train
17117631,3236595,test
22530070,99296570,train
25772415,105828086,train
28041818,206714649,train
42303747,58453451,test
2267177,11576459,train
4738429,295128,train
20583769,166634,train
37366396,277657060,train
41214610,323442877,train
47181609,83143535,train
1080543,5943212,train
7927838,6444987,train
7937398,6444987,train
18377036,13649613,train
18613981,90289877,train
20242938,166634,train
20581903,166634,train
22971238,99296570,train
24412681,184233409,test
28940952,8518665,train
28941808,8518665,train
41790722,295596237,train
43374530,4797754,test
46098272,4043152,train
46179119,1171497,train
125163,622855,train
819206,4306950,train
1042806,2680820,train
1583653,8434244,train
4354764,16572955,train
13813731,81325020,test
14295885,74331597,train
15733832,101653570,train
17097239,114736959,test
22531031,56757345,train
23858353,154302755,test
27499097,185889529,test
35376427,23217966,train
45658557,1171497,train
46493092,23217966,train
721663,3139958,train
3469115,17051201,train
19660325,1609077,train
23006591,99296570,train
38898702,23217966,train
1656621,5738733,train
1767037,9284163,train
5298896,3868692,train
6332130,21725994,train
15788312,101653570,train
16954330,3236595,test
17263550,3236595,test
18402330,33434914,test
22178073,21963202,train
22282513,112901574,train
22629696,154302755,test
24699891,45416627,train
27127722,99296570,train
28941898,8518665,train
30400465,1575372,train
31140017,65747874,train
31909528,51186155,train
32745294,242631139,test
33271828,2522815,train
37240374,148525638,train
37325442,148525638,train
38135970,2930761,train
38235141,115638902,train
38522188,2930761,train
38573488,148525638,train
39190658,221573750,train
40378832,221573750,train
40725405,6744636,train
41106448,194953121,train
41106450,194953121,train
41354840,71864149,train
41860410,330959334,train
46067261,1171497,train
46772182,104925528,train
47181087,83143535,train
47181832,83143535,train
57754,275578,test
151199,722320,train
12592427,68309691,train
15936167,46707487,train
22087812,161352782,train
27910595,210843289,train
29517676,72001588,train
31834008,231510804,test
44804690,362419479,test
46585974,5536278,train
6519873,829717,train
10232039,25473311,train
25205044,180154611,train
27103176,132475953,train
39253052,5334994,train
42515407,805344,test
25622377,180154611,train
31856192,61875246,train
34948476,194673800,train
45868989,301344344,train
324800,1661965,train
790767,1212041,train
1108309,1018472,train
2339446,11948817,train
2524658,1091832,train
3297016,2051075,train
4129992,20169986,train
7472710,26388084,train
8622002,45352891,train
14094358,84810879,train
21431963,122374980,train
21627791,122374980,train
21628066,122374980,train
21990254,160326327,train
23302260,122374980,train
23310309,173290675,train
27086130,185908506,test
28836976,174197082,train
32310733,40146897,train
33809888,225055374,train
33810134,225055374,train
33810243,225055374,train
34076756,73324719,train
36737189,275996876,train
36833047,98095902,train
38235350,286724812,train
39495937,940333,test
39626342,182768,test
39650425,301277352,test
42016973,20196756,train
42777629,340373893,train
45272578,365819135,test
45423359,33648178,train
44229,181376,train
64365,314582,train
112435,181376,train
270315,1398639,test
571564,1141935,train
1083888,5959653,test
3158256,23193,train
3248671,6032480,train
4171406,6032480,train
4188807,4152484,train
4942523,25473311,train
7597750,26388084,train
7692870,3587751,train
9026203,31680304,train
9416007,31680304,train
10120206,51913826,train
10133691,51913826,train
10137679,51913826,train
10137876,51913826,train
10515838,51913826,train
10515893,51913826,train
10516819,51913826,train
11604885,28369674,train
13486730,3714721,train
15926876,103345244,train
15980715,3619937,train
16424642,3619937,train
18434309,25473311,train
18838643,3714721,train
20552326,137838298,train
20801864,77750223,train
21385915,154128335,test
21667733,28369674,train
21745569,158406020,test
22175928,160326327,train
22942669,1398639,test
23476922,23193,train
24308988,5717334,train
24335248,183610844,train
24965059,154128335,test
25456296,185914925,train
26896906,185914925,train
27682933,208955733,train
29269102,158406020,test
29797971,77744317,train
29897911,224815152,train
30106990,224815152,train
30675435,224815152,train
31057348,224815152,train
31085213,224815152,train
31188378,224815152,train
31291730,224815152,train
31292757,224815152,train
33586112,208955733,train
33614825,208955733,train
35447708,266726110,train
35447709,266726110,train
35732634,268757078,train
37423528,224815152,train
37965870,287834931,test
37967464,287834931,test
38166035,184902640,train
39008527,298925990,train
39925394,298925990,train
39987605,304386444,train
40837137,317770098,test
40838597,298925990,train
42214303,34643922,train
42438645,75591223,test
43177809,224815152,train
43530332,183610844,train
43739217,17033359,train
45633308,38814918,train
45936,867225,train
722464,3597769,train
918426,4932354,train
955542,4932354,train
1023181,4932354,train
6733512,1398639,test
9051763,1283476,train
17380887,32405588,train
29303639,101410003,train
31193461,1276028,test
35315339,220865756,train
38328609,291653222,train
39052611,168054716,train
39244569,101410003,train
42133768,332905063,test
42826037,1276028,test
20305451,48704899,test
38235223,290535876,train
41999901,6059621,train
42437553,230860803,test
44416196,54620899,train
45013519,363313245,train
46892721,10716765,train
17638709,119967955,train
21948799,16686426,test
22545117,90857546,train
24453838,184694715,train
28680995,208610094,train
35249458,264809787,train
40010350,211483713,train
239733,1256874,test
318187,1633100,train
367810,1728785,train
470709,2335775,test
582372,733370,train
591565,2919467,train
1148144,2559004,train
1984486,10239152,train
5004463,25807709,train
5106749,26388856,train
5606308,4514390,train
5763191,29901463,test
11302521,32802716,train
14028586,83977725,train
14744735,943367,test
14824230,92690603,train
14888012,93392260,test
16244878,2336118,train
16844707,47737463,train
17651741,23192585,train
18979981,4365106,train
20835909,149483822,test
21632846,104401765,train
22231328,4642506,train
24626621,186100463,train
25674366,9038810,train
25829582,117543014,train
25892653,12938371,train
26391060,68074387,train
27700747,145245549,test
28131065,86622957,train
28391967,13863152,test
28430186,76232256,train
30046737,225813251,train
30587740,221204634,train
35059840,263969450,train
35066800,264156969,train
37900252,91914173,train
38666081,8672281,train
39666561,47737463,train
42169849,93392260,test
17716140,120761466,train
852632,4451246,train
15250033,96978953,test
15720621,101557399,test
19586399,137672539,train
32611977,245160359,train
32808836,246806787,train
33740728,22620829,test
42668342,53710434,train
64107,313317,train
205485,1010242,test
2669352,13664226,train
5761032,29887425,train
6651156,34813492,train
6764316,362418,train
7500571,39288710,train
20111383,18547000,test
23354992,101618737,train
23467126,15651637,train
29800915,224206042,train
33937907,36242952,train
45721394,30676523,train
33138453,42732656,train
40727326,65977070,test
30031,129352,train
695465,3561489,train
794156,58366,train
5093352,19850240,train
9976264,51262617,train
15831005,102500495,test
17457491,118199454,train
18499074,127714840,test
20958399,3574249,train
21308702,154217970,train
26693195,200697707,train
26871230,2304932,train
27654829,113697596,train
30463419,24552104,train
33808465,255258800,test
38092217,197592915,train
38191536,290208548,train
39058347,101618737,train
552502,2714897,test
829935,4348003,train
2017397,2496464,test
3272743,3022852,train
3441130,6045456,test
4249342,2495483,train
7834765,41261306,train
8411164,19939430,train
10207451,50549394,train
11371099,59595517,train
12009651,87266,test
12291318,66245995,train
14588156,154866,train
14787179,92325527,test
17123684,26089606,train
21218250,953913,test
22192417,162153544,train
23293946,3402155,test
24041916,179382251,train
25745372,193558362,train
31121555,9316328,train
31191366,4318363,train
32747283,80797299,train
33701016,9919024,train
34365364,68869481,train
34685877,118419433,train
38796849,296745728,train
40644195,315171069,test
41257880,42860495,train
42273545,2979971,train
42815083,63729602,train
43003250,219083231,train
43364918,345468539,train
7032930,14104350,train
11639297,61699814,test
11769309,1902578,train
12624890,657869,train
20636416,57641560,train
24834058,156716488,train
27211525,204915695,test
31450131,72602373,test
35513883,204915695,test
38093635,289129604,test
41132277,165828232,train
2908417,10593364,test
2942129,15009272,train
6500246,33977124,train
7204443,37723496,train
8754560,45913415,train
10853955,35494734,train
13100277,35494734,train
14854002,3274903,train
15018397,37723496,train
15067291,45913415,train
17310907,2219255,train
17791464,57643057,train
18911893,33977124,train
18958355,57643057,train
21785354,1406432,train
25127539,40830538,test
25323809,61699814,test
27724217,209306758,train
27756639,209306758,train
27873228,40830538,test
34830893,10273046,train
37680656,118405437,test
38643609,118405437,test
38796182,239952407,train
38872017,77751221,train
38936287,297907675,train
39369872,60915621,train
14053273,84297251,train
16911317,22055094,test
28042224,211821054,train
30418906,212692495,train
37313309,280893022,train
37997451,120736551,train
39029793,4657597,train
39448745,303018575,train
39563533,303018575,train
40349244,266561432,train
40635724,315038626,train
42022514,216994736,train
42362567,336953334,train
42471990,314493836,train
42514760,176286140,train
44532220,330209479,train
45991989,312418035,train
47372852,245243296,train
5183778,219851,train
5702910,19331790,train
16401944,107455767,train
16976026,107455767,train
21550437,43392243,train
23691189,159811367,train
27140359,64453547,train
29585263,217642569,train
31654063,237336458,train
31883514,237336458,train
32172621,237336458,train
34510977,831185,test
39084990,284126288,train
41404723,273301089,train
43293212,6602545,test
3090922,4936720,train
6146783,14796247,train
8287001,14796247,train
8800996,14796247,train
10702489,14796247,train
15482966,75458625,test
15483201,75458625,test
16166989,4936720,train
17944140,107455767,train
18198439,7380428,train
18345358,59795431,test
18826104,22875538,train
20886432,75458625,test
21020862,59795431,test
23088623,47104818,train
23088777,47104818,train
23629364,133288905,test
31883774,237336458,train
32957830,248021206,train
33340216,215556105,train
33348910,215556105,train
38602447,237336458,train
38694174,237336458,train
38704775,237336458,train
39483421,302586724,train
39569142,302586724,train
41324037,273301089,train
42315953,153378849,train
2637533,2687435,train
3780715,18880856,train
13252064,41044972,train
16534037,61463458,train
16757281,25137968,train
24770824,1106731,train
31978375,11630930,train
39924444,19331790,train
40617316,314768315,train
5100436,26354652,test
5144125,26354652,test
7508742,26354652,test
8628425,4481005,test
10625668,26354652,test
40080502,309220263,train
14322182,15235299,train
21581457,1406432,train
35054863,229386490,train
39421390,302205591,train
41955235,302205591,train
40035744,179253411,test
805218,4238591,train
4431247,22382732,train
7020266,3524653,test
16133543,105239473,train
30038208,225706084,train
33884341,255890676,test
448049,1267021,train
583352,2423042,train
19141812,133812877,test
19179863,133812877,test
19179961,133812877,test
21642995,161157565,train
21643932,16828494,train
21765895,152636597,train
24352967,182989977,train
24758883,15838559,train
24943903,29100568,train
27696888,6187527,train
30999358,96379433,train
31135051,230025652,train
35172393,182989977,train
38523193,293802985,test
38939808,101285918,test
38978740,277189219,train
703971,1785800,test
22165628,161157565,train
31044749,230025652,train
38596531,293802985,test
249867,758441,test
352651,1785800,test
448048,1267021,train
637504,3179968,test
1323801,3571821,test
13726495,1186520,train
19057619,133037177,train
27987152,182989977,train
28137157,157393936,test
28137623,157393936,test
34687035,48684597,train
35875858,263504959,test
36455321,263504959,test
7819539,175771113,train
21110408,289199951,train
21588023,289199951,train
30592244,228263278,train
30733474,228263278,train
35284044,6465781,train
57468,239208,test
158061,758441,test
257568,1123923,train
265064,1123923,train
1016004,5577926,train
20176000,142447586,test
21666229,157701235,test
21964400,14278133,test
24034953,25096301,test
28277122,82083094,train
34755449,57230304,train
34863999,48684597,train
35096805,5273020,train
35539920,263504959,test
35898731,263504959,test
36454717,263504959,test
36455649,263504959,test
37818248,48684597,train
6358342,33123537,train
23102299,142447586,test
27000837,149296850,train
35833383,5900670,train
23100862,142447586,test
30399177,228263278,train
35704868,3599104,test
36388807,273619304,train
36531254,11025878,train
36592294,25703731,train
37816237,48684597,train
40199757,4316439,train
40886350,187473888,test
1143582,2226023,train
18811557,3754948,train
23855079,29100568,train
23859280,9808458,train
24992683,35558078,train
27287372,2350311,train
29504717,29100568,train
29658021,16104,train
36341389,59333822,train
38609434,293483235,train
38776786,22540706,train
39704,170510,train
689329,2446219,test
1690764,8925493,test
2653544,157795,test
6377384,1993978,train
10811465,6778614,train
11319227,252667130,test
13192944,73857837,train
16161688,415660,train
16688119,31429300,train
19874046,55952349,train
25491908,6778614,train
29012259,8925493,test
32222756,32625342,train
35569130,265057419,train
40256858,233522961,train
6403795,21090508,test
13995350,5822377,train
20556539,23262657,train
31990505,52720583,test
41129980,319093849,train
63657,170510,train
283272,524730,train
644575,15523,train
705749,3625735,test
13740704,20583125,train
28641288,63953718,train
39242516,102896902,train
40056966,178083627,test
2221852,12190039,train
8052046,21090508,test
21932693,43600815,test
27702778,46595030,train
37089268,21858284,train
250536,1313306,train
6269646,25915648,train
19923377,48081884,train
24287367,102896902,train
37490244,25915648,train
38401775,261228278,test
322604,1651591,train
373618,1879389,train
394026,1651591,train
541725,1879389,train
1063554,2873394,train
1415738,7628445,train
3303382,16683574,train
27840206,46595030,train
29333330,7389707,train
30406311,40305031,test
40800148,10478551,train
8241894,6865699,train
287481,1495502,train
2670522,233522961,train
26594677,46555645,test
30406899,40305031,test
33216433,70393914,train
41049086,319093849,train
4687730,529546,train
7741113,910884,train
7933400,40336543,train
8171965,40336543,train
8522756,44875359,train
9935737,51024536,train
15931762,51035062,test
15974141,45404805,train
21304935,154184894,train
21305125,154184894,train
26033190,16638733,train
29414633,221574115,train
30101694,4750332,test
31332746,221574115,train
32866480,1159268,train
34646398,1179779,train
35354567,265057419,train
37366431,281417951,test
38098392,261228278,test
40055504,178083627,test
45935439,1195585,train
46126012,369862593,train
640901,165045,train
640908,165045,train
24420139,165898555,train
40053751,146598678,train
7024342,36579485,train
13306156,36579485,train
20570327,145801588,train
23097802,142447586,test
24618397,29100568,train
30591478,228263278,train
45105690,14898658,train
6872,16104,train
470330,2333508,train
8612693,45308373,train
39004732,36905253,test
39528624,114590,train
40471744,72402868,test
42156779,65212,train
43081525,84988506,train
43140408,18924713,train
43325142,70342942,train
45876005,371914467,train
46201206,374212610,train
46338091,262270210,train
46485478,375996839,test
47536522,75177978,train
47901283,10041703,train
47926366,72972258,test
47975824,386744710,train
998086,2455259,train
35867923,258654859,test
36108714,212865,train
36453533,156768745,test
38563645,280444188,train
39387192,40686339,train
40075733,3910667,train
40239419,47666490,train
40492034,212433512,train
40774619,20368773,train
42116691,2087684,train
42364937,333872090,train
43608063,288766,test
43751821,58906262,train
45072830,5116451,train
45350372,6097120,train
45578483,368146547,test
46395035,335947189,train
46945288,379389286,train
47074917,326347749,train
47281460,381782081,train
47284969,5704732,train
48023872,326347749,train
47032821,273792762,train
214917,1109658,train
361803,1562039,train
484728,2396741,train
752202,3955766,train
1018181,234547360,test
1117706,2843987,train
1281257,2577135,test
1825949,9554965,train
2028272,4363412,train
2515634,12027050,train
3499016,17618198,train
6635985,34720872,train
7473909,14291580,train
7711899,40509550,train
7785582,11048791,test
10022144,10770088,train
12650991,709939,test
14274403,87041889,train
14296562,6543299,train
19719080,58753715,train
20558461,146823994,train
20978898,150965627,test
21829006,43490965,train
21951077,1620498,test
22151067,161743285,train
22956955,169587048,train
27674973,86574608,train
29907089,174976495,train
30348636,20444114,train
31040444,231846634,test
31219800,172226912,test
32419542,243466968,train
38602668,260353720,train
949713,1295416,train
1045511,5366337,train
2660576,13617520,train
10212862,2109282,train
16418497,53611405,train
16578780,31685194,test
20074372,142696105,train
20614820,75109,test
21051477,151018315,train
28338110,17260320,train
29967433,225313172,train
33853465,31289942,train
38998620,195039053,train
40658238,150022684,train
286838,1492339,train
814327,4279005,train
1404828,7581642,train
1763209,9268156,train
2589917,7597108,train
2677779,8083568,train
2772111,14176488,train
16528098,7244288,train
17411672,117742969,train
20439229,463061,train
22120170,161599491,train
26988903,1459377,train
30795983,106667600,test
36811139,276683878,train
819956,9269794,train
1716441,153494,train
4276618,1405217,test
4662784,21688465,test
8228217,43390488,train
13355757,75739500,train
15564955,437960,train
22276602,128560208,train
22789426,38638199,test
24635041,186178785,train
25885278,193497177,test
386555,773928,train
821135,4311243,train
1367775,7419960,train
4206034,18382740,train
7789152,1439611,train
11554255,60126047,test
12487909,66574216,train
17108395,114877351,train
19273509,4969033,train
21226783,9849167,train
24712037,25805476,test
26275024,22737802,train
28285795,46374641,train
3400739,17151343,train
5727093,29693386,train
6133150,31817441,train
15672772,2394687,train
18852048,108922928,test
799924,2291000,train
1048190,832244,train
1213745,6625516,train
3544828,17224426,train
15058410,95101238,test
16027606,104262874,train
18203651,649374,train
20511790,135337934,train
20818955,463061,train
21612193,67396790,train
21723666,158174749,test
24283298,105159,train
27927147,2702372,train
30450834,228622994,test
602070,2640845,test
16123943,104661811,train
27425265,147590647,train
30694693,202144863,train
189181,912541,test
190542,920542,train
278631,1132207,test
306702,1577493,train
599595,2965915,train
1354973,306394,test
2113934,10777592,test
2838331,14520064,train
10224832,10590166,train
10595000,16919131,train
15436800,67619393,train
16687716,14730722,train
20849101,149618690,train
21809773,138266252,test
22395320,2257005,test
23561980,2447827,train
26395296,198482796,test
32304790,12741400,train
3840541,19785817,train
4571518,23697064,train
4808505,24765924,train
8741020,45854238,test
10725897,52484783,train
13727995,579391,train
15133721,95936966,train
17716225,84548731,test
21558456,156758470,test
23667137,115151548,train
23839337,55302128,train
25313748,10106740,test
26260012,60275648,test
26528032,68285811,train
28494807,5970733,train
29364445,220479551,train
26954900,3935522,train
13389082,9679974,train
20674622,33204787,train
31445795,86322604,train
38437586,42291391,train
40681252,224047081,test
435909,2165401,train
1313768,7139147,train
6092535,17879321,train
14422308,23266322,train
16465524,40871485,train
7573430,6031454,train
17829947,81141009,train
18327453,5140287,train
6738524,35287916,test
8866669,2452616,train
21738540,158048189,train
21814906,6502688,test
24561311,17345576,train
25519328,66711742,test
28021392,211212649,train
28432725,5309991,train
12587102,1623346,train
12735969,2711820,train
13917029,616808,train
15192362,96335626,train
17023406,114178347,train
27423688,176043852,test
27487078,1353336,test
28400092,214329835,train
30106162,407922,train
31286946,88484548,train
36345151,273316025,train
37480039,282748938,train
40228702,20348679,train
40651511,313345726,train
386507,1934317,train
505029,2490471,train
4628804,23971734,train
7383380,4907734,train
7790911,16962694,test
9644961,7897771,train
13099377,43518492,train
13249444,226697,test
13316028,6459374,train
13424027,4991034,test
14050933,14235450,train
16244096,106197850,train
16272419,106405713,train
17666011,120245256,train
20164923,119260265,train
20649522,21227711,test
21053432,21891606,train
21879760,1377201,test
22205277,162261784,train
22530764,165448425,train
23053827,171107511,test
27579796,169567256,train
27693980,175182004,train
28581130,18887576,test
29295665,3053587,test
29844951,49946447,train
30324225,28613272,train
30561918,20992466,train
30763950,363717,test
33288760,1825325,train
40568096,37240458,train
41005066,262248507,train
200645,933378,train
237210,1243192,train
659443,1696802,test
850435,4441020,train
1242736,6016424,train
1614417,8369885,train
2071941,1468317,test
3789265,5680409,train
5136673,8118080,train
8085420,42700722,train
8234295,481603,train
8815120,46178050,train
9646874,1120455,test
9749603,19256647,train
9944320,19878684,train
9984143,51300628,train
12738047,21492250,train
13100373,38331104,train
13123883,18438941,test
13208365,65659872,train
13398406,76244490,train
13634496,28841406,train
13880280,19504744,train
14770256,42854068,train
14856763,4932876,train
15476794,99346083,train
18507671,5440952,train
18635370,91385196,test
19070571,39601665,train
19470068,787643,test
19712687,11989253,train
19945196,16567193,train
19950255,91002349,train
20639280,5137740,train
22245972,162554140,train
22309568,162546695,test
24945431,14176488,train
26949336,176971425,test
27056608,17322419,train
27732746,125177157,train
28223260,15717497,train
29463604,221920436,train
29877195,113274391,train
29906233,224874182,train
30507928,76767234,train
30741070,118839768,test
31172569,224126362,train
31212571,201112506,train
31439428,20445702,train
31853354,12470243,test
32929439,16237721,test
33442531,1682447,test
34087005,245960335,train
34593686,145333094,train
35416869,38363932,train
35505287,267113508,train
36565460,241568722,train
38377098,231846634,test
39633723,242393668,train
39772790,136941932,train
40516705,63918,train
40587039,82331771,train
40849947,14422667,train
40946280,126906679,test
41290557,265512187,train
41885402,154895657,train
42475642,109250819,test
43260130,29513739,train
43530040,122363368,train
45177648,321570691,test
45224342,141911070,train
45662259,369932593,train
45969988,51868061,train
47391657,380954242,train
47725812,24737199,test
47954773,386531387,train
47957504,10442977,train
11943,45445,train
283072,1474637,train
1898110,9520651,test
5672196,29408218,train
8402882,3687880,train
9393332,46467513,train
14120069,10975389,train
15548301,97521826,test
17943817,123102489,train
18442196,121419684,test
19236716,134672751,train
22280404,116411135,train
22945122,44695225,train
25943635,10304316,train
26747409,28413263,train
28070872,212047415,test
28733777,214119114,train
29338253,221022609,train
31234360,107930075,train
33677607,253814755,train
34890712,192890383,train
35304260,59392167,train
38464029,293262599,train
39869617,53071788,train
40488426,34508000,train
42404465,114351542,train
45899915,126131797,train
3889358,5591990,train
8400115,43768534,train
15861331,1260413,train
20580419,145878384,train
20827801,145878384,train
21713358,63749946,train
23780896,45845050,train
23839200,178303634,test
32127699,241035874,test
32847003,145878384,train
35975589,270631254,test
37254070,31524577,test
37748650,132777237,train
40335943,152075441,test
40425356,152075441,test
41921432,45845050,train
42034456,97824215,train
44628877,361207355,train
46121940,310588738,train
46676759,231633841,train
46900235,378257823,test
46900465,378257823,test
47545250,144484784,train
47586345,144484784,train
385657,1930204,train
982409,5378922,train
18824754,74697676,train
18934728,131848646,train
20832523,136104359,train
21213799,63417081,train
21802923,72466752,test
25213872,5789204,test
26557901,199702366,train
31564614,235548617,train
34579204,212874794,test
34686619,261654878,test
38212574,17658487,train
38389637,141847712,train
38996829,16137799,train
39447600,279051634,train
39483035,287944130,train
40798921,56771130,train
41267118,123977712,train
43148779,82594634,train
44110802,38732121,train
44414756,358632863,train
45721630,322776373,test
45757189,110179329,train
46081881,14564591,test
46171697,267272502,test
46237617,261375719,train
46237619,261375719,train
46239396,261375719,train
46604280,188641546,test
46710038,138373792,train
47163530,377827583,train
47427724,2480939,test
47848497,87770315,train
47985473,140936154,test
392948,312722,train
1240594,6762657,train
2124808,1395501,train
14300750,6762657,train
35874052,41434577,train
41027184,186985759,train
42734449,335186333,train
46780608,49567987,train
47498090,380446280,train
36696860,272824348,train
36872628,272824348,train
36875336,272824348,train
37937595,272824348,train
40349945,311874963,test
45216874,133602911,train
47720387,345626278,train
9120663,46471557,train
29234058,169808541,train
29356635,74468846,train
32185488,74468846,train
36943673,221863053,train
37360635,280929444,train
38854097,221863053,train
40281351,280929444,train
42180416,123977712,train
47290809,17607086,test
34320465,234274506,train
42280727,335186333,train
42280767,335186333,train
42475458,265620278,test
42504785,335186333,train
42530860,335186333,train
42530923,335186333,train
46996172,148120194,test
47846036,41437410,test
269283,1410714,train
826685,94669,train
1080839,3417321,train
2435198,12446529,train
3093469,7107807,train
4048043,10135,test
4071007,10135,test
6660518,34861728,train
9757875,34861728,train
11138823,57885474,train
13375642,1949282,test
14419516,3417321,train
15956780,103611863,train
23120142,133602911,train
24734680,186985759,train
26064779,94669,train
26663094,107579819,train
29531069,150316502,train
30003335,225530795,train
30198546,226832980,train
31106666,231150375,train
31127529,231150375,train
34020097,98978751,train
34063202,28336,train
38871574,225530795,train
42512787,13095310,test
42596580,17303651,train
43826411,17303651,train
43887651,42893832,train
44153992,16981867,test
45289135,76403325,train
45327468,37883321,train
46005283,17303651,train
46408851,17303651,train
47194380,17303651,train
47263798,17303651,train
47402591,17303651,train
47594446,17303651,train
105469,547386,train
1030254,1949282,test
12039579,34861728,train
18310427,63417081,train
18430588,63417081,train
18646075,63417081,train
20586405,51524470,train
20833958,145878384,train
23840461,63417081,train
25807815,63417081,train
26137379,196476281,train
34316644,145878384,train
35524274,267272502,test
38799098,267272502,test
43766248,267272502,test
43821239,267272502,test
43876282,547386,train
44034434,159910884,train
45787939,342088362,train
46530669,31497936,test
47075658,377827583,train
47856108,38663754,train
4772857,24597265,train
4772987,24597265,train
6480685,24597265,train
13771529,73717067,train
18924938,131910116,train
21295834,122920689,test
25503835,192464234,train
31445273,235548617,train
32492270,244082709,train
32492910,244082709,train
32493112,244082709,train
32493396,244082709,train
32493667,244082709,train
32494107,244082709,train
34542125,258243498,test
37282283,159598333,train
41598391,327961860,train
42795515,327961860,train
43123958,341908723,train
43131145,341908723,train
43174785,341908723,train
43174844,341908723,train
43211440,341908723,train
43211533,341908723,train
43211635,341908723,train
43211721,341908723,train
43211802,341908723,train
43251184,341908723,train
43251246,341908723,train
43251356,341908723,train
43251455,341908723,train
43251517,341908723,train
43251603,341908723,train
43251669,341908723,train
43251732,341908723,train
43251800,341908723,train
43251923,341908723,train
43252021,341908723,train
43388055,341908723,train
43803118,327961860,train
45283120,365226771,train
45743027,341908723,train
45743667,341908723,train
45743871,341908723,train
45744289,341908723,train
45744441,341908723,train
45744539,341908723,train
45744659,341908723,train
45744802,341908723,train
28206615,213049308,test
29165823,219785279,train
39299367,301722641,train
43621245,292219806,train
43624166,292219806,train
43624169,292219806,train
43624180,292219806,train
43624184,292219806,train
43624188,292219806,train
43624213,292219806,train
43624217,292219806,train
44026950,345033748,train
44058336,345033748,train
44179445,1997143,train
44488607,358356356,train
44488608,358356356,train
44685535,358356356,train
44685540,358356356,train
45089282,364012746,train
45401025,364012746,train
45524991,365226771,train
45776774,358356356,train
45863833,371795453,train
45876170,371795453,train
45894654,371795453,train
45894834,371795453,train
45907219,371795453,train
45907342,371795453,train
45952953,371795453,train
45953196,371795453,train
45954683,371795453,train
46006786,371795453,train
46006972,371795453,train
46066407,368147160,train
46066597,368147160,train
46067077,368147160,train
46067266,368147160,train
46067269,368147160,train
46119792,371795453,train
46120125,371795453,train
46120337,371795453,train
46155642,373968580,test
46156725,373968580,test
46156791,373968580,test
46396210,373968580,test
46396448,373968580,test
46396560,373968580,test
46813670,378137600,train
46813874,378137600,train
46813980,378137600,train
46814073,378137600,train
46814169,378137600,train
46814491,378137600,train
46814604,378137600,train
47091645,365226771,train
47091961,365226771,train
47092065,365226771,train
47094358,373968580,test
47094500,373968580,test
47094788,373968580,test
47843336,378137600,train
47843435,378137600,train
47843519,378137600,train
47911818,368147160,train
47911892,368147160,train
47911940,368147160,train
26055709,46201715,train
34032390,156505456,train
43569595,335920793,train
45175578,104639566,train
16621121,10283798,train
39517970,301720129,train
46120790,61778849,train
46733211,6739611,train
46754087,164357814,test
13157147,2708284,train
26026904,195517789,train
27658203,195517789,train
28641018,214923987,train
32183028,240237028,train
38519757,292048746,train
39507288,303512728,train
39554502,303512728,train
45286592,157589285,test
39415287,302726825,train
42789033,340801756,train
46947815,66250257,train
47478921,383257601,train
47755055,383498047,train
47799013,383498047,train
47844981,383498047,train
36323065,273177557,test
20440757,145878384,train
39732310,305387117,train
39741956,305387117,train
45721885,370601452,train
13620412,77765017,train
20999025,1137079,train
31624608,154302755,test
36906882,22010249,train
24632516,79322329,test
36593724,275061156,train
37879131,286908240,test
44641755,20933060,train
46318416,371789143,train
13902725,6034354,train
25346073,191389617,train
28532378,156505456,train
35409062,266505967,train
38879859,297673205,train
40330238,269045976,train
40339270,269045976,train
43907420,221284411,train
46620986,8429942,train
22238789,11455361,train
30676672,19759400,train
31144445,232778333,train
42955336,341887879,train
42962520,341887879,train
44955604,240237028,train
46923304,7053015,train
31619454,232778333,train
41800512,235317126,train
21839021,131476075,train
33873570,255787023,train
34172715,157728550,train
26756446,201203968,train
30314761,129158371,train
24891651,108302188,test
28032779,32092125,test
21471517,155923396,train
21471540,155923396,train
17810201,75234771,train
23000751,170603631,train
37243389,280387425,test
27960021,167636238,test
35315368,265888743,train
41175790,255787023,train
46245567,215702167,test
46488375,23108636,train
48030418,223719350,train
25828589,194012738,test
41248925,77823487,test
43150520,342873987,train
44048980,272265577,train
23712143,161081229,train
37251887,280387425,test
43339117,342873987,train
41395190,325570729,train
19999527,131697576,train
20333471,131697576,train
20395608,131697576,train
39331950,155297,test
40583366,299506499,train
6027345,2881,train
6385039,2881,train
18077560,4047395,train
19840640,140247828,train
20133468,131697576,train
23438247,174838471,train
27782948,20448671,train
29124172,219465297,train
30296768,73524680,train
30677434,21376704,train
31624832,154302755,test
31720275,208930169,train
35156995,264774047,train
35265786,265506523,train
38090117,289104248,train
39553540,182965966,train
41907518,45440805,test
44394390,332126165,train
32613384,139145066,test
38774525,260258030,test
41274329,324156441,train
44967361,20405437,train
45829244,370035324,train
45830666,370035324,train
47732467,308024906,train
47760392,384893286,train
26000019,195419830,train
28912358,41062475,train
42672172,339778197,train
23131011,127586030,train
42540646,20405437,train
46376066,128692351,train
24968926,22010249,train
28466730,214888995,train
39337910,17968481,test
21369232,12446529,train
30978824,22010249,train
34478311,3250169,test
42776253,20405437,train
46071828,157708079,train
5178,8967,test
854521,4463092,train
1696050,4463092,train
1983466,2777672,train
3905802,8524356,train
4403928,2558779,train
4927910,331579,train
5320325,27502008,train
7763869,40828217,train
10045548,61042,train
10886971,8261208,train
11457577,45033175,train
12434717,40828217,train
13003452,51086688,train
13920551,80974010,train
14161928,67826911,train
14195437,3250450,test
17593421,61042,train
20958738,75248463,train
21934202,16855791,train
23879685,1473900,test
25477608,192290899,train
25480524,95777134,train
26196660,196872053,train
27848695,61042,train
29023804,61042,train
29285414,9147223,train
29966514,225307360,test
30851988,111911758,train
32503099,3104336,train
33047652,161863161,train
33186696,145975067,train
33662914,9539170,test
34873255,25157246,test
35386161,9208470,test
35483061,2557904,train
35838750,23831257,train
35881328,45232769,train
37611866,729648,train
40003684,23787819,train
40491893,15687009,train
41243309,1451723,test
42045073,22003269,test
42198593,291554896,test
42289754,229853761,train
42981016,163855521,train
43515641,2613455,train
43945914,2613455,train
44633754,67251662,train
44917765,19312868,train
45008056,110855358,train
45098803,26714887,test
45162346,364248132,test
45274995,61042,train
45366933,8756595,train
45409781,20447869,train
45507972,70007560,train
45531339,3256433,train
45891693,3805240,train
45911932,17412395,train
46115358,44753370,train
46337588,357324197,train
46368704,2796151,train
46372575,234331642,train
46468503,54198006,test
46494201,941921,test
46568461,1168704,train
46645337,19070143,train
46712251,154458740,train
46779447,2409072,train
46967346,20447869,train
47009415,14875796,train
47056690,142225904,train
47068449,129513299,train
47115233,4520673,train
47267020,32332007,train
47310723,32332007,train
47330382,327033,train
47583643,312449013,test
47832108,60446033,train
47881240,74579365,test
47944133,2930761,train
48016986,74579365,test
48028125,175519061,train
26362,59734,train
270139,1093220,train
2138787,68428,test
3035621,15461030,train
5040653,19195540,test
10657403,25104068,train
18375815,127249880,train
18690466,127249880,train
19197983,14249332,train
23749862,20447869,train
29824401,224340103,test
32047800,9898029,train
38848670,2807987,train
41455681,1723406,test
47716158,369309284,train
80493,434987,train
277207,1447684,train
808618,4254417,test
1753671,4500999,train
2175827,909577,train
2365792,3388950,train
4352537,22595345,train
4396939,22827111,train
4645170,22827111,train
6225974,909577,train
8830825,40828217,train
9512372,4110869,test
13130744,73126926,train
14596236,81274648,test
15080267,8993084,train
16095115,62828813,test
16601518,26326392,train
20009122,117287,test
21560584,3949502,train
29124476,20825054,train
30095023,23787819,train
41086006,306295899,test
43819542,349860058,train
44853581,20583151,train
45029329,153919592,test
45594745,369268170,train
45939293,30680112,train
46332377,85108863,train
42882,185978,train
197753,964482,train
319798,9647066,train
450578,9647066,train
580323,2311767,train
824163,4317067,train
924600,4973668,train
1677887,8756595,train
1798500,310670,train
1970697,3388950,train
2213680,551055,train
3769052,3086826,train
3793161,3250450,test
4093399,310670,train
4174847,21663531,train
4520113,22880393,train
4926610,7537442,train
5094593,7801481,train
6357128,20156894,test
6598334,13106591,train
10256457,4681227,train
12325036,30848788,test
15733438,2908180,train
16368793,106634512,train
17495819,11968765,train
18625919,129396046,train
19650166,15049077,train
19744503,138003310,train
20440432,145872703,train
22153453,94514185,test
25288200,70007560,train
28188131,28840396,train
29903897,222581357,test
29904478,222581357,test
33833257,255448841,test
34897396,5524401,train
36134587,270983162,train
36599387,4110869,test
39139580,300216473,train
39153442,17844206,train
40067442,302151163,train
40095318,302151163,train
43414113,72746827,train
15385,60252,train
31994,137814,test
343276,1732559,train
753622,869880,train
785508,873273,train
1598328,8521063,test
1702581,5668786,test
2874695,164781,train
2895820,5454390,train
3758296,19240279,train
4751686,21247073,train
4885673,24943630,train
7561257,19914713,train
8736973,45837872,train
10731035,45033175,train
11210604,58388047,test
13231566,69545272,train
13876073,276207,train
17344027,42024722,test
17360353,42024722,test
21889698,15049077,train
26470810,6657574,train
31052742,8033432,train
33835470,255448841,test
34464505,8033432,train
38035698,61042,train
40846105,302101015,train
42590257,306300745,train
42815344,3850172,train
46080729,314314662,test
46758399,1103131,test
1051575,5245246,train
3945796,20447869,train
4813832,13486673,train
9150194,22489244,train
10409669,35421139,train
10650510,25104068,train
17809310,10714931,train
18117334,3388950,train
18791570,33583621,test
19577620,16652171,train
19675743,116482644,train
20323803,55260292,train
20994674,97118521,test
21768136,1568269,train
22382863,66837596,train
23669140,43264429,train
24077483,116482644,train
27133412,36444228,train
27786365,44469259,train
28959608,5085951,train
29331513,69545272,train
29356679,134170699,train
30283630,103615271,test
32986796,141547523,train
36906533,177846,train
37218076,243909277,test
40264373,302101015,train
41940305,172894027,train
44173645,729648,train
46087835,9482236,train
46779286,255526462,train
46834318,6689258,train
106363,551055,train
133025,653405,train
234870,1229984,test
318021,1632149,test
826764,4336760,test
933861,5025046,train
940116,1650330,train
1118031,6136511,test
1458987,7645338,train
3544533,17844434,train
4783614,3805240,train
4820897,177846,train
6071870,21940966,train
6686165,34995566,train
9510385,49279577,train
13563835,1571120,train
13842204,2265770,train
14420353,6136511,test
14696542,91147323,train
15038469,62587696,train
15732778,3398280,train
15846039,46382885,train
16405036,3894843,train
16613747,29096,train
18888212,56265076,train
19075635,20841092,train
24041631,23831257,train
25309799,4520673,train
29904305,222581357,test
31748955,200927536,test
32697000,228184534,train
32886967,203890641,train
34907049,75034279,train
35408266,266502082,train
35601334,5971264,test
36338430,10184022,train
37797378,82390466,train
37931944,15802031,train
38703805,5341818,train
38755516,87399999,test
39036581,5341818,train
39332857,302101015,train
39446832,566838,train
39790114,15336136,test
40070974,45935367,train
40259466,8467307,train
40397243,302151163,train
40399598,302101015,train
40915004,302151163,train
40982776,105516835,train
42002119,255526462,train
42648486,53201506,train
42711037,340212196,train
43340840,28648021,train
43774160,349860058,train
44116587,26343039,train
44118632,60822395,train
45825621,5803740,train
47310731,369268170,train
47440981,170342953,train
17693,68428,test
29628,127608,train
31130,117287,test
57874,276291,test
3659544,12327430,test
4846449,6486116,test
7860155,24559181,train
8712309,22577148,train
11371773,22577148,train
14089808,29170051,train
15817291,102383709,train
17342599,5334697,test
17938337,96841679,train
24525886,22577148,train
26249544,22577148,train
26470880,6657574,train
26846867,69527,train
27468927,206778021,train
27488806,206778021,train
27631066,201893998,train
32747955,203890641,train
35521170,254015746,train
41157914,322460407,train
41377652,306295899,test
41902902,32696750,train
42097533,306300745,train
43779536,161863161,train
45216079,112273279,train
45923055,10287553,train
47483640,267753974,train
39282,168525,train
45556,67778,train
170761,67778,train
195989,611716,train
213330,800223,train
467866,2321870,train
740754,3876092,train
773993,4083654,train
825545,872805,train
846871,3179895,train
1255828,5561816,train
2164135,1470471,train
2791758,2637408,train
3415455,4345336,train
3534137,7157099,train
4455094,13541655,train
4799839,5999440,train
6005231,31175000,train
7141549,16396714,train
7319791,19195540,test
7603716,10831168,train
7622042,35743318,train
7629972,16929791,train
8055859,14019268,train
10612564,54763152,train
10710179,45085848,train
12622845,14498263,test
12759453,48671504,train
13014556,23269902,train
15605295,24346282,train
15720498,25685076,train
15734793,101653570,train
16004776,7051379,train
18565588,7157099,train
18869692,1750299,train
21263728,16977462,train
21503589,50332029,train
22065495,43960739,train
23322737,169589888,train
24541899,52525653,train
24871506,3480784,train
25804970,11280566,train
26084019,12672756,train
26441519,16865342,train
26741585,62587696,train
27204768,4356698,train
28934813,13835811,test
29149612,21030441,train
29804246,42676520,test
30776023,18091877,train
33644836,76628403,test
33854066,255448841,test
36735401,120622978,train
36843563,276865574,train
36906470,110855358,train
37178651,65276063,train
38063818,148145129,test
39326265,36308476,test
39990298,219931262,train
40680003,107243,train
40728239,58882459,train
41874568,4701662,test
41901969,18348487,test
42333605,44781865,train
42986989,306576465,train
43778304,163855521,train
43847664,315563761,test
44116254,26343039,train
45313269,39836180,train
45423628,139484429,train
45591729,119050711,train
45656925,185446,train
45701998,4522418,train
45875179,371910373,train
46007228,224314967,test
46375709,17266991,train
46799074,25282898,train
6990,16800,train
1167269,210899,test
5058359,7635592,train
6329973,31626212,test
9720768,31626212,test
10732197,22774265,train
12025968,63403077,test
13894813,31626212,test
15816930,9439324,train
19830008,139942077,train
20358562,26326392,train
20982257,75248463,train
21948571,107953084,train
22058586,107953084,train
22343079,107953084,train
23508002,10458800,train
24065649,110718793,test
25319356,191229616,train
25457583,191229616,train
26947761,190921808,train
27220502,190921808,train
29317721,219784095,train
29881973,223715716,train
31511086,144006321,train
32527460,224340103,test
32552611,47518086,train
34643618,109847539,train
35766933,94214493,train
37567461,1386983,train
37568348,1386983,train
38218194,190921808,train
43061729,59985129,train
43163750,20539689,test
43300250,325616993,test
47613,216191,train
115535,567187,test
173151,826459,train
248966,1304390,train
342995,1740216,train
386744,1935291,train
668691,3363720,train
864981,1650330,train
1001147,3363720,train
1114493,265152,train
1278784,6959061,train
1358963,6776157,train
1907058,9898029,train
1929041,9265204,train
2171821,11079245,train
2526152,11825464,train
2649068,13561853,train
4163781,1401835,test
4838271,1304390,train
5352301,27741331,train
5593725,29003805,train
5747706,3538661,train
5831012,1409854,train
6181131,32060911,train
6504972,5785497,train
7038801,36907706,train
7455604,39046995,test
8210423,19477617,train
8624104,45293333,test
8974316,4154037,train
9111254,10040649,train
9571665,1401835,test
9720809,31626212,test
10488146,2355573,train
11371535,55618434,train
11524437,21937063,train
12686241,30848788,test
12751037,69355658,train
12866207,65109990,train
12984848,183504,train
13075158,1516947,train
13248583,3097033,train
13477342,25461543,train
13808262,177922,test
14450268,65109990,train
15234773,69355658,train
15311154,40317143,test
15854548,1939376,train
16300644,22919533,test
16454200,40317143,test
17025412,580624,test
17037199,473063,train
17095925,9439324,train
17333015,2653648,train
17396669,52132241,train
18291430,18692297,train
18291740,2308459,train
19568889,137512725,test
20048283,57873991,train
20437233,1939209,train
20830442,1939209,train
20844580,35474485,train
21356378,9439324,train
21701158,28831479,test
22125701,11769840,train
23035874,13126043,train
24505183,20110967,train
24743196,130074377,test
24962971,27493716,test
25342124,7249636,train
25775969,18886157,train
25810632,190921808,train
26331103,32060911,train
27781833,134170699,train
27903031,7580102,train
28340606,696141,train
30981877,231474021,test
31758231,971075,test
33168074,77393311,train
34002121,256743247,train
34142893,18886157,train
34369689,256743247,train
34467399,27493716,test
35684442,1100494,train
36607171,11240000,train
39036790,5341818,train
39879250,23772724,train
40510964,86957449,train
41585641,43542075,train
43108992,137358866,train
43127075,251188628,train
43354537,13106591,train
43420677,764093,train
45251062,81959456,train
45504529,1401835,test
46584138,68335750,train
10452,35935,test
65200,318729,train
401039,2001830,train
478053,2368753,train
506575,2001830,train
645693,3233986,train
754353,3250450,test
794567,4103779,train
818481,4299040,train
818518,4299040,train
819893,4299040,train
1036498,3233986,train
1511303,1354796,train
4436944,21841949,test
6094046,31626212,test
6965529,2001830,train
16331974,2782,train
16636214,109908957,train
18891508,9898029,train
19459082,90429772,test
25748111,110718793,test
26414834,190921808,train
29848317,190921808,train
39003307,46400748,train
151478,216191,train
773041,3684360,test
3730612,18944521,train
4264049,3250450,test
5125575,164781,train
14595903,65109990,train
25610763,190921808,train
30821860,13126043,train
44104534,74410137,train
29013,35935,test
526942,2205455,test
865355,4543792,train
1161817,327033,train
1700471,8289663,train
2896760,3339701,train
2976105,3259274,train
3364682,16978120,train
6090186,3250450,test
9299164,3250450,test
9313531,10387090,train
9839532,11303788,test
10368714,53369750,train
10619623,39046995,test
12856992,15445748,train
12914082,8255336,train
15662010,39605842,train
16965972,100672521,train
17438573,114548258,test
18821462,2782,train
20708503,148242106,train
21107539,48985309,train
22355505,29003805,train
25681692,190921808,train
25860068,23827868,train
26072801,4520673,train
26132476,190921808,train
26355142,190921808,train
26894548,190921808,train
26895469,190921808,train
28313685,190921808,train
29611144,190921808,train
30121473,2356449,train
30940484,228808159,train
31036903,66135171,train
31117963,36576835,train
35348521,23827868,train
37245813,10387090,train
37487968,270284224,train
37975161,142286636,train
38209884,19312868,train
38756007,3363720,train
38909595,10387090,train
39226961,298198884,train
40660322,26326392,train
40696801,18065375,train
41751419,74579365,test
42788958,23772724,train
42804241,6549433,train
42835766,13325584,train
43677661,11825464,train
44748567,25766360,train
45167846,70154608,test
46154847,154396250,test
46155030,154396250,test
46155177,154396250,test
46396306,163080814,test
46397259,154396250,test
46397391,154396250,test
46397501,154396250,test
46397667,844862,train
46414474,97167117,test
47213764,4299040,train
47327417,235317141,train
47709082,77393311,train
47768707,753766,train
47857299,31311577,train
44273961,305240193,train
44853019,305240193,train
44033814,305240193,train
44261042,305240193,train
45479945,305240193,train
45481851,305240193,train
45493727,305240193,train
45494313,305240193,train
45523134,305240193,train
47371053,305240193,train
47918206,305240193,train
47934597,305240193,train
47934727,305240193,train
47946458,305240193,train
47947316,305240193,train
47947713,305240193,train
47950235,305240193,train
47950821,305240193,train
47951043,305240193,train
47951403,305240193,train
45493259,305240193,train
45874322,305240193,train
46098430,305240193,train
47304624,305240193,train
47306047,305240193,train
44242856,305240193,train
44243933,305240193,train
44244039,305240193,train
44244569,305240193,train
44247518,305240193,train
44260862,305240193,train
44261212,305240193,train
44261336,305240193,train
44261424,305240193,train
44261517,305240193,train
44677484,305240193,train
44737910,305240193,train
45096940,305240193,train
45172689,305240193,train
45286583,305240193,train
45309651,305240193,train
45323755,305240193,train
45327718,305240193,train
45329724,305240193,train
45329984,305240193,train
45341661,305240193,train
45347009,305240193,train
45347481,305240193,train
45358293,305240193,train
45359746,305240193,train
45375686,305240193,train
45415498,305240193,train
45415554,305240193,train
45415996,305240193,train
45417211,305240193,train
45429765,305240193,train
45430375,305240193,train
45431952,305240193,train
45476271,305240193,train
45476874,305240193,train
45477103,305240193,train
45478780,305240193,train
45479800,305240193,train
45480770,305240193,train
45481247,305240193,train
45481597,305240193,train
45482136,305240193,train
45489654,305240193,train
45490065,305240193,train
45490192,305240193,train
45490646,305240193,train
45490809,305240193,train
45491017,305240193,train
45491075,305240193,train
45491400,305240193,train
45491520,305240193,train
45491670,305240193,train
45493578,305240193,train
45494041,305240193,train
45494124,305240193,train
45521769,305240193,train
45522066,305240193,train
45522628,305240193,train
45522807,305240193,train
45523220,305240193,train
45524205,305240193,train
45524543,305240193,train
45524692,305240193,train
45524875,305240193,train
45525341,305240193,train
45526083,305240193,train
45529479,305240193,train
45529501,305240193,train
45615147,305240193,train
45617766,305240193,train
45695403,305240193,train
45695920,305240193,train
45730924,305240193,train
45734407,305240193,train
45873996,305240193,train
45904127,305240193,train
45904558,305240193,train
45904666,305240193,train
45905061,305240193,train
46098256,305240193,train
46192495,305240193,train
46192611,305240193,train
46193363,305240193,train
46210157,305240193,train
46229870,305240193,train
46502855,305240193,train
46503265,305240193,train
46504016,305240193,train
46540476,305240193,train
46630361,305240193,train
46671066,305240193,train
46671976,305240193,train
46720652,305240193,train
46720855,305240193,train
46768899,305240193,train
46769060,305240193,train
46791050,305240193,train
46846062,305240193,train
46849273,305240193,train
46849410,305240193,train
46958961,305240193,train
47021215,305240193,train
47022846,305240193,train
47026500,305240193,train
47062589,305240193,train
47304404,305240193,train
47304757,305240193,train
47305871,305240193,train
47307149,305240193,train
47324229,305240193,train
47371515,305240193,train
47555590,305240193,train
47557114,305240193,train
47573315,305240193,train
47762382,305240193,train
47762615,305240193,train
47811977,305240193,train
47814460,305240193,train
47824233,305240193,train
47881292,305240193,train
47881524,305240193,train
47881888,305240193,train
47882038,305240193,train
47882561,305240193,train
48038944,305240193,train
48039640,305240193,train
48039776,305240193,train
449130,2229582,train
9178165,527811,train
15445990,99067861,train
21730735,156948703,test
23268810,145252418,train
23713825,145252418,train
29102760,219333557,train
40373080,2495677,test
40804069,99067861,train
40804199,99067861,train
44318901,99067861,train
44319306,99067861,train
44319518,99067861,train
44319922,99067861,train
44322005,99067861,train
44322565,99067861,train
44322862,99067861,train
44331081,99067861,train
44331176,99067861,train
44331497,99067861,train
44335848,99067861,train
44335986,99067861,train
44336693,99067861,train
44336829,99067861,train
44349637,99067861,train
44349838,99067861,train
44350047,99067861,train
44350153,99067861,train
44352677,99067861,train
44354250,99067861,train
44354297,99067861,train
45249708,99067861,train
45282426,99067861,train
45286970,99067861,train
45360752,99067861,train
45360824,99067861,train
46154060,373960546,train
46871546,99067861,train
46872715,99067861,train
47883315,385977333,train
16870827,79089979,train
22381052,97127885,train
343971,10609846,train
1186153,6486116,test
2969919,15153596,train
3286369,16608415,train
6037761,7256281,test
8646618,10164435,train
9996642,50865592,train
21568187,131476075,train
21581545,156948703,test
22019218,131476075,train
22020298,131476075,train
23340718,131476075,train
28438751,10164435,train
29585551,131476075,train
30590921,16608415,train
44322429,99067861,train
44322496,99067861,train
44322678,99067861,train
44322783,99067861,train
44322959,99067861,train
44323068,99067861,train
44330956,99067861,train
44334633,99067861,train
44336350,99067861,train
44351990,99067861,train
44352214,99067861,train
44352835,99067861,train
44355066,99067861,train
45114570,99067861,train
45713452,322309301,train
47421915,16608415,train
82549,448312,train
506121,2267153,train
975250,3709510,train
4514042,3709510,train
20581823,82889379,train
22000255,157728550,train
22588755,53821850,train
23105516,82889379,train
23666777,82889379,train
25424961,2695451,train
34172085,257993786,train
38214006,221863053,train
39560496,301720129,train
40496135,68337710,train
40570292,79589716,train
41490532,82889379,train
42527345,212058279,train
42656919,339827309,train
42686626,187822288,train
43998612,150439529,test
44534901,11308947,test
45739388,80465615,train
45791537,114548258,test
46085161,57904883,train
46512888,266554612,train
47295606,373960546,train
47470716,15628575,train
2557654,13094498,train
10023629,13056751,train
13536155,36815239,train
21204890,61678511,train
24260404,182940016,train
24380012,73592174,train
24733275,127764617,train
30441211,7384820,train
32167255,6883576,train
38372835,75234771,train
39316522,135960773,train
40538201,100101676,test
42076859,28211968,train
44262107,237277331,train
44510943,205072,train
45876866,66811488,train
46146726,373909716,train
46876144,80710087,train
47364005,254487827,train
47466047,349078564,test
47952834,288649616,train
47958422,205884878,test
14686954,40711894,train
16533105,64471880,train
19163361,132559039,train
19845074,2409072,train
20356917,145199414,train
27851725,207381757,train
28462811,214859918,train
30252034,227179489,test
31214365,151839190,train
32501003,14804867,test
34685343,16597509,train
35464315,14717052,test
37055580,227179489,test
37751852,21157951,train
38696509,144006321,train
38724583,260258030,test
40673058,5381854,train
43700282,349059281,train
43767517,349059281,train
44360566,357899706,test
44699634,349059281,train
45314567,300008606,train
45525699,60134224,train
46038559,373077389,train
46153683,369268170,train
46876905,69209117,train
47050226,48818476,train
47098169,138986561,train
47203801,20828468,train
47220865,140830211,train
47433367,40385488,train
47979478,44646692,train
48029152,383257601,train
39586,12220,train
18076911,44924379,train
18091187,124593127,train
28314777,44924379,train
34253845,258243498,test
36082249,253753123,train
40374289,2495677,test
41081159,321218182,train
41886368,329342616,train
42380644,11308947,test
43382836,339436944,train
43647359,348537782,train
43742522,191924030,train
44050155,272265577,train
44352352,99067861,train
44352969,99067861,train
45091165,221913542,train
45713779,322309301,train
46154815,373960546,train
46872213,99067861,train
24656201,25479861,test
44330769,99067861,train
44335716,99067861,train
44353268,99067861,train
44353408,99067861,train
46768940,92183983,test
46836711,185559439,test
46992738,74160727,train
47140630,18818175,train
47179166,381095752,test
47975240,251122605,train
476983,277379,train
6977204,687062,train
20503833,16441670,test
23628745,176809727,train
42687425,340044972,train
44557918,221913542,train
45057269,310205815,train
3798941,6642777,train
5999786,4714927,train
10167436,8515724,test
15447090,96996010,test
28054901,29953329,train
29075468,58658843,train
32292954,219333557,train
34176788,258035043,train
39135437,48872790,test
43414727,344531954,test
43414928,344531954,test
43947035,99784183,test
45065816,310205815,train
45143467,10393341,test
47029991,379993600,train
656281,3180741,train
1091840,4714927,train
7837816,19483885,train
8753832,21180442,train
13788132,19483885,train
16039453,86887132,train
20156382,143431362,train
21646774,156948703,test
24756139,1805238,train
27088254,3191371,train
29184626,89680730,test
30465758,566838,train
31116747,212729984,train
32401290,125408735,test
34389896,258035043,train
34403759,50052968,test
34516874,50052968,test
45528699,244643129,train
47363161,107455086,train
47444478,260821048,train
2977232,15185319,train
4108547,21315876,test
4120122,21373495,train
8458966,24559181,train
9945515,8515724,test
16855055,283944,train
18496331,21680683,test
21593310,156948703,test
39253388,45314325,train
43198881,314314662,test
44560332,41976199,train
45529249,100299938,train
47446558,260821048,train
501693,1490833,test
888905,4714927,train
938022,1866827,train
975965,2267153,train
992508,4714927,train
14918238,93743081,train
18970683,131476075,train
20796595,145872703,train
29075705,58658843,train
31007110,41976199,train
36311866,256634262,train
37392386,281818786,train
45066000,310205815,train
5370580,12621774,train
13788789,36753279,test
20624427,128227275,train
40619768,235317126,train
58059,277379,train
94035,35375,test
1217318,6642777,train
1356710,4783987,train
5881122,22087408,train
7858468,8552927,test
12265378,22087408,train
14108870,1805238,train
14892623,93441980,train
17843852,4491033,train
21384768,154629695,test
23219660,172703338,train
24774169,187312110,test
29575293,41704832,test
31760509,219505617,train
39590947,240065384,train
39729652,45314325,train
40374871,2495677,test
40753933,154629695,test
41568190,123063094,train
41884444,46769223,train
42693815,187822288,train
45085210,99784183,test
45138779,305090694,train
47100085,133197429,train
2546363,13037911,train
20353880,17414475,train
20577974,29546670,train
31141189,3744921,train
32084640,18209807,train
35196620,44793924,train
37367429,281570573,train
38871661,297673205,train
43713731,28105594,train
43843123,334495442,train
44048997,14935858,train
44151723,179017459,train
44419710,221913542,train
44419821,221913542,train
45528507,244643129,train
45608951,99784183,test
45650739,244643129,train
45714231,322309301,train
45864124,12256524,train
47177024,244643129,train
47447034,260821048,train
45675055,370035324,train
47003671,379979324,test
47452539,70164346,train
47735334,26056266,train
47834713,260104568,test
47901374,270554496,train
47978572,72306726,train
47994171,72306726,train
29518083,222285897,train
29616041,222285897,train
29626682,222285897,train
38774455,260258030,test
46024391,151238818,train
46308374,8058506,train
46803736,109393662,train
47019342,380088614,test
47394485,60908748,train
21956264,110346058,train
24973698,2424887,test
38839819,80789850,train
40986210,319642149,train
44353711,20405437,train
10142499,38260715,test
20641534,60908748,train
38774302,260258030,test
39485602,303319010,train
23718065,177761074,train
24921526,79651295,test
46729355,36978567,test
18895016,131671508,train
334781,547177,test
587698,807642,train
2519112,9372538,train
12054723,64561100,train
15338155,22534244,train
16226066,29314677,train
16735801,64471880,train
29367388,17272284,train
30231632,72614493,test
31001961,42676520,test
33005220,248404100,train
34805487,261854722,train
35341842,63866600,train
35948933,270414511,train
39173028,169899040,train
40928652,37273608,train
42763301,340566604,train
43612639,347884942,train
44943497,346071342,train
45410050,360573155,test
46027406,373077389,train
47226357,70164346,train
47236935,70164346,train
47452604,259775791,train
47453334,70164346,train
47714154,384379238,train
1072481,5479559,test
1733054,8072802,test
2478933,1761578,train
6808818,23582893,train
7381038,16283468,train
8033609,33213436,train
9133278,25459,train
9788114,785524,train
9824463,50600973,test
10316551,33213436,train
10403922,33213436,train
10460113,16480700,train
12558745,50600973,test
13864551,4396,test
16224408,1354727,test
17018418,19655868,test
17157615,115395049,train
17239021,115395049,train
17255880,48076117,train
17321243,116871769,train
19051760,132983866,train
20257840,60293337,train
20286744,48076117,train
20933293,150489232,train
21551829,25414207,test
22431685,25414207,test
22764944,119847900,train
23061070,49831860,train
23790556,178520748,test
24267706,21074914,train
24438437,53781263,train
26044120,22717007,train
26334022,197334240,test
28367520,214171931,train
28559951,67395042,test
29990344,58069820,train
30263903,105878573,train
30264393,105878573,train
30264512,105878573,train
30348707,144687306,train
32409454,243367528,train
32726808,219727469,train
35648435,244116720,train
35744019,244116720,train
36281984,45909314,train
37330212,11176733,train
37776645,148599649,test
37881656,286945536,test
38301886,200228248,train
38694964,154763419,train
40135189,272577561,train
40563519,244116720,train
40666703,156255637,train
40859415,281378067,train
40969708,5166944,train
41156388,313593475,train
41241319,201174295,test
41295300,295247374,test
41528332,210045569,test
41871034,331103994,train
43743098,11294487,test
44051027,353024400,test
44539527,316441343,train
44539669,316441343,train
45103929,21074914,train
45283030,365937479,test
45397895,365937479,test
45397995,365937479,test
45450862,219727469,train
45492621,7590917,test
45519132,223087887,test
45528803,367540536,train
45654669,369068358,train
45658513,369068358,train
45658676,369068358,train
45658858,369068358,train
45658903,369068358,train
45767156,366142747,train
45767271,366142747,train
45767373,366142747,train
45813166,250263013,train
45849522,370226816,train
45913426,157023321,train
46041175,58631218,train
46070050,215530555,train
46083002,143806301,train
46136450,315541782,train
46137635,315541782,train
46143744,373663601,train
46176822,370226816,train
46214001,374176626,train
46236159,97829009,train
46273660,209166278,train
46273902,367540536,train
46275221,367540536,train
46275856,367540536,train
46353685,258589420,train
46354747,258589420,train
46355042,258589420,train
46435199,41859649,train
46449777,365464548,train
46449905,365464548,train
46450206,365464548,train
46543084,53725579,train
46689579,365464548,train
46777442,378015918,train
46814801,378251212,test
46939606,1761578,train
46975030,15569250,train
47117263,358365773,train
47310422,85170644,train
47731102,365464548,train
47759531,365464548,train
47759589,365464548,train
47759614,365464548,train
47759652,365464548,train
47942606,300749063,train
47961624,315541782,train
18988028,131211034,train
20573503,78915080,test
27896043,129864476,test
29155787,21686560,train
41489380,126494299,train
41798372,78915080,test
16821,4396,test
24122725,181711840,train
26004876,181711840,train
29106572,30656279,train
33428571,6080376,train
35161717,4765305,train
38552103,286945536,test
40515280,313674495,train
44568305,162021372,train
45152718,60209389,train
45708866,83652071,train
45777617,349366997,train
46216599,370226816,train
46277155,363396433,train
46316803,287254825,train
46570242,376570687,test
46875662,378681615,train
47050584,36048090,train
47577248,160491843,train
22796888,164886138,test
24288869,25414207,test
32848199,246910562,train
34420814,219727469,train
36694785,275800186,train
37429729,282231279,train
38328882,200228248,train
39063796,180217886,train
41133767,71009894,train
41456307,71009894,train
42362637,11641958,train
44325546,310776840,train
45771388,371074363,test
46752602,219727469,train
46893345,76549046,train
46960191,76549046,train
46963995,226528206,train
47005475,226528206,train
21282152,25414207,test
22485685,180380802,train
32207083,57049951,test
41750769,192861009,train
42474755,192861009,train
45189535,364960386,train
45993800,372832765,test
46116505,372832765,test
46758269,264828066,train
47074652,288624351,train
47730620,373955746,test
47925069,382191358,train
47953022,368357950,train
47996588,382191358,train
60666,256161,train
296717,1530310,train
306799,1577961,test
464231,1530310,train
471914,2147438,train
635662,3033622,test
2033605,428210,train
2764516,2208993,train
2968070,14380456,train
4170460,21641206,train
5594787,12332259,train
7453537,344035,train
10446989,344035,train
10992671,21965282,test
11044453,57049951,test
14714894,3103656,train
14983453,57049951,test
19460197,30237517,train
22796694,164886138,test
23052180,9864136,train
23545346,168429942,train
24467654,21965282,test
24468390,21965282,test
25252458,147229558,train
26333121,197334240,test
26884320,141204556,train
26884369,141204556,train
27026175,203339760,train
28100877,203986261,train
30967230,164886138,test
31384819,147553350,train
31803649,10703290,train
32207090,57049951,test
32611115,141204556,train
34343028,259282634,test
39750172,165323807,train
41854595,49725054,train
41978193,144687306,train
43606277,113709,train
43780694,113709,train
43817787,113709,train
46688021,372832765,test
47781632,242178478,train
47848813,3223938,train
47859618,14072923,train
736187,3842134,train
2659732,3842134,train
20729133,31306976,train
20933850,144008701,test
21174445,42916011,train
21349548,144008701,test
25517407,1034976,train
25944038,195005674,train
27089541,144008701,test
28658731,216235179,train
28659894,216235179,train
28660068,216235179,train
28660377,216235179,train
28661332,216235179,train
28661542,216235179,train
28661704,216235179,train
29483290,216235179,train
29539167,216235179,train
30396100,216235179,train
31584244,157604475,test
36411822,273768652,train
37627072,284284013,train
38192341,280075270,train
38812088,214164524,test
39257912,239503360,train
42741138,239503360,train
45105856,141403278,train
45114802,141403278,train
46545598,143460,train
46877998,378700758,test
28659175,216235179,train
28661866,216235179,train
29540204,216235179,train
30395737,216235179,train
37798575,216235179,train
39126988,300045447,train
42955262,144986684,train
43204094,57777491,train
43739901,166286944,train
43759001,127633170,train
43769019,348756875,train
43859366,45865014,test
44040551,349366997,train
44234932,314462294,test
44357099,349656761,train
44357957,349656761,train
46048245,167550397,train
46157567,64652749,train
46450365,375788400,train
46602938,28313713,train
46729473,233931782,train
46876630,378689388,train
47024449,17630361,test
47360175,22815934,train
47387306,374378623,train
47787996,167550397,train
41576022,109913814,train
46225414,374378623,train
46494235,267836923,test
46821374,378295793,train
47472896,284284013,train
152259,256161,train
263190,1020539,test
267376,638721,train
292266,1513294,train
698298,1746432,train
2119582,638721,train
6896737,36138575,train
8069858,29896455,train
8388864,36688169,train
8440352,7137049,train
8764617,29896455,train
10268145,5123677,train
10387852,53477287,train
11452989,12531773,train
11673018,53477287,train
14228589,22926868,train
15114181,39300337,test
15114433,39300337,test
17122814,33675739,train
17430215,16960038,train
22531866,357117,train
28833807,1593922,train
29338559,4666670,train
30053410,225853788,test
35187772,128300825,train
35611743,7884872,train
38822413,170234326,test
40430042,6080376,train
40668464,90153911,train
42006235,13968825,train
43716361,240472978,test
44012767,236572440,train
44014809,236572440,train
44040169,236572440,train
44064984,99682393,train
45187777,3223938,train
45303002,2981156,train
45330164,316124235,train
45370387,3223938,train
45817766,346149267,test
45977309,3223938,train
46033360,3223938,train
46035568,3223938,train
46065989,3223938,train
46070318,3223938,train
46098057,3223938,train
46108000,3223938,train
46150727,3223938,train
46151252,3223938,train
46156111,3223938,train
46868917,3223938,train
46869849,3223938,train
46899354,3223938,train
46899528,3223938,train
46900329,3223938,train
46901954,3223938,train
47069111,3223938,train
47070240,3223938,train
47101654,3223938,train
47115606,3223938,train
47223694,3223938,train
47468531,3223938,train
47473722,3223938,train
47755393,3223938,train
47919864,3223938,train
47920050,3223938,train
1146534,6286114,test
1479113,176836,train
3832444,19239110,train
5037654,26005018,train
7037999,34546849,train
8082651,42691960,train
8752799,29412491,train
14085389,30656279,train
15663603,101131904,train
17223725,37163867,train
22102113,88547794,train
22175297,133785513,train
24313236,183423525,train
25776914,12219437,train
28068573,2453666,train
28960923,16878736,test
30247044,326465,test
30786375,690079,train
30984634,29301222,train
33582776,4765305,train
34912300,141169081,train
35064797,10445838,train
40839416,4765305,train
41023402,53966115,test
41263281,141169081,train
41823106,222987131,train
42869866,162796527,train
44999703,10102359,test
45286264,2981156,train
45384855,52705202,train
45532657,284862936,train
45765651,350354884,train
45850416,2453666,train
45881321,96659533,test
45893616,59784647,train
45974564,119920654,train
46070335,3223938,train
46117689,373742675,train
46211541,29857291,test
46337631,218467982,train
46563507,3223938,train
47369896,59225752,train
47392197,188969229,train
47426527,382859526,train
47848606,3223938,train
16338,63613,train
209310,1031148,test
423015,1530310,train
453317,1530310,train
1645772,8026393,train
2847652,3056690,train
6958652,33069475,train
7859630,33069475,train
10043483,10737943,train
13954583,37435755,train
15511681,10703290,train
18803064,126159726,train
20413811,145560149,train
20498653,146342086,train
21291783,50455642,train
21632527,157401742,train
22293398,33069475,train
32228971,1495355,train
32244500,64318524,train
38477712,146342086,train
39310492,214140850,train
39678849,234483148,train
40367448,3696506,train
42142264,334387379,train
43423896,344256042,test
43547178,165607672,test
47020805,1354727,test
47049216,379115231,train
47049221,379115231,train
25056252,189432700,test
35490736,2954749,train
42363145,11463317,train
44464973,167025338,train
45071306,100688981,train
46679248,367124043,test
46777145,378015918,train
46850752,366756020,train
47028656,379115231,train
47028811,379115231,train
47048741,379115231,train
47051234,379115231,train
47868878,325451328,train
47891349,7400077,train
763965,4027283,train
2028432,10243387,train
2069359,347642,test
5727850,29697292,train
9187379,1495355,train
13926463,74906838,train
18314397,94648262,train
19069305,10402380,train
19696674,10402380,train
23203149,143460,train
23307503,165607672,test
26897453,135093573,train
31324327,234483148,train
33917759,234483148,train
36025215,3103656,train
37714580,214140850,train
45191000,40642269,train
45575643,109544333,test
46081348,38801257,train
46086220,359638834,train
47574565,8159536,train
17524047,118695056,train
18086664,124554019,test
19071002,50600973,test
19121086,31920354,test
26225021,156255637,train
31900259,207913076,train
32734625,241390361,train
34966724,263451630,train
37723620,4192716,train
37905149,22103146,train
39670386,304887384,train
40093416,59820966,train
44142419,268110281,train
44142422,268110281,train
44199881,268110281,train
44206060,268110281,train
44206061,268110281,train
46725626,161885237,train
47997048,375204509,train
48013262,375204509,train
56859,256161,train
63320,303939,train
63913,312288,train
269404,1411399,test
329385,312288,train
567075,2789557,train
575061,2828813,train
747029,3920522,train
894063,1803302,train
1138727,6246766,train
2112142,10784618,train
3898625,13717740,test
4233006,21965282,test
4878737,21965282,test
5395679,27969560,train
5624616,20469855,test
6449718,33675739,train
9461669,29518662,train
9903230,20270407,test
10444139,344035,train
11146432,344035,train
14179829,31913440,train
14237346,344035,train
14522632,37435755,train
14593326,579412,train
14817571,90043913,train
14987023,344035,train
16471707,538300,train
16648338,110026778,train
17556480,6246766,train
19212489,133785513,train
22084265,21965282,test
22446479,128793815,train
22772279,2991287,train
24156237,5684621,train
24472398,96810536,test
25434447,147229558,train
25454559,118981855,train
28054495,78161900,test
28408760,110044619,train
28833297,131976173,train
29993540,4666670,train
30083825,1688742,test
31885300,96810536,test
34258341,258663772,train
36210603,270849897,train
36837802,39797939,train
36876668,82472659,test
38390957,292434893,train
38522305,112452087,train
38558695,112452087,train
39762313,170032114,test
39791692,7222649,train
40640771,49725054,train
41027618,320285681,train
41088435,4513827,test
41115505,320285681,train
41298356,2653479,train
41352623,2653479,train
41746849,49725054,train
42005015,13968825,train
42124437,25422856,train
42367900,161473951,train
43769713,349812592,train
44568434,31913440,train
45173392,62533391,train
45675747,320285681,train
46156055,320285681,train
46162945,320285681,train
46196273,186142168,train
46196944,186142168,train
46197120,186142168,train
46260648,320285681,train
46401062,58581532,test
46420537,58581532,test
46427335,319718536,train
46694827,2788934,train
47355350,181490923,train
47355655,181490923,train
47355750,181490923,train
47355838,181490923,train
47355954,181490923,train
47508688,10994664,train
47508919,10994664,train
47509022,10994664,train
47509205,10994664,train
47509388,10994664,train
47797374,186142168,train
47797586,186142168,train
15238740,17125263,test
28660257,216235179,train
29538751,216235179,train
29539744,216235179,train
31517652,16480700,train
41535925,327119460,test
42632218,216235179,train
44028914,352710338,train
44322248,357516214,train
45061615,133802988,test
45064372,347548987,train
45532727,203307016,train
46103014,344929418,train
46103590,344929418,train
46330180,344929418,train
46375010,375310869,train
46376143,375310869,train
46451790,375549800,test
46509769,375310869,train
21976472,151890853,train
41294234,324275419,train
42488076,16480700,train
42632022,216235179,train
43425903,16480700,train
45061833,133802988,test
40032089,216235179,train
43813894,350313177,train
43830517,350313177,train
44029269,352710338,train
44205788,133802988,test
44209078,133802988,test
45044454,133802988,test
45061206,133802988,test
45061610,133802988,test
45064401,347548987,train
45464463,352710338,train
45558124,347548987,train
45857972,347548987,train
45858278,347548987,train
46103389,344929418,train
46103591,344929418,train
46329086,352710338,train
46329282,352710338,train
46329627,352710338,train
46330073,344929418,train
46330473,344929418,train
46332356,344929418,train
46332592,344929418,train
46375201,375310869,train
46375340,375310869,train
46375613,375310869,train
46376008,375310869,train
46415385,375549800,test
46450849,375549800,test
46450940,375549800,test
46451547,375549800,test
46451618,375549800,test
46464010,375864182,train
46464534,375864182,train
46465542,375864182,train
46466832,375864182,train
46468212,375864182,train
46468368,375864182,train
46468564,375864182,train
46468955,375864182,train
46509919,375310869,train
46510094,375310869,train
46523618,375310869,train
46523772,375310869,train
46544487,375549800,test
46544694,375549800,test
46545393,375549800,test
46546833,375549800,test
46546954,375549800,test
46677269,377246343,train
46712828,377241586,train
46712960,377241586,train
46713122,377241586,train
46713266,377246343,train
46713387,377246343,train
46733181,347548987,train
46733289,347548987,train
46733377,347548987,train
46733472,347548987,train
46733568,347548987,train
46769308,377953444,test
46769586,377953444,test
46769923,377953444,test
46770063,377953444,test
46770183,377953444,test
46792928,345938275,train
46794620,377241586,train
46895108,375310869,train
47027289,377246343,train
47027546,377246343,train
47051552,377241586,train
47305738,377953444,test
47306327,377953444,test
47307240,377953444,test
47307425,377953444,test
47307584,377953444,test
47350031,344929418,train
47350231,344929418,train
47350352,344929418,train
47350479,344929418,train
47350623,344929418,train
47351666,377241586,train
47351813,377241586,train
47351957,377241586,train
47352390,377246343,train
47352536,377246343,train
47352694,377246343,train
47356101,133802988,test
47356207,133802988,test
47447782,377953444,test
47447956,377953444,test
47448131,377953444,test
47729839,377241586,train
47729971,377241586,train
47730053,377241586,train
47741092,375310869,train
47741507,375310869,train
47744769,384249346,test
47745572,384249346,test
47745620,384249346,test
47745677,384249346,test
47745719,384249346,test
47812760,375310869,train
47813124,375310869,train
47813429,375310869,train
47912079,375864182,train
47912175,375864182,train
47912257,375864182,train
47920449,133802988,test
47920566,133802988,test
47920618,133802988,test
48013547,384249346,test
48013649,384249346,test
48013712,384249346,test
48013785,384249346,test
5902510,30656279,train
6245521,9922972,test
6608666,34546849,train
7769782,40867860,train
9635607,49831860,train
10000070,51372003,train
10769752,51372003,train
13039122,50600973,test
18898808,50600973,test
21651023,38530455,test
22231453,128793815,train
22231557,128793815,train
22389035,25944182,train
22389296,25944182,train
23842721,12387523,train
24186775,17183013,train
25223269,960248,train
29081547,158407820,train
32136801,241088568,train
34368310,259468466,train
34722659,259468466,train
35700700,96659533,test
37447065,77341393,train
37970120,65133288,train
38475451,3103656,train
39259789,44463620,test
39487499,65133288,train
39562564,65133288,train
39658610,65133288,train
39727144,276610794,test
39831297,65133288,train
41605317,210045569,test
41613214,210045569,test
41839700,10703290,train
42519550,338680487,train
42558701,338680487,train
42558730,338680487,train
42670316,238940472,train
42982053,11787449,train
44098538,1489153,train
44121405,354500396,train
44621520,358612697,train
44999893,298214657,train
45321064,242829243,train
45505155,259426283,train
46490720,375909286,train
46493917,267836923,test
46992098,22189723,train
47746547,384715917,train
12740226,3038856,train
15259634,30499687,train
19550419,21496186,train
24601752,185908506,test
30562291,21496186,train
35448516,266726110,train
35456208,266726110,train
37941922,21496186,train
38234891,286724812,train
39890035,21496186,train
39946399,21496186,train
40528319,307784227,test
42470218,64334867,train
245544,1260921,train
248717,1269526,test
2189742,11167829,train
3116312,15835028,train
4053564,21020951,train
4130266,21020951,train
4296710,1260921,train
16523132,40146897,train
16662770,42682752,train
16712302,3507099,train
16965968,7181263,test
17137626,11167829,train
18390143,91167002,train
20761266,73066515,train
20981701,2015914,train
21981789,7181263,test
22631617,42682752,train
27439092,56338076,train
27697402,21020951,train
34255812,18405982,test
34516167,141426597,test
35448514,266726110,train
35451636,266726110,train
35451637,266726110,train
37203370,212976382,train
37348190,20338147,train
37710391,2497082,train
37710530,2497082,train
37858315,286724812,train
38216335,50760404,train
38287428,50760404,train
39273168,50760404,train
39529860,226691864,train
40181084,307784227,test
45251894,1269526,test
1913864,9745149,train
3779230,23193,train
9603803,23193,train
9944808,23193,train
13282284,42682752,train
14963404,7848317,train
15207725,96341353,train
15974364,92272,train
16341416,40146897,train
22568702,83284183,train
25725858,21020951,train
25727611,21020951,train
29712188,185908506,test
36693185,232782962,test
38212996,286724812,train
38977877,40146897,train
43357084,231870747,test
8472069,3826160,train
38226409,290467718,test
39701110,49481890,train
39868867,4311832,train
40916843,318765282,train
41006251,311607537,train
41933554,49481890,train
42851781,207204450,train
45514524,5551314,train
39256285,301357987,train
40826053,293165853,train
40872251,124771208,test
40896532,293165853,train
41772766,251724940,test
42133129,4136824,train
46358769,8584513,train
578267,1449904,train
762426,3799199,train
982276,1449904,train
11065884,45694734,train
30294304,37088780,train
33400105,33281057,train
34180340,181233778,test
36074873,15057355,train
37215278,280178314,train
38484365,2390711,train
38582724,154363,train
38728472,4128090,train
38817965,8859950,train
38837553,37909396,test
39033287,299131057,train
40028710,308723993,train
40154213,166920306,train
41228384,149725753,train
41625711,328312067,train
41688294,329091476,train
42095533,4008487,train
43600618,182375406,train
43640854,130953659,train
43988723,284896224,train
44378256,29697079,train
44448503,359075187,train
44449639,359075187,train
44531473,360195216,train
44994862,262349431,test
45314941,157438943,train
45530424,35874285,test
45633489,19476689,train
14469737,6955481,train
18753406,51459559,train
26916664,50116095,train
29780117,224056583,test
33778143,204733512,test
39389309,89439538,train
42494167,331521479,train
44338565,20118062,test
22087093,103345244,train
30511096,132784640,train
31313376,11223389,train
34684755,261427783,train
34839277,40085320,train
34841457,40085320,train
36772632,261427783,train
37076027,7244698,train
40537018,308789394,train
41865662,50116095,train
43509068,224056583,test
105790,548817,train
113265,314582,train
528485,17985,train
597668,2837163,train
683821,3447309,train
777097,2837163,train
841292,4393626,train
1292428,4393626,train
1466552,7112116,test
1578103,245881,train
2263265,9989761,test
2314930,8775010,train
2380403,1226950,train
2570488,153675,test
3208904,16257970,train
4707959,3997164,train
5195654,26877931,test
6384622,31752474,train
6461245,33607986,train
6462513,33750239,train
7264560,37362312,train
7969111,42050222,train
8011605,42295490,train
8190190,24378836,train
8269681,43601551,train
8569534,45100854,train
8687767,3856750,train
8845441,46323110,train
8894773,46323110,train
9033218,7252221,train
9575567,7252221,train
9607995,45100854,train
9716424,1226950,train
10540383,40221604,train
11334476,47515751,train
13215481,74112289,train
13220720,74112289,train
13328405,40221604,train
15206272,95572265,train
16363498,6842719,train
16783144,20600569,test
17299611,23919461,train
17860042,30494797,train
18076816,20600569,test
18348512,126984603,train
18795447,89071431,test
19455149,136431007,train
21460444,155810605,test
21864747,57291936,train
21968568,123354518,train
22262982,21577034,train
22496369,23719409,test
24306539,16257970,train
24331124,26877931,test
26294354,22899202,train
26304847,7217937,test
26489955,197400421,train
26659521,197400421,train
26984883,121771546,train
26985201,121771546,train
27610995,17278356,train
28911924,40245658,test
29921568,42295490,train
30060150,129902279,test
30255663,58344344,train
30591122,229469300,train
35043515,9880282,train
35467947,4107600,train
35860327,4107600,train
37886939,96379938,train
38645667,295225889,train
41227228,1970779,train
41509781,326684220,test
41720005,10981634,test
42121015,326684220,test
43802506,183950711,train
353317,314377,train
10233297,52590900,train
20390046,6059621,train
21473314,31154454,test
41589711,311186007,train
41713609,27903397,train
58467,279797,test
132661,651818,train
189135,179020,train
310272,1390555,train
311356,142147,train
449660,2233165,train
612936,3039868,train
880424,3549531,train
936218,5052897,train
1112070,350702,train
1180157,2559004,train
1221517,2559004,train
1386742,40100,train
1730937,9119678,test
1811446,9490594,test
2051675,4684532,test
2760968,14120733,train
3556615,17906693,train
3802218,19533769,test
3983469,8734291,train
4119763,10172703,train
4783437,186888,train
5694862,12419033,train
6598624,17382149,train
7547481,9646150,train
9155212,47661247,train
9238214,48016303,test
9798242,22247089,test
9895911,6513960,train
10071156,1146744,train
12110663,64948443,test
12386579,66961444,train
13064336,1412548,train
13171746,31154454,test
13186741,11345677,train
13238321,40976536,test
13795744,49294106,train
14036117,84071996,train
14163352,85669769,train
14609199,799082,train
14737992,91804427,train
15336596,77010815,train
16323461,20532489,train
17013623,114071959,train
18433038,127762325,train
18876580,131530387,train
20171179,141141822,train
20783233,30536963,train
21219737,48241662,train
23207570,166062680,train
23933041,14743478,train
25352456,90249125,test
28126356,3150568,train
28409473,109378554,train
28424657,214586580,train
30009701,188949327,train
31102513,8960308,train
31314273,6391001,train
31315296,84796432,test
31463005,212386638,train
32441769,10557160,test
33193795,16722828,train
33515760,855437,train
33944826,234956201,train
34622597,24482415,train
35166942,24952041,train
38049076,265422055,test
39083177,26072577,train
40015168,154872149,test
41259923,3850478,train
41595272,10930520,train
42364213,181160424,test
4456312,3551179,train
14672524,91194780,train
18076273,1753130,train
21126713,305933,test
23839890,151124394,test
31053535,2820776,train
34687192,183818356,train
34780437,105386434,test
38134055,15943307,train
24736896,186680487,test
26953879,2014051,test
40669571,314682730,train
44465889,296526015,train
16390233,107366016,test
19387438,135910220,train
9704,32045,train
426449,1755529,train
14763255,43585545,train
22345693,14805627,train
28644822,162974717,train
35650240,8518298,train
36942878,221250223,test
37297150,33198084,train
40092670,309358315,train
432090,2148881,train
818314,4298156,train
864790,4538664,train
953821,2203229,train
1407633,5976698,train
2071839,1939680,train
2331929,11910223,train
8817102,4430927,test
8884004,23788168,train
9425357,31985378,train
9542259,13778440,train
10293298,52954055,train
12831418,5961343,test
13193534,73864266,train
13980502,83333226,train
14195878,17218599,train
14316579,6992420,train
14383742,38457889,train
18959626,21706118,train
23610521,92905172,train
24946477,188494770,train
26029055,23985494,test
28438576,13413867,test
29631258,23788168,train
32767913,224033757,train
38329565,57928032,train
41052152,20391551,train
41280688,324218187,train
44415270,358650418,train
45880541,83040886,train
48033611,287782529,train
17367187,11196496,train
890794,4731046,train
19763459,81160897,train
34063821,78078053,train
35158573,59188298,train
38747811,72205340,test
38997568,298807154,train
41813488,19725098,train
45019195,363313245,train
27491393,207195903,train
1110195,6093878,train
1145134,585273,train
3216134,16288210,test
3931930,10175268,train
4423650,7183243,train
4830799,3677131,train
6437262,33605594,train
8849758,23270872,train
13107627,72542338,train
14252537,69093720,train
15565299,12126100,train
19264368,314115,train
21253893,22784412,train
21277719,153927396,test
25293702,110191144,train
27141455,6437627,train
27733195,35662746,train
28133914,137562994,train
30797115,48367358,test
31054045,93317715,test
31234496,9270510,train
35195180,126415353,train
41006120,46399563,train
235651,83257,test
1744709,2980990,test
6130145,29871437,train
16414081,3722715,test
17848627,122118705,train
20804915,12972780,train
22937557,6726656,train
26081052,5748117,train
27569888,146660704,test
28604793,215884830,train
30310156,212692495,train
761835,4015459,train
14694588,91381742,train
19162648,10015055,train
22190466,5751765,train
26035350,195667782,test
36602945,274792241,train
26893530,187008191,train
32090300,48112774,train
37974260,280477593,train
39272536,301502753,train
267435,1402454,train
298782,1539749,test
507393,1539749,test
1759526,104250,train
5402632,27927011,train
16529936,8366233,train
17980714,23354644,test
22753683,2493425,train
23273676,116976293,train
24717132,985635,train
26805201,6726656,train
31205946,52593429,test
34143050,257773717,test
34143463,257773717,test
35232123,265266813,train
35975325,3360618,train
38702827,279648327,test
38703384,279648327,test
38703932,279648327,test
38704132,279648327,test
39327039,301573494,train
42492197,6057513,train
42999903,337489786,train
43558333,55922753,train
43558653,55922753,train
43558836,55922753,train
43569876,55922753,train
44303641,23301337,train
45001418,263696378,train
46055575,102413571,train
47123395,55922753,train
195233,949221,test
195240,949221,test
723709,297176,train
1023529,5634395,test
1484031,6228539,test
3067062,5317082,train
5037892,6228539,test
5550788,1982425,train
9675064,49991005,train
10358108,53308963,train
10877492,56354908,train
12401233,29057249,test
12658099,68771036,test
13015322,53308963,train
17385564,40549648,train
18022545,40549648,train
18080436,55981584,train
18648243,128531725,test
21381489,14988482,train
21644783,26738513,train
22153412,14613015,train
23351120,2730883,train
25934111,132908616,train
29659322,223238601,test
31465817,132908616,train
32310285,9816503,train
33449997,9816503,train
34842741,21536998,train
39560637,38057138,train
40311232,26738513,train
43262156,239396147,train
44867899,41121817,train
45214982,364832332,train
45273031,910187,train
244649,1283659,train
11611289,5623376,train
33022743,28375704,train
35167554,264854526,test
40721125,95623010,train
42825533,11070120,test
42996746,24373587,test
43059052,256921611,train
43817495,258391290,train
44863960,362663936,test
45189861,77802074,train
45698496,154995528,train
46949546,29387731,test
1025786,5647813,train
1474752,2259113,train
4730371,6898927,train
20191216,143768763,train
37296583,279594397,train
3817304,6615826,train
4688209,15198359,train
19014000,34684348,train
19330704,134370506,train
21231068,18104303,train
21366268,66960766,train
23635601,18485718,train
24412104,91034542,train
24872073,19046961,train
28316936,80509710,train
87279,478136,train
228979,1190088,test
255637,1343814,test
648047,672510,train
660036,3330459,train
1165913,6385492,train
2141975,1580799,train
3757461,17465563,train
5615835,29106164,train
6185250,14588407,test
6269945,32583105,train
11014346,53051331,train
15040421,8048355,train
18984088,2511668,train
19087480,133308687,test
19766312,3118776,train
20955316,9856328,test
21908850,89332916,train
22811207,90064069,train
24515198,185189643,train
25894828,4131257,test
29729573,9632197,train
30288537,52424735,train
33097308,4401527,train
33908098,42483494,train
34717395,261857310,train
36874267,8147523,train
37213303,280163640,train
38538837,16319448,train
747159,3801683,test
1074107,811651,train
11961053,3752933,train
17316053,46334303,train
18979679,17118501,train
21223569,135320687,train
23808650,178675800,train
30936253,17875227,test
31075624,3722715,test
31809534,91355631,test
36076758,271391825,train
36238485,22157126,test
36424520,115415245,train
36523682,274591718,train
36554098,274792241,train
37780491,15637541,train
38048018,287433743,train
38183143,3752933,train
39035532,50686800,train
39157606,294986115,test
39671310,222302950,test
39771515,305725246,test
39920891,78277637,train
39969457,186975506,train
40292072,8924861,train
40483925,90832226,train
41316439,324619913,test
41718756,174215541,train
41840000,26321886,train
42750969,340471505,test
44864336,54897908,train
45418437,265488437,train
45422806,348200293,test
46068040,328859297,train
47977202,386760479,train
47985036,386760479,train
762015,3992566,train
2399434,3992566,train
2563611,1163315,train
3654510,7920086,train
4983264,25688822,test
5194812,23909946,test
6545310,3992566,train
9452887,23909946,test
13064386,23909946,test
14838160,20480059,train
20283433,7714461,train
21240760,7714461,train
21733545,3464645,train
23470849,22188,train
25798517,6726656,train
26185195,20480059,train
26687806,131522515,test
28585042,23354644,test
28881114,3464645,train
28893365,23354644,test
33010659,159369488,train
33424312,1192659,train
35968392,3360618,train
35975528,3360618,train
37430555,185495146,train
39861730,7714461,train
41983411,128316535,train
298759,1539749,test
483414,1539749,test
1729286,8366233,train
11444671,60163700,train
15043534,84607966,train
15043788,84607966,train
15043817,84607966,train
16352982,60163700,train
17482187,7275333,test
21803103,60163700,train
23598012,60163700,train
26939323,141362503,train
26939557,141362503,train
28613174,215884830,train
28614344,215884830,train
29312347,215884830,train
44485851,159811367,train
45356378,146345538,test
45356415,146345538,test
45356433,146345538,test
787593,1982425,train
16475935,23700673,train
21931508,19739033,train
22207975,162278789,test
22729678,40823628,train
22885310,103745233,train
29550259,222430446,train
31178588,107578852,test
32501820,191011879,test
38255411,101976083,train
42495527,15956611,train
42745937,2219255,train
45327920,29239547,train
439750,1566042,train
22282419,80824522,train
394111,1947974,train
1089542,663764,train
13216246,6531491,train
19448363,40823628,train
22184960,12454759,train
25517202,5342802,train
26774025,201315040,test
27023121,2878510,train
28680058,216375039,train
34617886,261016031,train
37528025,198522134,train
135393,663764,train
270231,1366310,train
4226098,21930989,test
12772942,4979093,train
16779548,24283455,test
21661235,5342802,train
22729984,116874533,test
23183557,40511631,train
24265177,182945752,train
28010820,2878510,train
29822259,2967674,train
33562789,56457959,test
36067108,271321622,test
8250925,7455706,train
13995561,83585937,train
14348580,60852834,train
15835247,7455706,train
21551817,83585937,train
23078769,103745233,train
28680576,216375039,train
34448753,116874533,test
34943129,55040763,test
267652,164675,train
519310,1366310,train
573612,2270624,train
1781697,1482208,test
2876055,5317082,train
4110645,21327210,train
4640515,56120055,train
7920072,10353278,train
12006770,14731964,train
15855646,5192686,train
16323227,23700673,train
21118650,145187951,test
22463977,21959207,test
29005507,2180581,train
29104593,218300830,train
29242564,93732420,train
29630907,32295097,train
30038245,6480134,test
30296168,3567433,train
32402997,237668552,train
32612264,489448,train
35235212,265288059,test
35235379,265288059,test
36078765,3567433,train
39255187,297679759,train
39560992,191422870,test
40559773,313387251,test
41538377,56120055,train
43603044,199301953,train
456526,2270183,train
929032,2420592,test
3507112,17658078,train
5286482,27371081,train
12737192,20557896,test
13276320,74823629,train
22335824,65144876,test
24834983,37274724,train
24939648,177156643,train
29863494,215956658,train
31177794,233066892,train
39823177,304541267,train
39887317,112902983,train
40922525,22852702,train
42049443,3561489,train
44343036,357740865,test
2461540,12587147,train
14968436,16686968,train
15511695,39837217,train
38526732,1327887,test
224004,1165231,test
525523,2582890,test
14324811,4131257,test
14421383,27001949,train
18124558,3084731,train
30229561,227021565,train
30694768,188050970,train
31920075,15977,train
33533601,243489304,train
36116045,95007110,train
41908637,27107891,train
45978766,3380011,train
54860,258164,train
100002,523218,test
2323502,3976338,train
3857863,19902271,train
7508560,39335488,train
8326389,43893277,train
9747682,4018726,test
11183878,20609201,train
12763721,69435907,train
13633299,6136799,test
17104272,23714657,train
22770831,15534068,test
26297402,57456594,train
33716043,254150644,train
34907354,246351353,train
36421287,203866020,test
38822938,297201707,train
44475465,215786346,train
1702731,5046311,test
1987371,1525582,train
2011692,2933058,test
3944625,20440955,train
5261913,27238076,train
17654611,105372357,train
22312190,52602009,train
22411635,11200970,train
28240916,20568490,train
28711792,865148,train
30426001,228437214,train
34042173,257053267,train
40680252,20639127,test
6989436,36644635,train
8511404,21180293,train
21635015,157406894,train
22793472,168416827,test
30905264,230961710,train
33226517,39823351,train
40468003,176008443,train
41802649,34238426,train
17747,68599,train
64314,314256,train
67397,332189,train
159913,759883,train
269889,1413098,train
364785,1842714,train
491123,2427868,test
607891,893148,train
643948,400262,test
808851,1289936,test
1294973,7041410,train
2265827,11570627,train
2979714,15198359,train
3061995,6653718,train
6300353,29854689,train
7086310,37138042,test
7093920,37181980,train
7402597,4376076,train
10939710,9192860,train
11083362,30995829,train
12590964,1520629,train
13149690,72008788,train
13225764,74227432,train
14692426,91364768,train
14774206,92193254,train
14966184,9171744,train
15406357,897121,train
15902775,103158392,train
16394576,52176200,train
16766855,111298791,test
17210984,115845698,train
17459930,118226205,train
17790958,49651890,train
17791938,16302498,train
19192149,27694509,test
19348588,135582685,train
20171578,126641287,train
21249716,4144536,train
21437509,13081524,train
21667189,11056171,train
22082514,58633574,train
22159691,59493272,train
22734514,167818421,train
23842204,38615080,train
23876355,16597520,test
24250052,21379585,train
24454304,141765510,test
24826533,130903736,train
25224320,4224480,train
25805422,37684272,test
26775656,10457486,test
27583185,32993072,train
27956646,11002711,test
29152899,9770822,train
30748041,7883985,train
31690969,14892784,train
32190629,92510990,train
32524152,8129088,train
33504838,21986772,train
34088667,179951095,train
34356642,259380331,train
34744587,260599513,train
35004123,262114182,train
35231916,15574,train
35796073,149334307,train
39919890,19879864,train
40532760,313827191,train
42073902,25064838,test
202273,918087,test
220563,918087,test
959871,1822729,train
1750248,9207223,test
1809547,9207223,test
1935826,9207223,test
4501164,17074459,train
6269610,74748584,train
12783632,57230304,train
13114437,42605385,train
13415952,31651673,test
13673951,42605385,train
19265907,83183438,train
20284463,42154911,train
20957065,147059964,train
21217451,14278133,test
26597692,199147185,train
26599244,199147185,train
26980415,184669674,train
28135177,22508819,test
31142743,36425865,train
31146186,6586697,train
35610591,82406306,train
36183003,82406306,train
36563711,74748584,train
39812564,296574695,train
39820984,296574695,train
40508074,89035025,train
42660202,359886812,train
42661215,359886812,train
42661402,359886812,train
62264,302936,train
1128681,302772,train
4639179,3571821,test
8507219,20985328,train
8612715,20985328,train
9373167,3289567,test
11603743,13031745,train
13550201,71886811,train
13559570,71886811,train
13661280,3977023,train
13694129,71886811,train
15807946,84141567,test
19455757,83171661,train
20030871,1822729,train
22503340,150858055,train
23378076,174263749,train
23454631,174263749,train
24650448,197554701,test
27693410,36425865,train
29038655,6586697,train
30938864,6586697,train
31095373,144124452,train
37562453,173554156,test
40509532,279768577,test
40699359,279768577,test
43898605,17783091,test
20934056,140293912,train
10167401,24294060,train
13245033,50855262,train
13276525,71176668,train
15481609,99392252,train
15482081,99392252,train
15482512,99392252,train
15543090,99392252,train
20013531,15787004,test
20886177,50855262,train
22214583,161644370,train
23520855,23667219,test
28836267,50855262,train
30554660,229147376,test
30555359,229147376,test
30556230,229147376,test
30557658,229147376,test
30558568,229147376,test
11315999,5577926,train
12964477,28370925,train
13306081,36579485,train
13333916,28370925,train
13378919,28370925,train
13436489,28370925,train
16147405,32545798,train
23076745,131476068,train
26602263,21816318,test
26923846,149296850,train
26924800,149296850,train
27001229,149296850,train
29995668,8245652,train
31082886,76821338,test
46356852,73247571,test
1673338,5719998,test
21609205,249695638,train
30293266,249695638,train
30293282,249695638,train
36273046,53686964,train
36727825,53686964,train
42101292,53686964,train
45669937,145399240,train
46139913,249695638,train
46140657,249695638,train
47802150,386004225,test
2429485,12417401,train
25513772,2633594,train
36322141,54634154,train
37881502,24622893,train
38515796,293727209,train
39024603,299047468,test
39025632,299047468,test
39693688,305082237,test
39893788,307214971,train
15043870,40678367,train
36283512,6756905,train
39372420,122649770,train
68305,338454,train
951935,1727954,train
3191925,3772684,train
19346291,12834890,train
36533065,274665786,train
36776377,12647129,train
37628763,284296388,train
252865,194457,test
288726,107853,test
369409,1190019,train
2338974,11945865,train
6767503,11296856,train
7003060,1537658,train
7174897,9176448,train
11509497,60639864,test
18753689,932830,test
21139869,28027678,train
21634030,12062317,train
22564725,239437,train
24151123,25468672,train
27521122,203610908,train
29654969,58377909,train
34288145,41614685,train
36592303,250660226,train
38408316,12530523,train
39081063,1358077,train
39090973,299394723,test
40086915,309240711,train
40178248,310229269,train
41236437,38178264,train
4629753,21785284,train
14417973,636274,train
25026993,64426364,train
39970944,135879317,train
37723923,11249126,train
13301454,9637585,train
16779831,3108771,train
16785690,85567270,train
35375569,266310389,train
35712559,50649528,train
36143087,226520484,train
36637775,57973441,train
36939654,1931828,train
37016848,208702730,train
37322740,15624518,train
37807497,15063464,test
38022576,4427595,train
38373110,11930874,train
39230578,301129067,train
39296340,697081,train
39818487,306335409,train
40641118,101076486,train
31072841,6287505,train
43087163,40135374,train
46255553,82746529,train
47076715,11653509,test
21949305,315606,train
25420252,140997060,train
27905233,97976772,train
28695405,215535399,train
31518329,2983302,test
31565043,80091916,test
36342912,273301149,test
37217372,16828494,train
37532989,39917268,train
39278092,46038731,test
40199356,271990524,train
40282432,311173088,test
40283500,67471096,train
40678317,194680216,train
42229069,8934920,train
42582390,339192135,test
42850072,211190004,train
42950374,341959197,train
43176850,13825378,train
43923653,227539233,train
44168968,8201024,train
44194926,273301149,test
45329964,57633655,train
45847245,371694194,train
47469926,260029999,test
47834047,56393146,test
47846567,385647750,train
47885496,126291968,train
42064801,333405407,train
68253,67730,train
17107608,13244076,train
17329054,3782666,train
21885667,11911154,train
28809045,46857976,train
29076107,167007852,test
31428865,9637585,train
35930504,130917594,train
36060386,141764004,test
36238330,217283013,train
36569151,273301149,test
36720092,55429414,train
38233574,214679366,test
39341313,230581738,train
39411592,214922940,test
39465162,303143998,train
39603349,134360723,test
40348265,194212145,train
40723803,28658607,train
40878440,30096774,train
40894601,1423098,test
40897147,25768880,train
41567030,54138365,train
42508957,287514704,train
43142086,13759481,train
43403816,343811987,train
43787583,44296909,train
43892861,169075332,train
43929087,169075332,train
44476475,93012257,train
44516385,1916737,train
46507920,46888088,train
46567831,130918203,test
47704279,118982272,train
47873210,385647750,train
47880771,35254909,train
47955781,53156701,train
48016047,31618700,test
22028251,135944525,train
25807047,31237776,train
34821537,262527838,train
36566957,250734878,test
37568587,283822930,train
38085023,30916064,train
38325958,291562857,train
39340734,8977237,train
39575806,10931395,train
39798301,306013006,test
40091689,3375376,train
40369657,22897357,train
40722699,87518061,test
40870366,318184283,train
41194318,284286042,train
41711549,329329514,train
41820270,9536913,test
42711518,199257042,train
42736806,92418028,train
43157025,54726927,train
43317941,74250858,train
43778735,13324098,train
43956496,66829262,train
44355688,88006844,train
45362848,63930670,test
45696664,128928676,train
46357998,254691489,train
46748833,89457076,test
47103113,24748342,train
47290058,81998551,test
47927449,138025573,test
48017724,34758174,train
37598596,21825627,test
40597710,87428324,train
42194736,14713321,train
42756142,84162,train
44808720,34002022,train
44951186,362955034,train
45493468,112586899,train
47336653,218840878,train
47376191,300529887,test
47880326,30965915,test
7747237,40703442,train
13490097,9235481,train
19831458,110372496,train
27048562,21881605,train
31409073,233422217,train
33033214,2300366,train
36387416,6570630,test
38462543,19528144,test
40558396,20232428,train
310325,745069,train
774791,1528912,train
7842671,3599088,train
13573101,41217631,train
19805513,15615036,train
30747515,20043437,train
31289259,213379221,train
37944081,287546971,test
295231,1387286,test
3857180,3861404,train
7434316,3861404,train
7637901,39835878,train
10283008,13345581,train
16276294,32625342,train
23166556,625092,train
23392375,23625464,train
27779367,5744362,train
30795672,230396622,train
32545866,244544373,train
154934,745069,train
11431871,60059749,train
11944718,13509844,train
13481935,60059749,train
13902591,13499885,train
19171670,132485563,train
25909160,144119993,train
27250227,134521683,train
3895455,157795,test
5652946,19233353,train
7053353,8002698,train
7230002,11107448,train
9923887,17646340,train
11947067,63790712,test
16333075,1228668,train
20035842,131767309,train
20608040,6757221,train
25512622,184130293,train
33282474,73857837,train
35768324,268896283,train
9327458,48410883,test
15370219,30494687,train
16289576,10795846,train
18313862,1507779,test
19017429,41171451,train
21344739,87397826,train
24699739,48410883,test
24883987,70505953,train
27678012,56546581,train
31149465,24202039,train
2940163,15002363,train
3767267,3231109,train
5040218,26019828,test
6015754,8636732,train
7433796,2134232,train
8470281,31469635,train
10574818,54548232,train
16353473,107082851,train
16701087,54548232,train
17808917,85218001,train
20033157,57328653,test
21106395,152195388,train
21188555,153015791,train
23237952,1752807,test
23714854,48911266,train
23763873,178244787,train
23920657,132485563,train
25024676,152195388,train
25278248,13060798,train
25677687,6787261,train
27023152,7853731,train
27061752,7498832,train
27061785,48539240,train
28514974,12715154,train
28543617,7147060,train
30122474,41217631,train
36201685,26325723,test
51438,236421,train
1127040,835112,train
3383662,6146050,train
8702895,45534182,train
10098019,17501091,train
12318604,10199873,train
12844709,2238348,train
15016495,94777797,test
16337890,106634224,test
17684067,119737270,test
18326238,2141311,test
21937306,1349340,train
22066551,19900075,train
22341660,67375050,test
24582124,102287990,train
25348369,702103,train
27732981,133473678,train
28979690,218428676,test
30159356,57328653,test
30432254,284199,train
35531168,7167290,train
37940346,287546971,test
38356236,196507406,train
44539744,11122099,train
44555224,264285166,train
44968320,45534182,train
47150682,380901372,train
47508727,27132406,test
692657,3542562,train
1735478,6790494,train
6093459,26414016,train
6974728,36571434,train
7915525,34943122,test
7953690,10556524,train
8410347,44303500,train
9528920,3906464,train
11894427,10750483,train
13544874,21130844,train
14963583,94219511,train
17420370,76186812,train
18615903,1038989,train
21151898,109930093,train
21467493,739592,train
23702317,177562935,test
23838734,94219511,train
27055058,13412408,train
27554578,23635330,test
28158237,212689019,train
28159221,212689019,train
28757780,216917414,train
28843143,216917414,train
30071972,192181166,train
30084269,19864547,test
31066679,230527676,train
32463145,345047399,train
32872356,345047399,train
32890299,244544373,train
33273813,175923004,train
39689636,712590,train
45747288,48978249,train
1598012,3360223,train
1932110,10001551,train
2493039,598167,train
4179420,21682640,train
7699037,62328018,train
9819545,22159648,test
14183466,85938655,train
15496496,28786801,train
15855156,40503875,train
17677710,93148942,train
18307376,126285830,test
18996738,5391472,train
19219624,134521683,train
19409421,4844197,train
20363178,49539959,train
23965460,157141199,test
24734792,15940253,train
24894476,15940253,train
26054026,93561011,train
26190785,144119993,train
26463879,21682640,train
26894687,19899115,train
27827834,158314625,train
28102752,14909147,train
28952183,19899115,train
30274568,157141199,test
31683919,49539959,train
33455322,6410979,train
35536476,236418617,train
37403873,271378458,test
40184659,310317282,train
40920446,32153139,train
299062,236421,train
619471,3069794,train
712136,3625735,test
855206,4467554,train
925090,2269789,test
990529,5440087,test
1215122,6632440,train
1377134,7460434,train
1623431,5440087,test
1826701,6632440,train
2297058,3542562,train
2350883,1334808,train
2618288,13408910,train
3191450,241593,train
3908094,5879951,test
4156175,3893287,test
4365328,2814004,train
4700565,24298733,train
4701425,7460434,train
6114353,16923190,train
7385692,38404959,train
8486828,44697034,train
9028599,4389074,train
9186894,6217827,train
10097957,17501091,train
13575065,68879566,test
13921462,1481058,train
15422352,62852828,train
15493595,31747645,train
15859741,5237407,train
15944237,103499767,train
16205027,22511613,test
16298719,106634224,test
16424684,7009468,train
16439353,90079326,train
16652059,27267477,train
17839052,119466544,test
18254317,101262003,train
18443199,14202520,train
18764827,31482341,train
18894145,24589216,train
19622700,101262003,train
20048459,41827222,train
20435261,18884528,train
20469589,18884528,train
20608117,1641537,test
21106251,25354313,test
22985840,170446723,train
23593582,111262060,train
24395202,184130293,train
24677845,70237937,train
24966197,28808740,test
26398428,4492236,train
26533797,13639385,train
27362417,13639385,train
27832135,3699846,train
28247510,3942655,train
28730126,13092234,train
28757927,64898741,train
30768969,192181166,train
31237124,233422217,train
33035865,130279,train
35259569,76186812,train
35406411,28808740,test
37711323,21423671,test
39126741,265057419,train
39478734,267112113,train
40430109,312699480,test
40513927,312699480,test
40977344,147961078,train
42203064,68879566,test
43336316,271378458,test
33746705,254382567,train
40402083,311187297,train
6155072,15395133,train
13395084,74789787,train
14013102,10700395,train
14297224,87312106,train
14744912,948164,test
17552955,118270996,train
19175650,134104016,train
20005568,63986235,train
20679146,10077970,train
20743194,104116468,train
21487004,87236554,train
22019711,70338191,train
22291938,83170219,test
26688805,153900772,train
29316421,216738370,train
30047371,59240650,train
19282,73469,train
454334,2257289,test
545261,746552,train
919491,4938247,train
1086651,5973065,train
3775978,19359650,train
4549557,23588055,train
6460927,33741028,train
7638537,40072723,test
8144049,2126994,train
9530293,21100276,train
10246816,22663500,train
12492795,67639957,train
17497867,1923413,train
18073738,512101,train
19960443,140821239,train
20174127,2778578,train
29209396,200182757,train
4033998,11818785,test
9263457,30637963,test
15917098,92947863,test
29761272,223913025,train
30252158,227165163,train
46110550,359934180,test
47115458,60434059,train
3611620,18198406,train
7936698,2128535,train
9634829,12298772,test
10021643,44118283,train
13272041,4920111,train
17587901,3411887,test
19073760,91718195,test
19355497,1221228,train
25110602,3938536,train
25157160,4876817,train
38510085,273697261,train
7483853,33983182,train
18675599,129812563,train
22249013,17672907,train
35261651,265466931,test
13225970,74231989,train
13633468,27379154,train
19951681,40008714,train
21394596,29883522,train
3701708,18866837,train
4910479,6848760,test
6850752,35897162,train
17774316,121352443,train
21058761,130675388,train
22117590,161300062,train
22342020,33060882,train
23161806,45921092,train
24398061,53163551,train
36980176,278032477,train
3265407,9944244,train
17151230,36579189,train
19857281,2781214,train
23990829,360430789,train
9957205,3358001,train
12795006,64350843,train
14801700,34274867,test
19766387,139503928,train
20941420,15487773,train
21963575,160343135,train
23254023,170942459,train
12426784,64350843,train
12973878,45469626,train
15699791,59962617,train
28184199,212871974,train
16068953,39872618,train
16557829,109033183,train
19979903,135845936,train
31248288,53298603,train
15819933,16494382,train
16451278,7988793,train
18550366,4075128,train
18913450,27982346,train
19545851,137293453,test
20424312,15134346,test
23103116,171629811,train
23874196,179366206,train
27380062,8346419,test
1908767,9888877,test
4771964,23062393,train
4887638,25145883,test
6027485,31283971,train
8238615,43445422,test
12986728,6069897,train
13567393,50165193,train
13764238,80721470,train
15301964,97441717,test
17297799,17518837,test
21025840,33167995,train
21485026,134419840,train
21740756,90058061,train
22080281,37687663,train
22195204,162174536,train
22946348,127545011,train
23661749,24595687,train
23875454,179376942,train
24635506,171825960,train
26151366,119787924,train
28008005,211535073,train
28275375,53192488,train
29036763,147269347,train
29093302,41939513,train
29131447,216944902,train
29181449,186349150,train
29978942,43434770,train
30819919,63419128,test
40916964,19534131,train
5203,7490,train
55982,264928,train
65813,321756,train
218358,1129218,train
249618,1307773,train
312429,1606222,train
462454,2298239,train
517626,2438262,train
587519,2897835,train
659880,1648054,train
698882,2994135,train
766964,4044889,train
1029482,5664550,train
1197899,2360794,test
2661098,13621509,train
3802538,16677444,train
4661135,3175065,train
5936796,30824695,test
6239643,23290881,train
6750178,173938,train
6895056,10348305,test
7841464,3064885,train
7914401,22282829,train
8309474,51414,train
8484152,26443890,train
9028493,24780521,test
10478526,16300728,train
11316570,3530018,train
11419133,6034691,train
13343144,54807420,train
13362486,75828613,train
13762667,1003394,train
14608350,45986534,train
16164264,15588382,train
16284730,13490820,train
17188790,45775461,test
18226037,29950960,train
18734320,100784323,train
19117903,731582,test
19382104,25064774,train
19508209,127925141,train
19645931,2074014,train
20291879,33028687,train
20819020,103380674,train
21647976,6995644,train
21892073,916377,test
21965948,50577859,train
21983211,5625684,test
22886125,15377827,train
23521858,51282128,train
24857436,187914509,train
25519674,72470941,test
25844166,7266843,train
26385006,6088893,train
27225628,23619449,train
27958130,25710035,train
27965586,160927474,test
28637994,2605122,train
30374290,19868844,train
30437291,228524640,test
32526623,139033454,train
33560762,252855885,train
35028448,20352964,train
38131250,199307,train
126816,620288,test
669640,3364674,train
3060745,7101220,test
4666794,18511357,train
4838540,10600973,train
5013564,1315306,train
6831518,35788303,train
7332196,5628243,train
9958558,51171909,train
11910848,63544192,train
12154621,3604124,train
12549290,68013836,train
13044668,72168153,train
13532767,77811516,train
13657030,31252117,train
15739930,44706272,train
16005448,104055319,train
16332208,32923003,test
16442568,107830761,train
18471276,122294799,train
19117207,133586767,train
20282225,144647925,train
20495252,126844198,train
22214478,104222590,train
23650259,176983812,train
23990128,82834850,train
28703204,216519008,train
30746536,20416352,train
30908416,25812202,train
31220749,47931146,train
38725893,259365836,train
21644,82685,train
278145,1452026,train
1309148,1785016,train
7693424,40404813,train
13532718,7917224,train
15713028,101113595,test
16310570,105828057,train
18734225,40238772,train
24448560,76409499,train
28910899,153154549,test
34601499,53638710,train
38018139,27290471,train
1095106,6016424,train
1702781,7614595,train
3574304,7438973,train
3782441,5003239,train
4183989,919218,train
4823105,24835471,train
9635981,298841,test
757187,209647,train
1024113,2120889,test
1739847,8989844,test
4781700,24655252,train
6812270,21130473,train
8547335,44992001,train
13480134,51329030,train
13634292,12722812,test
13959100,79696862,train
14207287,86241021,train
14280057,27186608,train
15421279,21600813,test
18450490,127917641,train
20243718,144275900,train
21950350,11486122,test
26496075,40905101,train
30367011,183967887,train
34929016,25408903,train
35875685,269838822,train
39593,110506,test
444430,420542,train
505231,2490915,test
555206,1925503,train
565814,532819,train
666220,2490963,train
680104,3462232,train
776845,4097085,train
824421,4328005,train
1421933,7654246,train
1423112,7659871,train
1475427,7896605,test
1693711,8946948,train
1934444,4393358,train
2028178,10417106,test
2200247,11224651,train
3073195,15639713,train
3103596,15778597,train
3603287,146825,train
3624952,2574452,train
3765095,5242693,train
4339202,22527661,train
4494705,11228023,train
4539943,8581058,train
5372526,1223259,test
6006837,6527023,train
6466590,7455366,train
6705604,35103293,train
6925777,26330490,train
7149452,16478353,test
7362186,38572947,train
7599569,15762897,test
7656308,1311104,train
8067561,19510122,train
8162214,41087164,train
8190747,43203249,train
9002096,47013708,train
9630344,47783628,test
9839906,14018666,train
9998930,36279810,test
10071464,51678353,train
10148581,290094,test
10478114,52172297,train
11549676,27751504,train
12360660,5074556,train
12947660,36948675,train
13183826,31628863,train
13245726,36434327,train
13452799,76849055,train
13698789,57123462,train
13821190,81430151,train
14044731,47260217,train
14406256,88585692,train
15453848,11304670,train
15461512,99205045,train
15900336,70260210,train
15928889,103273584,train
15955577,25039414,train
16070567,104698038,train
16381746,17691352,train
16408202,8309054,train
16415297,12895206,train
17365636,3537298,test
17667585,42727726,train
17778781,120567010,train
18175051,9147284,train
18432636,107778395,train
18560625,128852127,train
18583921,5721788,train
19606247,48035228,train
20029501,142246533,train
20213926,6991034,test
20433673,102863031,train
20761753,148681567,train
20932707,79534925,test
21539105,104450469,train
21839960,39346203,test
21985070,5400884,train
22153909,17178268,test
22266609,29412145,train
22548780,3094303,train
23925502,4162797,train
23955297,30021975,test
23992829,20855056,test
24114389,180661875,train
24204341,4127752,test
24397824,72423116,train
24580129,143070465,train
25085133,704043,test
29303036,838325,train
29615342,29506135,train
30347868,6180828,train
30699302,81347848,train
31039770,93661688,train
31494165,33464426,train
34036136,46595898,train
35257756,39541218,train
36380194,181808710,train
37020763,90237608,train
40196022,751743,train
499249,2463894,test
45935,204586,train
814911,4281123,train
3860762,1908606,train
4849152,1130935,train
9588992,9910378,train
9628471,2247187,train
10371643,53387593,train
12231331,27379452,train
12990232,29268760,train
13879391,6013624,train
14016206,18881301,train
14109521,83176398,train
16288234,106546614,train
17383929,117498033,train
18870281,131476188,train
18873722,78711394,test
19019325,132711675,train
19330742,4922765,train
19485634,136760080,train
19532225,137156356,train
19873185,24383253,train
20045641,48851196,train
20497853,45596004,train
20572837,66798529,train
20826953,149394434,train
21749210,24813554,test
21868116,48056617,train
22066317,35986301,train
22343274,163366045,train
22584507,1653265,test
22651614,166819817,train
22906559,2076284,train
23857515,64060155,test
28390400,2907609,test
29740134,30240946,train
30393427,228223819,train
30938582,231186389,train
31106961,93412728,train
31128175,855089,train
32476606,244008821,train
34124949,257668187,train
34441659,210800523,train
34547439,157666408,train
35061907,264113441,train
35247808,48770990,test
35419884,11342037,train
35827600,64185868,train
36027598,1967818,train
36318625,50213173,train
37127201,279275882,train
37658938,42881572,train
38984304,298691341,train
39034756,194391932,train
39726547,43426547,train
39742323,299763364,test
40116841,309588677,train
40823839,312573023,train
42780317,340719881,train
43023204,24423704,test
43519044,18021412,test
43741946,153392620,train
44450005,351083457,train
45001071,32265481,train
45138504,10034392,train
45277125,289184277,test
46012378,8942638,train
46314760,374897534,train
46660693,377139505,train
47028850,352958540,train
47069644,24984282,train
47869104,28425101,train
499763,361254,train
1121815,4005049,train
3415505,1507633,test
5059104,26102807,test
6324190,4157362,train
9208886,47893591,train
9504043,31155262,train
10070235,51525183,test
12086351,4462547,train
13109817,23147852,test
13732394,80336543,train
14036911,64109887,train
14302945,4803103,test
15041998,95033682,train
15378469,98279802,train
17941948,122922752,train
19530652,4351028,train
24075491,8185223,train
25804387,106783508,test
27067463,2688409,train
27222175,126897791,train
30145754,113675409,train
31835917,26317294,train
33319941,922056,train
34205267,913940,train
34449879,20810804,test
34844175,25701819,train
37533463,3686428,train
39650197,15756065,train
39947182,10133373,train
40008777,108252768,train
45512846,675317,train
45875993,27227937,train
46003877,24777219,train
46005473,74054267,train
46057494,252801797,train
2136511,6001762,train
9040931,29213,train
13025960,71948176,test
13509320,13482882,train
13725194,49367785,train
16259169,106321136,train
19246490,13463652,train
20028865,39939372,train
21895262,325453,train
22041636,33588156,train
23377713,54241,test
23576986,51037916,train
23723970,10331194,train
24247380,76737749,train
29880522,5817533,train
31042971,190124793,train
34017530,150879430,test
34148700,190688437,test
40117164,309591864,train
41995960,5817533,train
43077692,12259864,test
43275029,291879604,train
45900581,309591864,train
113092,575906,train
1171716,6415261,train
2319588,11845040,train
2854050,6194657,train
3143649,15960720,train
3215722,496465,train
3554287,6504434,train
3554599,3902832,train
3951363,9769764,train
4438931,1405374,test
4730379,10503555,train
4814075,24793480,test
4897673,14035846,train
5029573,25961456,train
5251624,3114551,train
5385943,27919611,train
5556358,28513635,test
5756643,4275400,train
6002382,4266202,train
6515686,4224588,train
6614604,6492234,train
6711306,14946552,train
6924400,32767789,train
7127684,37331914,train
7435882,4807448,train
7636474,40062888,train
7728265,6623512,train
8207453,1194064,train
9114642,7390259,train
9424217,12122228,test
9881516,50839249,test
9884175,8936829,train
9944710,51108205,train
10786240,55808233,train
10909032,56536974,test
10922736,56616493,train
11284520,4592263,train
12621050,15218314,train
13272022,24765466,train
13529498,23826651,train
13541505,30801050,test
13563330,78165909,train
13672890,66114992,train
13983092,21889213,test
14140905,8133558,train
14323475,22888115,train
14463527,52040778,train
14964655,94232838,test
15531089,7453255,train
15621557,6433320,train
15783953,12475280,test
16229622,11667548,train
16333699,81109720,train
16808375,4368043,train
16965705,3483600,train
18487817,17381128,train
18668594,14046877,train
18893669,31314659,test
19083282,51698646,train
19196146,133269895,train
19306614,10369934,train
19552289,70937204,train
21982618,34320483,train
22601143,166260679,train
22904809,24466431,train
23671775,129483977,train
23857159,14476858,train
24553427,49505120,train
25421873,191892665,train
28045724,9594567,train
30745429,31917161,train
30935679,231163395,train
31120812,126625033,train
33969898,256504089,train
37656376,473428,train
39870493,100641343,train
40171541,107063804,train
40305281,141527490,train
42020862,15896683,train
43095664,2101858,train
44393462,9930918,train
45878458,309591864,train
45900763,309591864,train
46211904,52096567,train
166172,792159,train
246134,283604,train
261674,1372786,test
645922,1740784,train
789476,184110,train
797696,4025188,train
1137270,6169516,train
1900616,5097458,train
1985022,10241822,test
2847633,3864482,train
3619399,17619450,train
4198695,21782731,test
5298299,11462251,train
6166870,13708762,train
7023583,36816110,train
7576910,39725165,train
8813547,30350590,train
8984085,4428757,test
9714004,50148553,train
10208954,52445657,train
11360407,59509831,train
12492941,67640934,train
12851307,70208173,test
12916646,67359538,train
13254260,50485365,train
13711038,62149112,train
14467010,2519491,test
14781268,566200,train
15987217,103883083,train
16428888,7546451,train
16517394,23970798,train
16766700,18451417,train
18207319,125687221,train
18374250,66961768,train
18543400,95341869,train
18931595,20812159,train
19190801,24913451,train
19413670,23048696,train
19531174,31553738,train
19602922,813647,train
19670093,136049464,test
19696746,5107938,train
20815900,6433797,train
21149901,152605245,train
21195408,153083048,train
21233255,9890399,train
21406998,154696585,test
21945556,62307584,train
21985066,52610301,train
22084321,1472745,train
22264586,50909072,test
23076968,64206316,test
23128067,22313730,train
23823959,173230953,train
24284162,80793056,test
25798995,850526,test
26344667,129168532,test
26566099,199740814,train
29798872,224190427,test
32166672,187849608,train
32238040,59411033,train
33394700,251578356,train
34651960,255618027,test
36319887,3247267,train
37184442,195280100,test
39890582,305598092,test
3891031,20133610,train
4187653,12360407,train
13266202,14291958,test
13514387,35590013,train
17330186,114075917,train
20000820,27527984,train
20663286,133410060,train
26874727,129596284,train
40558329,256894207,test
794496,4185984,train
4415695,10074473,train
4449058,23089516,train
27509562,207418547,train
34142194,48711094,train
69921,155689,train
470498,2334269,test
788035,4105376,train
1373456,1286275,train
1657110,8315861,train
1891274,9832158,train
5006927,25821864,train
7700741,3284564,train
10268712,52799398,train
12871310,29959914,test
13410276,544621,train
14353103,87967262,train
14913167,71093067,train
16027709,50087191,train
16932674,29464755,train
17981447,95286194,train
18669801,119952908,train
20076056,67127998,train
22339754,32926963,train
22706034,20365135,train
24575257,146182000,train
26327452,24802960,train
27580964,208106618,train
32664187,25575398,train
36114015,197119374,train
36698970,275839005,train
38774972,97322448,train
5121,7356,train
60673,249372,train
144148,299755,train
195123,940724,train
344019,1746209,train
521522,2440317,train
668400,3383354,test
846549,4420306,test
848853,4432173,train
868548,4372160,train
1185357,6482637,train
2141635,10929586,test
2521691,12303714,train
2586794,2132620,train
2663243,5352610,train
3438336,17302590,train
3914773,2045335,train
4650725,24075308,train
4721439,3083098,train
5183502,1762555,train
6311978,4309521,train
6400649,11731168,train
7694064,24666317,train
8687096,45613202,train
9505047,49255756,train
9614969,49673620,train
9713934,16164068,test
10134285,566660,train
11461524,16919101,test
12426775,9249156,train
13083988,154956,train
13130332,16708043,test
13135589,73179534,train
13217755,47896181,train
14532445,89855730,test
15537258,232128102,train
16768336,74896042,train
16944820,67130668,train
17141884,32383664,train
18485487,3083244,train
18794627,66941336,train
18927333,3955342,test
19588726,137690897,train
21422090,106766048,train
21569763,3075854,train
22143750,15338067,test
22484057,38359380,train
22862793,102841376,train
25539490,44832896,train
28960497,70800114,train
29737067,189576498,train
31836703,6030450,test
34085879,145252588,train
8104879,1831760,test
8337597,43949321,test
18544441,27266433,train
20483387,6824234,train
29956865,34514781,train
36109132,23835825,train
40113121,116747751,train
41081817,321249087,test
505315,167417,train
3540370,17820079,train
4047638,20987432,train
12286191,40288829,train
12345786,44223203,train
15940176,1252820,train
28286395,36800887,test
32790345,246666261,train
2339096,11947308,train
3731871,19072805,train
6242600,32406934,train
9794364,8546088,test
12914726,21375734,train
13325767,10864311,test
19487781,486948,train
22031905,9018136,train
22482376,164847238,train
22667815,22550357,train
23650008,123453141,train
24778310,117367030,train
25548071,36579046,train
26476238,157506473,train
28184001,212160752,train
28526676,28740462,test
31713858,237880163,train
36148243,87915374,train
20611,72014,test
36647,157798,train
658515,3320650,test
658932,3323929,train
689900,475916,train
828130,4210082,train
1901154,9871799,train
2031495,25100,train
3200728,727114,train
4693338,9123948,train
8422085,9996343,test
8507643,5557052,train
8547691,44996501,test
9315567,48351548,train
16895217,13739286,train
18486868,13929469,train
19035560,16026934,train
25263845,22825646,train
26669199,200483536,train
27205234,928165,train
27978240,4290578,test
28221379,183604908,train
29946757,4170464,test
30524542,18403410,train
35096173,264109370,train
38720866,43964569,train
20277675,1699505,train
471712,1274269,test
812467,574584,test
945348,5120551,test
1044731,5751206,train
1474980,823392,train
2111336,10764579,train
2926030,6648437,test
3101140,9229108,train
3529503,6491377,train
4596378,23824219,train
4991895,10635169,train
5846050,22534207,train
5978999,31040344,test
7837685,41007099,test
8499719,3501090,train
8501697,938086,train
8532358,44924968,train
8611817,45303998,test
10135104,14439022,test
10540337,54353888,train
12587698,26225727,train
13444902,47073683,train
13848199,4942658,train
13910111,16156297,train
14139170,1252743,train
14551508,89852528,train
17297467,55198931,train
17840284,122028274,test
17940198,24383863,train
18561200,1260642,train
19466060,17274880,train
21583472,1414616,train
23894317,479432,train
28986804,71314515,train
33490271,186621582,test
34124049,257599351,test
13955160,78343124,train
17729392,120885348,train
19163061,23552267,test
22096640,24625767,train
30330519,159142440,train
32040396,9124906,train
68900,343250,test
258740,1360043,test
355106,1797859,train
698094,3569392,test
5773199,2446016,train
7593985,16382059,test
8153235,28888685,train
10167860,21430239,test
13294291,19529332,train
14069371,5581683,train
14705110,1201159,test
19280212,2526182,train
20552544,57630325,train
20710022,148261815,train
20714304,118751485,train
21089634,152041579,train
23106361,171660157,train
24729353,38379191,train
26609429,199584723,train
26951069,202788450,train
27876238,75287595,train
27876980,121657084,train
30255625,7340654,train
31099129,232374986,train
33120664,86190506,train
34315546,50597569,train
233662,1223568,train
262478,535128,train
393682,1968502,train
823520,4323625,train
3936970,1406214,test
4054332,21026294,train
4392596,20820856,train
4605840,23788242,train
4837865,19636200,train
5672615,2423554,train
7535450,39480845,train
8107212,19668001,train
8125640,8301365,train
8266287,32277262,train
8663101,45516192,test
8735236,1832751,train
11176819,58164974,train
12973363,22846970,test
12987298,21541169,train
13280459,74873757,train
13494532,77355562,test
13864653,1905137,test
16274854,106407359,train
17946985,110872398,train
18253827,23153111,train
18366609,127164761,train
18872091,45605434,train
19191340,23664115,train
19699218,138784297,train
19803208,9020323,train
23108435,146172048,train
23177964,56276728,train
24607287,160614820,test
25015511,159009468,train
25971425,54369863,train
28936557,70394670,test
29686468,142641298,test
32989719,60275401,train
34111820,29740456,test
35765145,266770733,train
37334128,281199191,train
37797768,286039659,train
112304,573316,train
4592475,4445796,train
10041589,49535506,train
13433870,31162653,train
16309856,106723044,test
17479736,52129673,train
19808493,105139019,train
19968388,38592785,train
20435636,63043,train
20916311,22565156,train
22068519,12795683,train
23055816,169704873,test
27521990,22550591,test
33273525,24204269,train
36142215,41484943,train
38797417,296771080,train
18961,70857,train
2251009,4265028,train
2516430,10440985,train
11391811,14813832,train
12772993,37521233,train
13356748,31429931,train
20574057,3376018,test
21515092,102599996,test
21859359,23039272,test
22191831,12517694,train
26666333,9034275,train
27552717,9060287,train
35336972,253943547,train
36837902,120885348,train
39173246,297964927,test
1664614,8796895,test
5102132,26260328,train
8398566,43779028,train
8838513,1423123,train
11866156,988788,train
12990578,49447536,train
13174455,73643860,test
13311896,35313655,train
13974584,3152934,train
16368233,12573403,train
20188527,2994103,train
21026558,15569216,train
21164239,152735099,train
21784437,33836993,train
23281484,173325979,train
23612811,19789539,train
26866997,201893473,train
28009721,51992385,train
28464743,11320557,test
29107308,67186748,train
30081150,3421779,train
30131908,79194704,train
30275273,227385012,train
30312807,3390942,train
30644741,57094235,train
33378475,104960784,train
37314465,27918808,train
38252605,280523783,train
39232121,3689829,train
265036,21188,train
2446994,6186040,train
4709252,1511206,train
6347713,33064443,test
6644449,15537676,train
6778776,18591697,train
9116018,12690012,train
9144999,47621361,train
9529607,43333475,train
9692205,42950170,train
9757167,4422477,train
10154702,9369977,train
12367673,12326402,train
13233856,22682349,train
13545733,5677896,train
13623182,7571391,test
13714537,80114315,train
13763369,43688213,test
13975292,165566,train
14756273,68276808,test
16069925,13599766,train
16275733,20362478,train
16310817,29111684,train
16406492,31730873,train
16846918,43315893,train
18222186,125833008,train
18997907,49270426,train
19227693,1035102,train
19808259,117530860,test
19864245,140503168,train
20232745,120231560,train
20621540,3490097,test
20653090,30549225,test
20758395,148686255,test
20789361,5990565,train
23093320,171522181,train
23563112,23891395,train
23881522,179442361,train
23918586,22710535,train
24232774,41869421,train
24810452,1799439,train
24942474,45376603,train
26465413,199014573,train
26526269,41655831,train
26846907,201909387,train
28803718,62776991,test
29683293,223393782,train
29758221,42979789,train
30069635,101367917,train
30169470,1384016,train
30265098,3445172,test
30676490,83544510,train
30695780,2939479,train
30940831,77825548,train
31641843,184600679,train
32518218,165860505,train
32663836,319842,train
32785270,1786901,train
33266016,18883243,train
33753198,7875127,train
34841851,1581195,test
35081102,30119256,test
37947656,195263714,train
39153921,265240942,train
39229807,301118741,train
39252056,53624923,train
39412555,124218492,train
40941301,61339221,train
1960045,6655162,train
5305619,5663328,test
6452585,6826449,test
6656441,1418498,train
10035324,23913163,train
10054708,707992,train
13238778,7550464,train
13273660,74795588,train
13459473,956383,train
13563766,27567524,test
13643488,30727828,train
13716080,41067998,train
13883481,8201520,train
13926029,7007654,train
15302149,22225635,train
16205219,28365672,train
16328372,68547639,train
18124493,124864741,train
18611347,129270031,train
18812670,130982506,train
19316617,12844657,train
19438593,136285608,train
19634067,13785996,train
19912628,141031544,train
20649922,21921891,train
20668002,147858863,train
21826403,120047243,train
22108302,123605746,test
22204856,1819657,test
22339410,38500165,train
22602996,166289951,train
22705963,166873118,train
22763863,2000165,train
22775694,31665926,train
23290339,173325979,train
23376943,77938412,train
23668975,130804,test
24464665,28046572,train
26251408,17673366,train
26682277,127268238,train
27436322,84155085,test
30069091,225963659,train
30811876,54368503,train
31900266,8803552,train
32008894,59616570,train
33908121,212629546,train
33936370,43676525,train
34011627,4982496,train
34417340,24273673,train
34680877,55026020,train
34967524,259422076,train
36311265,97633452,train
36474441,204336853,train
36565471,274877624,train
36975161,203294661,train
38065458,671310,train
39154662,5278518,test
39417163,212262327,train
39417250,286725076,test
39648018,296771080,train
41982164,57755361,train
42060310,275322789,train
42312883,336341711,train
42519374,16425610,train
43847186,71221211,train
44538627,350793828,train
45891989,372037886,train
46429942,173858338,train
47094122,380582485,train
47203702,331537171,train
47565466,383979841,train
47997092,359657876,train
4930951,15824660,train
14443766,484993,test
18516072,671187,test
19086281,30168229,train
20616929,1524708,test
23352462,38121779,train
28778501,13642781,train
30347034,208938947,train
31411210,7730748,train
39189605,33068587,train
40430026,12788163,train
41295433,207316262,test
43675584,81133553,test
45652911,104861627,train
46089614,11911230,train
46771464,377971827,train
54466,253385,train
278876,368528,test
622410,1563352,train
789686,3055496,train
931352,4156449,train
1442450,7388128,test
2260029,10683147,train
4144630,21500500,train
4163710,21609476,train
4823959,24633966,train
5172992,23386756,train
5528111,28669815,train
6944665,36413917,train
7048195,90316,train
8420572,44347591,test
8756017,26129793,test
9490089,49186156,train
9523761,39072477,train
9752053,1587834,train
9918524,24919557,train
9999220,51367478,train
10211452,20086355,train
10250433,21147839,train
10851925,8573805,train
11842735,2384086,train
12001984,43170685,train
13414523,76415404,train
13494895,50945119,train
13529753,58104904,train
13865089,32833394,test
13992183,20283580,train
14016202,81939249,train
15342056,918668,train
16154904,32610275,train
16227708,106043391,train
16705588,17382731,train
16805921,6696691,train
19017366,41387722,train
19387555,32691167,train
19506829,61851470,test
20394608,75749777,train
20464496,49519069,train
20955226,47577509,train
21098387,133790239,test
21227092,15170042,train
21534061,6237571,train
22077789,32451588,train
22165797,60365315,train
22505480,126687208,train
22516899,76426686,train
22847975,95014144,train
23748179,6854910,train
24303775,170817628,train
24471239,24421834,train
24906413,84453766,train
24930848,188486925,train
28581563,10301127,train
29480988,10659007,train
31651200,10318796,test
32788877,193111692,train
33645723,112531390,test
34096002,179875332,train
34251664,250207981,train
34309096,31367619,train
34383611,877452,test
36262716,1405213,train
37702257,18486833,train
39385381,285299217,train
40428207,70671555,train
41017990,23280557,train
41065167,69606014,train
41326428,267681228,train
42003774,39252552,train
42518075,89670,train
45350621,107075450,train
46109966,125687221,train
886833,4701443,train
9394266,48726094,train
19080983,59089796,train
23545793,163621622,train
24181763,182260692,train
25817824,194014767,train
29104053,219347424,train
30443030,228571016,train
33181402,1940153,train
35818271,21041659,train
36907061,277359592,train
37855573,283810646,test
38623036,294941910,test
39341409,302181479,train
41509036,297346772,train
43080063,139145066,test
43715298,64552259,test
44098402,353990601,train
44321500,20405437,train
46072861,16108688,train
46923243,346357287,train
15968041,57574248,test
21950138,25321849,train
2590590,727585,train
21047121,55527442,train
803778,4230317,test
893413,4751930,train
7987209,42154621,train
15095808,85202728,train
20926888,11638358,train
21604823,4726371,train
25031840,37178114,train
29726649,7379093,train
30218133,13133052,train
31333074,14855509,test
32930859,46400748,train
33344785,147983579,train
38067033,23334165,test
38655825,295330450,train
41036318,4307196,train
41151424,17312454,test
41212093,318046812,train
42120475,334129347,train
43532634,14290739,train
43615808,8872611,train
45174925,10701512,train
45410897,367228312,train
45782143,368944610,train
46483747,368944610,train
46605367,376786364,train
46943393,368944610,train
47003061,368944610,train
47140633,115177400,train
47397475,368944610,train
47713310,368944610,train
47727935,368944610,train
47727936,368944610,train
47848753,383797462,train
47927919,40385488,train
47967099,383797462,train
47968434,383797462,train
16962471,616825,train
20149300,74541079,test
26954041,176950781,train
27314038,94214493,train
36197791,4073971,test
41373193,176950173,train
45783480,368944610,train
45783506,368944610,train
45783508,368944610,train
46013663,368944610,train
46013666,368944610,train
46039593,367228312,train
46099835,368944610,train
47206200,368944610,train
47292257,368944610,train
47494963,368944610,train
47753688,368944610,train
47854523,368944610,train
47854524,368944610,train
47918130,368944610,train
455801,2265770,train
690603,3530446,train
4236143,3793540,train
5697371,3793540,train
10355146,3530446,train
13019720,57574248,test
13920801,10312167,train
15990051,31175000,train
18585458,61673952,train
21788688,54921733,test
24990534,3530446,train
25455908,57516611,train
28412322,20161085,train
31053180,3363749,train
33903300,147983579,train
34336135,259207391,train
36487317,16725437,train
39699359,301736408,train
39747860,742100,train
39799759,23334165,test
44892431,146776990,train
47132264,226112930,train
47159725,40385488,train
40033160,2320031,train
42327095,2320031,train
45896469,10191047,train
47773433,383797462,train
596442,2949021,train
18811240,2978784,train
25456714,13006166,test
36796763,254365166,train
40312099,2320031,train
42326675,2320031,train
42327227,2320031,train
44288421,357064961,train
44667545,9013280,train
47357819,45243714,train
444171,2206506,train
1750679,9209820,train
3202590,9209820,train
4659285,23334165,test
12563738,10312167,train
14205364,2343858,train
30111605,166677497,train
31681846,68080601,train
33970850,256462453,train
35497497,88352949,test
38838047,297346772,train
39148874,2329319,train
41075946,127227897,test
42607163,10834152,train
46236500,25687903,train
46469883,372799788,train
46507407,376162527,train
35583150,265424495,train
38095769,289154444,train
40899576,318589021,train
45618731,61587120,train
46158284,366800813,train
46298566,374796418,train
46486547,376003888,train
46727329,377647905,train
46729678,377647905,train
46801349,52057517,test
47253817,27648573,test
47489099,383332265,train
47495324,383332265,train
47529357,383332265,train
47582847,128906008,train
47594597,383332265,train
47596692,383332265,train
47810437,383332265,train
47810967,383332265,train
47812937,383332265,train
47813039,383332265,train
47813511,383332265,train
47814545,383332265,train
47825704,383332265,train
47825972,383332265,train
47826060,383332265,train
47826116,383332265,train
47826512,383332265,train
47826596,383332265,train
47826745,383332265,train
47900642,383332265,train
47918366,383332265,train
47919145,383332265,train
47919751,383332265,train
47920057,383332265,train
47920665,383332265,train
48026817,383332265,train
48027017,383332265,train
62925,306739,test
711635,3662459,train
964379,555739,test
1893225,1297675,train
6117496,30787515,train
7511452,2588427,test
10100241,23215098,train
15266254,62563056,train
16651879,31892037,test
18587083,97543375,train
19081472,65610,train
21768850,16866,train
21897846,21377186,train
23370484,11844979,train
23373090,11844979,train
24287286,32617252,train
25134894,189961241,train
27018851,39371342,test
27627627,3250725,train
29678364,183417610,train
32047248,158725307,train
32913140,5519122,train
35654798,267272502,test
37316797,4872318,train
38414184,24199235,train
38978429,55293656,train
39672049,300577516,train
39908466,105629983,train
40570935,314364722,train
41507201,326898798,test
42689441,324663268,train
42902702,22066259,train
42928127,311983353,train
44627508,249248065,train
45383415,182765816,train
45409174,12032060,train
46400802,362168023,test
46714824,64358632,train
47117294,41976199,train
47121118,13425502,test
47334265,307723217,train
47802947,385295503,train
47843314,385577385,train
47938839,386238227,test
47304636,376266573,train
47547238,376266573,train
16604023,14577537,train
20479960,85330,test
21044649,151547086,test
22037715,160940380,train
23761645,16851857,train
30060926,160940380,train
33521985,160940380,train
34374201,87020760,train
34468721,259776956,train
35741268,6524762,train
36238700,270122518,test
36239518,270122518,test
36240061,270122518,test
39330170,109671307,test
39610139,213388301,train
40388964,16851857,train
40986707,308020665,train
42154630,334500807,train
43892473,136995504,train
45671673,359229620,train
45824272,371494393,train
46132963,359229620,train
46213282,303719667,train
46470574,375912658,train
46597156,164144705,train
46753445,359229620,train
46753453,359229620,train
47721605,384456788,train
103311,417504,train
254168,417504,train
421539,1008997,train
1009883,329436,train
3963635,20543178,test
4444204,5162192,test
4494217,22720650,train
10243895,5162192,test
11574674,61175876,train
11575101,61175876,train
13553429,78050943,train
14382598,58328044,test
15857259,26556695,test
18406606,35387196,train
19401219,134428157,train
19951170,35387196,train
23536265,159598333,train
23785875,137916804,train
24118031,4924711,train
24136172,1844352,train
24540842,6524762,train
24633966,161268152,test
25350875,7772526,train
26786964,900186,test
27371581,201654234,test
28911830,191085997,train
29963179,38774068,train
30559819,2522815,train
31019621,26556695,test
31058909,118029044,test
32334635,22720650,train
34205576,258243498,test
35520176,217625111,train
35740468,6524762,train
37532614,32355256,train
37594649,11454384,train
38115292,246331794,test
38384355,154302755,test
39151119,266476728,train
39255471,136995504,train
39810732,21130089,train
40097447,1097545,train
40156479,5816670,train
40244371,309612914,train
41079381,321218182,train
41665877,157337532,train
42025133,157011614,train
42257616,332644295,train
42518270,154302755,test
42779852,268398473,train
43207089,308295726,train
43240084,344322713,train
43383323,307197943,train
43398162,136995504,train
43925430,65681595,train
44449134,136995504,train
44576730,356430849,train
45116240,183178516,train
45227616,307197943,train
45573339,21130089,train
45800896,125141777,train
45813290,102820135,train
46012531,372973706,train
46251911,83287313,train
46314128,220763958,train
46432776,372793610,train
46617068,33934071,train
47005444,125141777,train
47568494,383943141,train
23686,93790,train
66251,324460,train
311316,1601454,test
726692,3641304,train
1640700,8711250,train
2210041,8112314,train
3272778,4089511,train
4677654,10387090,train
5291956,240048,train
7615496,37676608,train
9513287,49293531,train
15059706,39046995,test
17416959,1261480,train
20305160,1715301,train
20914216,85722766,train
21736598,643120,test
23488488,166262295,train
23852303,5091423,train
24391676,65109990,train
27470676,56283770,train
27589169,61042,train
27953124,67987135,test
28986154,67987135,test
31263867,10932161,train
36069532,271337124,test
36585314,8113165,train
37456334,281954588,train
37828926,1261480,train
38136379,2930761,train
39254047,199075581,train
39359233,196872053,train
39721165,789892,train
40092387,185889529,test
40537067,67122613,test
40597487,1715301,train
41049707,196549213,train
42788743,2272846,train
42982751,514261,train
43270088,4036685,test
43558511,30445086,train
43679750,2787,train
44040446,352980671,test
44810048,21942561,test
45092683,1601454,test
45190080,290194004,train
45719002,55028819,train
45765540,371019748,train
45940931,47483288,test
47179119,83143535,train
47186991,50072658,train
47283346,47351539,test
47402779,1715301,train
47407369,26856159,train
47466603,244643129,train
47547297,55948559,train
47927657,26295451,train
2473861,8826175,train
6000898,23708009,train
6766537,29278028,test
14724495,42814202,train
16409634,254846,train
22465327,254846,train
27661175,67987135,test
32697647,199075581,train
37176105,166634,train
40529147,115136074,train
46329890,43599290,train
46705156,377484768,train
47411727,216641760,train
4178851,21680683,test
17951580,112901574,train
22373272,156935,test
25940097,6654682,train
26251659,197053492,train
27810880,9121940,train
28369552,6770631,train
30395433,27698539,train
32088018,3158364,train
34543905,197053492,train
34967770,1849974,train
35254823,265413038,train
37918554,284110817,train
44413416,16336054,train
45738575,265413038,train
46569062,6243828,test
47542082,376764698,train
16326,63588,train
42300,184755,train
148259,716064,train
255957,506779,test
411918,2050338,train
487816,2413714,train
692137,3538661,train
796523,4195861,train
1322432,7178784,train
1326566,514261,train
1717226,9053876,train
1934804,10012421,train
2281147,7580102,train
2416104,12348871,test
2659183,5907325,train
2888088,14759766,train
3216335,16288928,test
3323189,16777963,train
3324203,16782573,train
3530517,17773625,train
3839717,3250450,test
3911632,12348871,test
4276762,2807798,train
4586448,8503180,train
5424042,23234988,test
5533000,28690907,train
5619149,3868692,train
5748045,3538661,train
5849991,9898029,train
6074975,23234988,test
6330321,6319915,train
6866960,35983559,test
7473810,39143718,train
7562611,10475653,test
7675917,40236486,test
7698593,5974094,train
7816449,1317360,test
7917604,16139880,train
9079871,47351539,test
9155206,46644337,test
9355498,10909829,test
9427868,23234988,test
10039579,7727013,train
10115137,47351539,test
10319494,53100200,train
10489240,16782573,train
10921244,6113662,train
10928250,7650414,train
11164714,58076069,train
11869400,47351539,test
12496118,11305944,train
13384425,43242084,train
13496318,16288928,test
14092239,84779589,train
14808499,49704571,train
14837052,46564548,train
14843464,49704571,train
14868857,49704571,train
15378960,98297464,train
15654668,101038839,train
17683903,21725994,train
17764355,1715301,train
17765841,23234988,test
18120946,9909635,train
18662619,13524368,train
18914730,1776707,train
19334916,7727013,train
20245130,25233493,train
20333200,683180,train
21354913,71725161,train
22601249,166262295,train
22649404,1715301,train
23664113,2444939,train
23921983,165257273,train
24188354,49704571,train
24964123,13486673,train
25011464,1828524,test
26924532,71725161,train
27458304,56283770,train
27549628,38675275,train
27552868,21963202,train
29310070,1303459,train
29900966,65747874,train
30773154,35044201,train
31120563,9786357,test
31506629,15185649,train
33776576,2312420,train
35479956,602359,train
36426276,9121940,train
37529321,39628195,train
38088880,4267089,train
38493103,1715301,train
39531655,302903408,test
39612224,120267512,train
41814502,205048776,train
42087581,333740096,train
42494731,314325074,test
43626965,302903408,test
44377502,3562322,train
45866866,284207,train
47007502,12459436,test
47272644,282836957,train
47340444,375773332,train
7750,17985,train
62891,306545,train
63693,306545,train
840731,4390639,train
1349187,1330500,train
3851263,19859349,train
4097284,11948817,train
5397568,9209691,train
6242355,32405588,train
6285844,8726203,train
7651547,9209691,train
7714664,2520125,train
9604498,23193,train
14724479,30499687,train
15858847,8715723,train
16453837,1192630,train
16697657,3507099,train
16698143,3507099,train
16778903,43601551,train
17926371,71873381,train
19261720,6988611,train
19786240,20063690,test
20697209,5717334,train
24987685,94713722,train
25966512,62557719,train
26361403,174197082,train
26602878,56338076,train
28287653,193296202,train
28866426,217621677,train
29941884,185914925,train
30502914,208955733,train
31183757,1276028,test
34024187,132784640,train
35733734,268787933,train
37247512,136218354,train
37521170,268787933,train
38103454,96861646,train
38104983,289266935,train
38485963,68765000,test
39483163,30009273,train
39486515,295225889,train
39915635,307580016,test
39925577,298925990,train
40704152,315925829,train
40860187,145556205,train
43355067,51538996,test
44114508,352021160,train
44680519,45012816,train
44746041,3317380,train
16534588,61463458,train
20741509,148544231,train
37806107,283475603,train
42387080,300933594,train
42604077,4101667,test
42880570,341408541,train
42974357,342142296,train
44867191,41121817,train
114123,579495,train
856918,4481005,test
5389907,3641421,test
11714137,1486872,train
12898987,17984997,train
14788009,69029231,test
15517104,1486872,train
16330737,106899231,train
20745208,107455767,train
22432497,164303137,train
22448627,164303137,train
29935981,1902578,train
35875206,269836191,train
37943438,1584064,train
39485858,303321105,train
40677959,298747627,test
41901422,331327085,test
44004064,74119429,train
44010527,6645613,train
1291020,6602545,test
21973631,3832479,train
23648504,133288905,test
36417250,133288905,test
37116941,277425264,test
42904223,341642953,train
44357802,23301337,train
46194587,106508052,train
46775879,5735865,train
890839,831185,test
1209069,6602545,test
8843681,14104350,train
16254965,72071,test
19030149,182461,train
21850834,159369488,train
22274388,77751221,train
24086562,178833771,train
25508055,20480059,train
25938492,194958383,test
27087566,579017,train
28867312,217642569,train
33249193,178833771,train
33310325,215556105,train
36517175,133288905,test
39651899,43429598,train
42132039,247463087,train
44632833,24333247,test
44657323,112345985,train
26814729,176951326,train
26814842,176951326,train
8305649,43371802,test
23613688,337693208,test
27361805,3508047,train
8007908,390117,train
545651,1785800,test
7661218,345252,train
8225035,43371802,test
8369701,43371802,test
16392085,16462666,train
17299540,29339405,train
20620647,145801588,train
20621413,145801588,train
20635939,145801588,train
23594177,25096301,test
34318915,114828297,train
46124981,366557107,train
34809828,262436389,train
39390463,155958005,test
40492690,7206421,train
1984378,3937646,train
6426240,9130983,test
35770530,37888781,train
36274279,179256587,train
37008287,33221352,train
37766190,255565362,test
40564631,22259039,train
35876030,269840768,train
20951141,150670215,test
38293257,286742341,train
4037522,608396,test
35516587,153561136,train
35745881,129797713,train
538590,2645592,train
23288667,173373234,train
29968478,78110875,train
6184855,23593179,train
6692633,481921,train
7354701,3484734,test
8741489,45857976,train
16923912,23262657,train
17843168,112335936,test
22545284,3073721,train
41430801,321299357,test
484297,2397411,test
7349421,31469635,train
11140165,923791,train
19180787,413447,train
25156280,5637331,train
27334148,205684793,train
35275591,1195585,train
40947100,83376854,train
3302932,2082345,train
7125699,19187413,train
9935095,51024536,train
10040717,9059810,test
15732919,101643312,test
19297780,23401472,train
27301758,205684793,train
32013622,1767221,train
39758510,169130719,train
45259197,769241,train
45310726,1766799,train
47205936,52720583,test
21982096,33738190,test
46786946,368414381,train
18700004,130005087,train
23669201,2438,train
38132576,22881783,train
40137765,73068058,test
40379186,34221716,train
41862437,331034050,train
42628264,224130403,train
42670169,7173996,train
42733020,61545139,train
42838265,18097370,test
43297952,202942110,train
43346425,345244620,train
43872421,40130852,train
43913971,12421549,train
44795562,4035493,train
45308987,848125,train
45380646,362781480,train
45688162,325936068,train
45788556,13868034,train
45863585,35457621,train
46010418,365471354,train
46308328,12614232,train
47097021,267687063,test
47797312,319049221,train
46815871,378258850,train
48013778,139936437,train
13507677,29510402,train
16408041,107504773,train
19471948,30237517,train
19933967,120762452,train
21192430,120762452,train
29923619,220229838,train
29923654,220229838,train
30912673,50760546,train
32371865,200380610,train
32541389,200380610,train
37628672,10951481,train
39298457,21170120,train
40468300,1494472,train
41003059,280764765,train
41210638,107280545,train
41644297,142490522,test
42622611,84136724,train
42670622,99682393,train
43059752,154949847,train
43310157,51548122,train
43404304,345875055,test
43563976,259645305,test
43724151,4177215,train
44062157,9773038,train
44807522,12941925,test
45285727,353428622,test
45343973,174792040,test
45343974,174792040,test
45441880,141403278,train
45969933,91567216,test
46055092,6770859,train
46280962,372832765,test
46380913,375350749,train
46484549,194354253,train
46750647,19243808,train
46815855,294332738,train
47071360,377241586,train
47071931,377241586,train
47535706,175088896,train
47758459,349366997,train
47924038,51548122,train
47954429,50612451,train
53470,204539,train
1170268,6407125,train
1672860,2119276,train
1878965,7503643,train
2791688,4731948,test
5737759,7503643,train
7092505,7503643,train
8614204,1367316,train
9486111,14565422,train
15206836,96098402,train
18820446,120762452,train
19929209,120762452,train
21893129,120762452,train
22147426,161742462,test
22417011,17477908,train
29923599,220229838,train
30434346,1395530,train
37019368,276831272,train
40516082,311794741,test
41775484,273392981,train
43310180,51548122,train
43315235,51548122,train
43826102,7896850,train
45199531,141403278,train
46838353,329928110,train
14290,56104,train
53477,204539,train
1460017,7503643,train
2471910,7503643,train
4295603,7503643,train
4340609,7503643,train
18812046,130974654,test
21098980,120762452,train
21878080,120762452,train
22122470,161592215,test
22998663,96810536,test
29923634,220229838,train
37530767,258001528,train
43311037,51548122,train
43311320,51548122,train
45393851,51548122,train
45910,204539,train
1390532,7503643,train
1745430,7503643,train
3038797,7503643,train
5406067,17062221,train
15206607,96098402,train
17516489,1273890,train
18734125,81066021,train
20583325,120762452,train
22160989,161592215,test
22586944,158540605,train
24222051,154949847,train
43311186,51548122,train
43311287,51548122,train
43315428,51548122,train
1613110,7503643,train
2314553,7503643,train
2435408,7503643,train
2466770,7503643,train
2845257,7503643,train
3394517,17125263,test
5304431,7503643,train
5638917,7503643,train
11194693,29510402,train
22699135,53978622,test
3359510,7503643,train
21192158,120762452,train
21798501,22011768,test
26422113,34991003,train
607735,3011547,train
2824329,7503643,train
3145484,3323488,train
6684189,4028339,train
9725508,16437254,test
13066577,10677584,train
19424191,120762452,train
19692421,120762452,train
29167257,203123161,train
31954104,17062221,train
35972538,3068092,test
43311364,51548122,train
4172303,2694183,test
26131606,61391963,train
40037636,308798791,train
41351691,2653479,train
1392673,7503643,train
2075453,7503643,train
2126576,7503643,train
3728837,7503643,train
5414471,7503643,train
6489828,7503643,train
30731674,1995636,train
2108178,7503643,train
2266468,7503643,train
5278927,7503643,train
19757672,120762452,train
20582991,120762452,train
21908184,120762452,train
30125704,120762452,train
40670091,318770,train
42565700,2119276,train
45697372,51548122,train
8221965,42849963,train
15205915,96098402,train
16201857,7824337,train
20213045,2678122,test
20441901,5053976,train
20857788,120762452,train
22797978,168465501,train
24351719,87585422,train
24353088,3936125,train
27203333,29510402,train
28913606,49128620,train
30124398,4077993,train
34641992,23407300,train
37648875,1102291,train
40909339,142490522,test
44516372,129466214,train
45485378,367724384,test
32137481,10476957,train
43117552,333624974,train
44687774,58094686,test
45969642,214171931,train
46350355,214171931,train
46400635,235810002,train
47357966,375687526,train
47358432,375687526,train
47358560,375687526,train
28941710,149292557,train
29592296,211549023,train
41753654,18474702,train
42953275,332288925,train
42955173,332288925,train
43820375,349823908,test
44699326,20225226,test
45691383,51548122,train
46791082,378112960,train
46879720,91567216,test
46902179,104401000,train
47048969,378112960,train
47530446,383631280,train
126443,627217,test
13112895,7573341,train
32495771,10450748,train
42074806,333624974,train
43367510,345497509,train
44070261,59215768,train
45977618,10476957,train
45984586,60085031,train
46906737,117492425,test
46907503,117492425,test
47004283,104401000,train
47353932,70410029,train
299531,1220404,train
38318562,110846773,train
40737415,316295999,train
40843980,295370107,test
42434847,236178892,train
43035357,165858696,train
9707498,43438475,train
35901040,92493393,test
41853923,236178892,train
5758234,21823,train
6611557,21823,train
8776329,46007686,train
24699301,20912691,train
26398894,20912691,train
31763495,52577963,train
39033318,299132013,train
43414801,321043686,train
273190,605463,test
1910270,9912620,train
2071464,3011547,train
4667046,24146326,test
18066269,117492425,test
21283357,153988027,train
27923577,20912691,train
28483571,153988027,train
31839994,40160805,train
35856471,269707834,train
37114037,47585809,test
47519492,83392342,train
18737594,45763784,train
43604419,348119186,train
28811035,217293060,train
30152177,217293060,train
41887622,187887120,train
42179773,117021875,train
44073403,353428622,test
44073839,353428622,test
45464193,280764765,train
46113969,50612451,train
46123111,45377675,train
46563687,34828488,train
46879513,376526291,train
47715431,212147885,train
47858695,385715373,train
47861166,321043686,train
241140,1177497,train
808476,3775799,test
3312276,14214034,train
3400837,17152076,train
10078736,51716739,train
16254609,36234811,test
19015029,117365574,train
21413839,117365574,train
21475999,117365574,train
21476235,117365574,train
22295960,3750764,train
22296097,3750764,train
23746579,124357,train
24836464,175019394,train
28590307,215778245,train
30557920,148508902,train
31249784,232251881,train
35001278,223087887,test
35032018,263896353,train
35457818,263896353,train
35646737,117365574,train
37592467,51716739,train
38598581,244361589,train
38599093,244361589,train
38646409,295247374,test
41722638,329475936,train
41783575,144687306,train
42476703,338228106,train
43265776,340938089,test
44147843,355019887,train
44162057,355019887,train
45271032,364330890,test
45414146,215778245,train
45699041,370299569,train
45710149,370442577,train
45756029,69028840,test
45784518,349366997,train
45895250,84700594,train
45948946,371976215,train
45984289,257766613,train
46036114,371163484,train
46101299,263896353,train
46274771,328523988,train
46293646,162258137,train
46334925,162258137,train
46336263,162258137,train
46336568,162258137,train
46336664,162258137,train
46380177,256032762,train
46401917,375470611,train
46547111,340038896,train
46706944,301831302,train
46922095,340038896,train
47069913,189992515,train
47497742,383394067,test
47546593,257766613,train
47702638,384270774,test
47828024,384270774,test
47828353,384270774,test
47830399,384270774,test
47830565,384270774,test
47830789,384270774,test
47831552,384270774,test
47831825,384270774,test
47832051,384270774,test
47937581,384270774,test
48011635,384270774,test
48012289,384270774,test
21880038,159610596,train
21884096,159610596,train
24943283,159610596,train
32671553,159610596,train
45315558,366282966,train
47214939,256032762,train
21883990,159610596,train
27398782,159610596,train
32671270,159610596,train
46241808,4667705,train
47303576,288624351,train
45343971,174792040,test
46504933,352944045,train
46729699,233931782,train
12829063,28303435,test
18890521,131635044,train
21618858,2023993,train
21739805,158344372,test
38688328,113585636,train
46260564,374569478,train
46334355,374569478,train
46335640,374569478,train
46336040,374569478,train
46336190,374569478,train
46336790,374569478,train
46364882,368733322,train
46455804,319337675,train
46485964,374569478,train
46488582,374569478,train
46526985,374569478,train
46527170,374569478,train
46858465,336226231,train
424767,2103888,test
22009620,160707142,test
23485307,170477315,test
29781403,22464812,train
36238864,272571748,train
39321762,301920549,train
47046741,173176444,train
9519514,3338222,train
14485372,89361094,train
17958414,123048179,train
25134311,189962349,test
28510946,18323134,test
34471928,155098864,train
35005367,263721494,train
36109149,11360902,train
37763951,285597727,train
38778264,295351124,train
41848350,23502626,train
42274546,321182575,train
45173734,17144614,train
45656086,369226179,test
46177828,158092208,train
46900894,378894221,train
47748937,61521968,train
17513537,118727691,train
21375941,15412884,train
46039932,291093876,test
2296024,2321783,train
7037791,36899834,train
7278762,22816592,train
9753240,1342653,train
12381336,66919869,test
14628409,7978333,train
16581779,109306113,train
21006224,151243003,train
22463757,31176801,train
23027004,162432541,train
26914676,62792657,test
28891434,217793924,train
31669844,46324691,train
35862574,269652307,test
42063110,333387641,train
44998579,36213174,train
45448385,12028820,train
47518765,383539732,train
189732,489400,train
479002,1708956,train
509989,2472305,train
3039332,15476280,train
4227161,20318233,train
7814575,41140356,test
12366762,66810906,train
22472801,164750816,train
25904988,175408,test
26194606,64825520,train
28160221,205594323,train
30691484,219449657,train
31717837,234174616,train
33933477,38377515,test
35128367,11742777,train
39386691,18950764,train
41239727,323380826,train
42921000,19974326,train
46108976,128284544,test
46544395,124759270,train
47257626,128284544,test
47470143,335032190,test
23716421,1384388,train
38936993,2631556,train
42978999,6059621,train
44003788,344886245,train
44203047,59268420,train
45540868,4205261,test
1960358,10129919,train
15528972,99865195,train
24754074,4285260,train
27532758,192587955,train
399946,1996265,train
1506985,8049757,train
3782925,3363799,train
4654374,24092402,train
8173434,38378985,train
9366707,48601058,test
19803042,23212298,train
22217757,3616251,test
22367448,2053358,train
23858270,18768995,train
25571627,192874460,test
34869328,293911,train
41124781,45502946,train
1164101,6376776,train
1252826,4656534,train
3493833,17592620,train
3852988,12615927,train
4058515,325994,train
4824310,7402258,train
7953220,41939599,train
8275676,43637999,train
13374172,13557069,train
16604112,109527682,train
35512005,742949,test
41462107,2897094,train
42608999,57528994,train
43716466,1414659,train
16192835,47453782,train
20914425,878546,train
22390755,4043468,test
35082227,264267484,test
40403226,201411141,train
47979000,59021341,train
618916,92451,train
38836825,210577527,train
8266641,43588775,train
12737735,23423519,train
21160614,5124670,train
29828333,216634331,train
35507981,267033835,train
37744978,16849231,train
38355693,194548442,train
44646372,361396690,train
44985761,132694041,train
29629914,30927892,train
37496845,64008392,train
37837163,286502016,train
42745688,6601655,train
42757564,340514499,train
44628136,13466647,train
44811717,362453686,train
45068266,109474,train
45765477,350996631,train
45827930,371406263,train
27808176,118419433,train
34321146,257876445,train
43586992,29032861,train
58062,277394,train
604204,2990829,train
14465415,88681982,test
17046562,114416273,train
33664484,157301360,train
42517791,1121672,test
275976,1417757,train
1027808,5655889,train
2606370,13347139,train
9390729,15280538,train
13657292,79341807,train
22339390,162436632,train
24656108,4794638,test
43806531,15832811,train
746393,3916340,train
1731245,7228995,train
1981590,10225447,train
2087524,10656683,train
3850254,5175407,train
6713521,1401919,train
16296678,75918061,train
16414045,59886126,train
18439203,127814176,train
19520573,117673528,train
23784498,1302843,train
26780625,58857346,train
82928,451545,train
1440363,7735666,train
2668311,197156,test
4537297,1509863,test
10253159,10721093,train
13300059,36478779,test
13444818,38915391,train
14473548,89196907,train
18504151,128417181,train
23450541,9494593,train
23560187,57549945,train
23807257,8662157,train
25680422,10671580,train
27542205,5159449,train
33194789,249929999,test
33801117,25308624,train
33881136,255856907,test
34972828,13077418,train
39286877,238133848,train
40403662,12197079,train
42680068,339277055,test
45938052,371112239,train
60164,289653,train
675793,3432742,train
17981267,123518076,test
18755777,130493959,train
35387987,266388174,train
39634804,304559935,train
43098357,343030846,test
43547204,25597316,train
45220409,120086414,train
30447204,12461078,train
31593613,229695499,train
36766218,1679238,train
38235703,4160867,train
43215046,251991421,test
44631036,20703641,train
45286461,24827643,train
46740100,2492369,train
47099751,4590007,train
47583369,24272565,test
47820419,209832412,train
7801,21207,train
13867104,171250,train
21577856,141933,train
33915820,18416970,train
37048087,59040996,train
45152063,63008667,train
391955,1960189,train
3334110,1568383,train
23413509,152877297,train
31290477,231691559,train
34686716,111428431,train
35451163,242405832,train
328788,1679238,train
590903,1345769,train
773885,1679238,train
4384181,457976,test
4426780,22980167,train
5871372,5309143,train
6576336,34397256,train
7194538,37633503,train
14917475,93734865,train
14931156,20549,train
15758640,5435740,train
16873148,60665255,train
18104150,124702572,train
20607819,147118920,train
21751907,26498283,train
29610742,948095,test
31957975,236334741,train
41564625,327501398,train
530576,263510,train
5404201,28013319,train
12502633,379619,train
20026248,37318968,train
21332370,150970705,train
22122354,161616186,train
26387674,37274021,test
28500619,215127571,train
43965128,165438356,train
504362,2487309,train
4792529,57101,train
12703851,11109705,train
12804309,21221697,test
20482151,10547661,train
21517564,15088853,train
26805586,147710243,train
31979292,4955499,train
46748599,10503844,train
162493,776490,test
279857,1420300,train
282977,1474071,test
491529,2429432,test
3283626,2597895,train
9147025,403032,test
13101855,45197707,test
13752309,71717596,train
14394217,88450280,train
15115382,24155326,train
15324045,9049657,train
15340854,97808036,test
15745537,5321130,train
19188166,134218386,test
21851586,158757567,train
21861819,68550512,train
21871576,131993395,train
27570074,1898675,train
32668712,521964,train
34481589,253304582,train
35637155,9155963,train
35896695,1576926,train
39028835,222270217,train
41321694,7167968,train
41974593,332274505,test
44593008,56710089,train
251277,1317343,train
651375,3272526,test
915020,181756,train
1843108,2021121,train
2995701,15271110,train
6458979,26408268,train
9527971,14021017,train
10124372,51940393,train
19873887,596623,train
20915909,411697,test
24919742,134122415,train
25255024,159495469,test
31738629,170638981,train
36319036,22566268,test
40376349,14290161,train
46815136,304162990,train
17141413,55468876,train
47120135,380727943,train
136493,663384,test
512209,2521513,train
836720,4372934,train
1628156,8653725,train
4742102,6932195,train
6739145,25368839,train
8662518,24856634,train
9775146,50396427,train
10253315,27431753,train
15113479,79321760,train
15774003,97657342,train
16584878,11704017,test
17624418,6978404,train
18595831,129133511,train
20900545,150159094,test
21852332,18554823,train
22985419,170445076,train
26450631,198890291,train
32531409,168814318,train
37059318,392929,train
42097281,49177258,train
42467234,181756,train
12191010,65482154,train
26320074,118619861,train
28312177,213803787,train
4311648,4644513,test
24041447,2496897,train
42280358,335515151,train
46326085,374968989,train
466457,2316542,train
639199,1483081,train
16649739,110049608,test
21535750,156535560,train
24119876,181679481,train
29487347,222081034,train
36760354,132505285,train
37361653,94758471,train
40345464,10771121,train
40430542,312661846,train
40507751,63009560,train
40992236,319743936,test
44261577,281410258,train
2965008,37879,train
4800921,1559494,train
21771006,104458,train
39952819,215055023,train
30425770,128580688,train
33223405,250149612,test
13673242,79505257,test
21619569,157275347,train
20412719,20841092,train
24940507,10777921,train
36065361,271035656,train
36098090,11725026,train
41262660,37694131,train
44647315,188947623,train
39336402,838704,test
43613930,11725026,train
43676571,5380487,train
47385428,382527597,test
41478168,25344446,train
42726674,340298962,train
45516035,9011948,train
46530034,44153917,test
46778377,367434380,test
46813955,329696628,train
47362969,5525273,train
47471241,325355003,train
47786294,34598519,train
47854183,504216,train
47891489,298462106,train
47926049,48816340,train
2301258,11753837,test
29628380,155027850,train
32477130,38786890,train
38190055,38017497,test
16974,65837,train
11675279,61999615,train
16965072,11105949,train
19390119,135932422,train
20678724,48980919,train
25812700,33290222,train
27137095,19536409,train
29203845,3849025,test
31206698,10198498,train
26969,115307,train
532749,2617850,train
1365028,7409102,train
4469650,23189353,train
8589729,45201692,train
19387694,14140453,train
20204751,10768801,test
22088301,2496299,train
22156875,161814450,train
23269735,149047,train
31120226,15687009,train
43500380,1609081,train
45191444,639033,train
712260,3666608,train
1137093,5446918,train
5434150,27813383,train
28560837,92523072,train
30264608,226070943,train
38377227,292232026,train
250801,1314834,train
439870,1903758,train
6501082,33977623,train
10308738,1250061,test
20989220,151073194,test
21786958,105130665,train
23844034,2478424,test
24086457,181372846,test
31444634,48392689,train
34656363,9914596,train
34816480,819674,train
34844071,56306339,train
35085826,264149311,train
40154152,245686814,train
41258335,4373699,train
41811144,268194413,test
45703289,210294,train
46235977,374436215,train
47906957,386139674,train
4279260,22216726,train
11511431,23901404,train
12806356,8416362,test
15543169,11845677,train
16377144,7310057,train
18342361,126922318,train
27518599,207523208,train
28838673,290055,train
46926885,229597879,train
1581579,7748180,test
2015168,10365281,test
8081193,14946082,train
15643425,11742138,train
19439956,136300414,train
19801466,87612379,train
25315154,188225740,train
25580113,192915666,train
1139826,6251601,test
31883238,238975559,train
33334476,3165356,test
41089850,321364483,test
26385422,58071546,train
34336328,78312516,train
26012,109589,test
3415102,17218916,test
4847177,24940913,train
17554541,5817532,train
19180868,128744452,train
28715332,122323589,train
30439073,5732940,train
35132016,60136891,train
35157481,264777522,train
12068200,64660747,train
40754270,8273903,train
41762302,329916089,train
42576029,73659867,train
44974876,141269563,train
45938786,10119388,train
46360387,172422032,train
46452796,375805762,train
47444333,381618977,train
47855528,69371372,train
47859689,62434703,test
47866216,385650030,train
48011354,313257412,train
48031003,313257412,train
48031008,313257412,train
4083049,1335736,train
6079079,30214562,test
6169068,9773128,train
45589037,240506692,train
953314,5175217,train
5150206,9054750,test
21216917,153292704,train
26271462,197487133,train
30899874,230920480,train
45206406,365166868,train
45885726,95281886,train
38663,165789,train
23943948,18598201,train
28961919,218301609,train
34279388,9070754,train
45705785,61292179,train
46927825,167724068,train
31902,137292,train
2055614,10527465,test
10765607,243427,train
11890279,63407204,train
16321223,106816918,train
16937801,113198009,test
18650087,133244801,train
18747972,130400901,train
23124338,171830071,train
24961967,104684975,train
25012767,161659518,train
25209144,79168536,test
26780175,119673533,train
27159664,53365451,train
29832431,156948111,train
33717623,254165437,train
40031760,308567156,train
4194494,10367443,train
5006113,6095946,train
12366226,22288459,test
13496448,21604714,train
18702075,130021104,train
19251255,134809070,train
22275245,162784512,train
30449111,227856882,test
18764,72014,test
503460,2483236,train
3411380,4278357,train
10282292,52884032,train
13386091,75793151,train
19072201,34756289,test
20899758,30491140,train
28369515,2771943,test
921624,4955560,train
3225975,16329859,train
4315934,22405856,train
13261498,74653179,train
13573828,9440328,train
15703294,1446988,train
17881079,17232044,train
19911778,140304567,test
20050489,94221623,train
20175751,93751838,train
24033132,8852676,train
24234359,2560891,train
24314268,143820550,train
26749932,201142263,train
26777561,201350300,train
29434244,220945034,train
32049606,58220119,test
33475698,110347917,train
33515695,29470566,train
37155507,279516836,train
4853365,414477,train
7265118,7118658,train
14349588,32207621,test
17809649,76534284,train
19280591,157943982,train
30929920,56394959,test
65268,319092,train
95883,509918,train
805028,1131081,train
3248526,16430857,test
4752659,24525377,train
7696645,7590543,train
7953819,2665690,train
11439224,60112093,train
13597896,37425564,test
14186028,85974062,train
14220422,51162561,train
15462208,26073602,train
18387744,47550622,train
18735653,2733815,train
22107619,22347036,train
26996408,13983184,test
29388858,208901618,train
34255183,17842194,test
471758,2339722,train
2068054,10577541,train
11801800,62850827,train
16241319,24418469,train
16740779,65061161,train
19094835,6701270,train
23427160,19400984,train
24653572,171590575,train
11850900,63157598,test
28561195,10410631,train
10225915,32162846,train
23108652,56517774,test
26004664,4876826,test
34002454,543116,test
34623352,25699447,train
38256524,146656172,train
177495,848960,test
212109,666271,train
268481,1380703,train
297611,997124,train
419792,2087636,train
550858,2277487,train
867749,745186,train
7760808,4403646,train
9997980,8302904,train
13855164,11884239,test
19387536,17026738,train
19757502,97682736,train
19871726,22549130,train
20016901,53549582,test
22031539,983223,train
22322524,103259676,train
23644644,52549310,train
25367421,22443613,train
25517197,50249843,test
26397444,20237617,train
27722209,209291543,train
28438004,214683117,train
34422468,7633037,train
35319436,8835932,train
36182819,247335568,train
39971211,10662957,train
3963137,5742948,train
6908140,21705530,train
7043817,20270730,test
1147524,244071,train
10980168,22858411,train
11753792,15423103,test
11786930,672573,test
13822852,23436785,train
16688892,110478816,train
28022379,13061712,train
36272957,272806641,train
2042764,3707465,test
30089134,225616368,test
34443205,35819327,train
921585,4955205,test
1392144,1873589,train
1515659,8092818,train
4891441,3417940,train
4974843,25641892,train
12359146,39549563,test
13881622,80837608,test
4623217,23945185,train
6946479,204472,train
12410412,6662358,train
23336877,173823383,train
25137887,187383058,test
25677571,345956,train
452068,2246071,train
3166540,2323652,train
21985279,151880786,test
39420203,142268790,train
4031809,20902552,train
5939328,14152383,train
6102494,3246472,train
7144807,37360127,test
8866435,3629010,test
13182297,18742,train
14092808,70671555,train
14655908,89724008,train
15663646,844442,test
16081021,9563496,train
18358792,127080266,train
19389677,135932425,train
21138554,7835116,train
21408811,15520066,train
21750553,102933312,train
22203739,15969987,train
22340915,8676157,train
22344067,160468444,train
22408527,36356065,test
22850413,114418657,train
22953136,4383475,train
22971252,52225868,train
23035891,37222237,train
23629119,32130349,train
24431407,184496160,train
25069823,69866875,train
25492095,144193172,test
26257731,171092619,train
27405246,34755288,train
27492179,207205519,test
29542012,29387678,train
30882745,141720257,train
31127402,172391931,test
31166689,67376966,train
32932554,15672224,train
33422875,8877881,train
33527634,86325,train
33603476,4621134,train
33617342,39828340,test
33705120,24599796,train
33796251,8748976,train
35742909,268868462,train
37424433,140331064,train
37430510,282242358,train
37719117,283377009,train
38667318,295420086,train
40182466,425506,train
41837344,105384891,test
42040158,153624920,train
43047305,4361344,train
43930387,136947684,train
44029326,53502678,test
44063303,211674508,train
45214975,341738257,train
46027172,56729996,train
46981603,2504072,test
47341718,382240001,test
47390854,19252104,train
47392551,382594016,train
47468078,10109370,train
47911594,91195973,train
33933219,61950433,train
46447385,93147101,train
21119908,28953246,test
47865944,14396207,train
47907179,120139444,train
2283143,11661229,train
4275729,22198017,test
7507877,22079796,train
11656367,61851697,train
16338086,106401814,train
19945772,16532782,train
20572019,145219249,train
26190559,196838948,train
27033995,186642041,train
34835762,252051657,test
36178171,115514023,train
13474206,17914135,train
26867635,196609694,train
32901262,247538066,train
34840495,262657892,train
34866682,262657892,train
38553207,280764765,train
39534746,280764765,train
39873694,244874988,train
40279741,311152641,train
43122960,216235179,train
46465189,375864182,train
46755652,344929418,train
47073120,344929418,train
248871,605463,test
1691188,8934751,train
7632731,39455276,train
11590055,50760546,train
12377267,65364483,train
13544302,50760546,train
27214615,200380610,train
29332188,439827,train
33560655,223375402,train
34543513,232596712,train
34866447,262657892,train
37322570,216235179,train
42435000,227629764,train
43736869,317893501,train
44142423,268110281,train
44206065,268110281,train
44448391,262657892,train
45349686,17062221,train
46516817,51501835,train
46755794,344929418,train
47072922,344929418,train
47452142,383064170,test
47745532,384249346,test
47815740,384249346,test
47961229,154949847,train
6244089,17264040,train
6256470,17264040,train
8001648,2119276,train
10125955,18139498,train
11369211,21965282,test
12849239,65364483,train
20728100,144687306,train
21753002,2212344,test
25489369,4129805,train
26754032,138086216,train
33101286,4129805,train
35938640,270314994,train
36315143,178272943,train
39534939,280764765,train
42360275,295247374,test
42568493,338680487,train
43784657,113709,train
45430927,365937479,test
45528239,252624969,train
45528348,252624969,train
45528922,252624969,train
47443155,382990330,test
47898942,19201987,train
59121,204539,train
2856770,14565422,train
4614091,16437254,test
6670191,16437254,test
6672758,2196224,test
8629731,21965282,test
9937667,50760546,train
10016124,50760546,train
10157977,173218,train
12022739,51501835,train
13411035,61391963,train
14068646,2119276,train
14196990,61391963,train
14680999,91016269,train
14760211,61391963,train
19314011,61391963,train
21518467,1493123,train
26121159,195831980,test
30468736,39523280,test
33653706,162280872,train
34511584,65388010,train
34543610,232596712,train
34543674,232596712,train
36099118,232596712,train
36832048,276829981,train
36842409,65388010,train
37322922,216235179,train
37323457,216235179,train
39083245,162280872,train
39084759,65388010,train
39085018,65388010,train
39085570,65388010,train
39085803,65388010,train
39443002,276829981,train
39447878,15938594,train
39535241,280764765,train
40038138,307345384,test
40131065,276829981,train
40505205,11945328,train
42987605,194100224,train
42988339,1594095,train
43449985,216235179,train
45908302,236572440,train
46191668,159510012,train
46239452,268122129,test
46464801,375864182,train
46676667,377241586,train
46713483,377246343,train
46757310,27273301,train
46770692,377953444,test
46771138,377953444,test
46812760,377246343,train
46852562,27181542,train
46892290,51501835,train
46892479,27181542,train
46963460,375549800,test
47173145,377246343,train
47310658,377241586,train
47310848,377241586,train
47354435,377953444,test
47528196,15817471,train
47729102,162280872,train
47744834,384249346,test
47886447,36520302,train
47917788,384249346,test
47962629,154949847,train
47964241,27181542,train
48014288,51501835,train
4760107,16437254,test
7556153,16437254,test
16271447,16437254,test
35700408,67433858,train
39507366,303512557,train
42033051,165776960,train
42537367,338812311,train
42815488,341019038,train
47281301,381780627,train
47359603,46584730,test
4629870,16437254,test
7556669,16437254,test
7856749,16437254,test
13392858,16437254,test
22761054,168121995,train
28920156,217996544,train
29509877,211549023,train
30034070,211549023,train
30398938,211549023,train
30767659,211549023,train
30885287,211549023,train
32102590,211549023,train
33772218,211549023,train
34337267,29582232,train
34737998,29582232,train
34742861,29582232,train
35038426,211549023,train
39526281,241945355,train
40304242,241945355,train
40871135,318194430,train
41474950,211549023,train
41563781,39399272,train
41567947,327541101,train
42404261,337471235,train
47448530,377953444,test
47574456,370725742,test
47917724,384249346,test
47955735,130030703,train
41689138,318692171,train
41764151,318692171,train
41940540,318692171,train
41940603,318692171,train
45143239,242924411,train
45710731,170568130,train
45729644,170568130,train
45878126,170568130,train
46180760,82644217,train
46413888,170568130,train
116551,497672,train
1560339,3038687,train
3046941,1475015,train
6089007,12348211,train
13654166,79305630,train
18329982,7503643,train
19412207,49123284,test
20696891,22378571,train
22064262,120762452,train
26527791,26584499,train
27850382,32866463,train
37943502,194940666,train
39469270,14077910,train
42692118,21200662,train
43245957,51548122,train
44307743,64111588,train
45276493,15823526,train
46192932,120762452,train
46193134,120762452,train
46193211,120762452,train
46193296,120762452,train
46193401,120762452,train
46193536,120762452,train
46193644,120762452,train
46193714,120762452,train
46195194,120762452,train
46195400,120762452,train
46195668,120762452,train
46195854,120762452,train
46787572,120762452,train
46787942,120762452,train
46788013,120762452,train
46788207,120762452,train
46788335,120762452,train
46788551,120762452,train
46788667,120762452,train
46788718,120762452,train
46788841,120762452,train
46788955,120762452,train
47256995,42721372,test
12249359,61391963,train
12853281,61391963,train
13388210,61391963,train
13959767,61391963,train
15159731,61391963,train
15495897,61391963,train
15830677,61391963,train
15928001,61391963,train
24497080,61391963,train
18683879,120762452,train
18750465,120762452,train
18768741,120762452,train
18787858,120762452,train
18792703,120762452,train
18812153,120762452,train
21192284,120762452,train
21192364,120762452,train
21934873,120762452,train
22354598,120762452,train
30125523,120762452,train
33835408,67738361,train
46195333,120762452,train
24226842,17477908,train
31873616,162280872,train
32160460,162280872,train
40704768,162280872,train
41506185,162280872,train
41792887,162280872,train
42072428,162280872,train
42272586,162280872,train
43777456,162280872,train
43909885,162280872,train
44109912,162280872,train
44305963,162280872,train
47448046,51501835,train
652371,1475015,train
652466,1475015,train
3040585,1475015,train
3517621,1475015,train
3817666,2119276,train
4509560,2119276,train
5396701,2119276,train
5697237,2119276,train
6106544,1475015,train
9792323,1475015,train
9938208,50760546,train
10011850,50760546,train
10015195,50760546,train
10016343,50760546,train
10031902,51501835,train
10243039,51501835,train
10413492,51501835,train
10434806,51501835,train
10569037,51501835,train
10611168,51501835,train
10721891,51501835,train
11162564,2119276,train
11166140,1475015,train
11340694,51501835,train
11341728,51501835,train
11372267,51501835,train
11380956,51501835,train
11452204,51501835,train
11453784,2119276,train
11568577,51501835,train
11589895,50760546,train
11697629,51501835,train
11758313,51501835,train
11967410,51501835,train
12037401,51501835,train
12112190,51501835,train
12384862,51501835,train
12409217,51501835,train
12887457,1475015,train
12947670,1475015,train
13064717,1475015,train
13081306,51501835,train
13130313,51501835,train
13669064,2119276,train
13669423,2119276,train
14006823,51501835,train
14028018,51501835,train
14365130,50760546,train
14838161,51501835,train
14963736,51501835,train
15561421,51501835,train
15583957,51501835,train
15870454,51501835,train
16273510,51501835,train
16312498,51501835,train
16313547,51501835,train
16332492,51501835,train
16425317,51501835,train
16466819,1475015,train
17653243,51501835,train
17925111,51501835,train
18039693,51501835,train
18109817,51501835,train
18155063,51501835,train
18359018,51501835,train
18596197,51501835,train
18599156,51501835,train
18599352,51501835,train
19069994,51501835,train
19968011,51501835,train
20122197,51501835,train
23901779,51501835,train
33611809,162280872,train
39154426,162280872,train
39484704,162280872,train
40090536,51501835,train
41456919,51501835,train
44591489,51501835,train
45086065,51501835,train
45086139,51501835,train
45114711,51501835,train
45138735,51501835,train
45176673,51501835,train
45277303,51501835,train
45277434,51501835,train
45330395,51501835,train
45398984,51501835,train
46262041,51501835,train
46335178,51501835,train
46336910,51501835,train
46706175,27181542,train
46722983,27181542,train
46729395,51501835,train
46730982,51501835,train
46753919,27181542,train
46768272,51501835,train
46797938,27181542,train
46926058,27181542,train
46937371,27181542,train
46973640,27181542,train
47002832,27181542,train
47098575,51501835,train
47179845,27181542,train
47294569,27181542,train
47582768,27181542,train
47727976,27181542,train
47893133,27181542,train
47996191,51501835,train
11701404,62192916,train
13591017,10641733,train
18565752,52403444,train
18582792,52403444,train
20761404,51501835,train
25230902,3720000,train
25963570,52403444,train
35739927,4129805,train
37813174,138086216,train
39249334,130753801,train
40971027,62633968,train
43267312,51548122,train
43909068,8309060,test
43939694,8309060,test
43956052,8309060,test
43956332,8309060,test
43959626,8309060,test
43999770,8309060,test
44032999,8309060,test
44033270,8309060,test
44150167,183423525,train
44206134,257766613,train
44245443,183423525,train
44337778,183423525,train
44378626,107716952,test
44403423,308493786,train
44677015,36008312,test
45091953,11979072,test
45412073,183423525,train
45477910,34823255,train
45671894,240480084,train
45796822,32908315,train
46214843,369043657,train
46645866,42721372,test
46801782,183423525,train
46947506,183423525,train
47002321,45656773,train
47050312,378112960,train
47050614,378112960,train
47287678,381831378,train
47406799,121399223,train
59709,186084,test
152263,732535,train
262583,605463,test
266449,1397115,train
568743,627217,test
784124,3483450,train
1256536,4995411,train
3198018,738918,train
5628539,24715671,test
7411421,3750905,train
7985333,32218896,test
16867024,117143694,train
17698842,26355565,train
19531541,56726605,test
21853347,67069129,train
23293483,53179388,train
24380794,184009385,train
25319136,4399103,test
25552076,184009385,train
28513774,108249932,train
29634211,9246334,train
31085028,4399103,test
32495242,33299125,train
34053516,6752504,train
34318362,120804342,train
35702864,6712411,test
36690328,56726605,test
37290590,6215651,train
38020017,117563787,test
38186786,108249932,train
38437629,2321877,train
41485666,71009894,train
41900007,29358602,train
42139520,138711248,train
42199814,69269813,train
42247636,335605845,train
43221088,22992205,test
43467180,4745160,train
43858927,62745,train
44517974,74906838,train
45076771,181711840,train
45454788,356808007,test
45933728,52403444,train
45992659,1761578,train
46201541,89218965,train
46264597,45328886,train
46767538,90153911,train
46802143,183423525,train
46851467,366756020,train
46879825,90153911,train
46949263,356808007,test
47050975,378112960,train
1039984,5447617,test
32937132,2196224,test
41134066,2119276,train
42388432,162280872,train
42585947,162280872,train
42999026,20891994,train
48031493,50612451,train
15396,60278,train
23135,11481,test
42729,11481,test
613556,1475015,train
883480,4676971,train
995215,3038687,train
1338362,1475015,train
1350055,2035472,test
1370154,176903,train
1512006,4731948,test
1620248,2196224,test
1672977,2119276,train
1821541,2208993,train
3645284,2119276,train
3703633,2119276,train
3984168,2119276,train
5123033,1475015,train
5259407,2119276,train
6660117,2196224,test
7853561,2119276,train
8025808,40082650,train
8740683,1475015,train
9937558,50760546,train
10016832,50760546,train
10017170,50760546,train
10017458,50760546,train
10017561,50760546,train
10033868,51501835,train
10564616,51501835,train
11381526,51501835,train
11440260,51501835,train
11474011,51501835,train
11552749,51501835,train
11619987,61391963,train
11651283,61391963,train
11671588,61391963,train
11715256,61391963,train
11715651,61391963,train
11751718,61391963,train
11752905,61391963,train
11754456,61391963,train
11973701,15789646,train
12019589,11481,test
12024220,51501835,train
12272850,61391963,train
12293900,11206175,train
12869930,51501835,train
13114203,51501835,train
13621211,61391963,train
13656541,51501835,train
13729180,2119276,train
13950233,61391963,train
14426680,2678122,test
14601503,61391963,train
14653800,50760546,train
15054909,51501835,train
16085206,61391963,train
16269344,92321381,test
16913950,51501835,train
18179365,51501835,train
18448446,51501835,train
18927644,131073858,train
19930476,51501835,train
20091705,51501835,train
20898536,3002665,train
21080763,61391963,train
22087030,24715671,test
22265411,162280872,train
22265765,162280872,train
22340093,162280872,train
23122597,79305630,train
24136557,177353847,test
24497815,162280872,train
28089652,23156390,train
29877448,162280872,train
30496490,195422078,test
30499109,1513294,train
32400196,110062861,test
32894678,9864136,train
34023411,6752504,train
34051381,6752504,train
34511326,236572440,train
34511422,236572440,train
34543201,232596712,train
34543734,232596712,train
34678207,25189614,train
35425638,27181542,train
35675813,50612451,train
37323360,2051376,test
38879682,21170120,train
38978715,57064846,train
39086515,65388010,train
39154799,162280872,train
39630715,14425324,train
39929061,13717740,test
40636564,13197042,train
40902573,143476,train
41101310,4028339,train
41689315,57064846,train
41709744,57064846,train
42740057,50760546,train
42927101,23156390,train
43012245,20891994,train
44628752,31913440,train
45277537,51501835,train
45739070,51501835,train
45847112,51501835,train
45912887,51501835,train
45915601,51501835,train
45989074,51501835,train
46010091,51501835,train
46279853,51501835,train
46378255,51501835,train
46382691,51501835,train
46432262,51501835,train
46511696,51501835,train
46665994,27181542,train
46692803,27181542,train
46696068,27181542,train
46698399,27181542,train
46797970,51501835,train
46969659,51501835,train
47784000,28460706,train
47795106,51501835,train
47924591,51501835,train
48013442,51501835,train
486350,2407024,train
704838,3621183,train
714049,3621183,train
1056185,697442,train
1645667,8732694,train
3670659,16437254,test
5442054,16437254,test
5705775,16437254,test
5860123,16437254,test
6274181,32608639,train
6303109,32778868,train
8530517,16437254,test
11549838,697442,train
15114550,95766078,test
18385558,65364483,train
19975538,1287787,train
20135361,118695056,train
21311240,154239561,train
23913047,65364483,train
25125914,16437254,test
25719557,102799406,test
25937108,168465501,train
26128481,179436298,train
26867170,196609694,train
26868493,202074215,train
27149630,200380610,train
28049432,144687306,train
28100131,212262028,test
29565064,217293060,train
31089253,232283561,test
33641091,10951481,train
33807644,10951481,train
34314739,258819365,train
37126628,279270616,test
37709413,51716739,train
38407127,158613663,train
38526362,293848610,train
38575633,294332738,train
38812729,296937888,train
39558211,270340525,train
39744664,276610794,test
39885960,9081178,train
40616700,314749835,train
40759693,222426321,test
40805165,317203979,train
41125441,222426321,test
41289512,211549023,train
41882330,331185230,test
41940253,318692171,train
42012197,211549023,train
42332658,5826497,train
43309210,188726696,train
43404055,73359383,train
43524640,346712699,train
43595666,159094080,train
43757548,349309656,test
43820698,339082553,train
44017276,226124574,test
44148869,47746841,test
44477235,359537256,test
44491230,59215768,train
45067068,140233661,train
45084700,154949847,train
45528435,252624969,train
45528755,252624969,train
45651027,252624969,train
45688040,8216047,train
45986748,8623846,train
46215494,170568130,train
46216960,170568130,train
46304684,372012124,train
46414339,3930799,train
46435388,375687526,train
46492015,368357950,train
46580294,307610328,train
46812625,170568130,train
46814791,170568130,train
46965861,179436298,train
46999617,165776960,train
47235144,170568130,train
47341339,382191358,train
47476797,383239969,train
47564490,82174294,train
12940,50148,train
274329,1434654,test
714028,3621183,train
1370405,697442,train
2923381,14927500,train
3111416,3765042,train
3249726,16437254,test
3785438,16437254,test
5010368,25840204,train
6654323,16437254,test
9426526,48866651,train
9436038,48866651,train
9445501,48866651,train
9445789,48866651,train
9509148,5023498,train
12245906,65364483,train
12936207,51716739,train
13727034,219078,train
14690845,91016269,train
15611547,65209811,train
15659743,62256292,train
17599762,5800161,train
19160504,133975955,train
19602390,137817563,train
21016498,51716739,train
24438564,53781263,train
25834338,1034976,train
26199962,16480700,train
28200288,211549023,train
29215529,217996544,train
29311332,217996544,train
29560068,165776960,train
29957911,76662316,test
30420809,179436298,train
32037535,212262028,test
33187617,165776960,train
34014432,125755479,train
34873969,1395530,train
35060529,179436298,train
35431400,266651586,train
37292857,280749450,train
37907872,157302498,train
38223220,236664052,train
38578778,294356416,train
40092482,165776960,train
40406168,3450152,train
41319863,8452846,train
41583204,109913814,train
42100811,333624974,train
42156706,234351695,train
42203409,335126650,train
42667303,165776960,train
42667393,165776960,train
43371736,904110,test
43431652,345610247,train
43652168,21548059,train
43787640,8293900,train
43957282,141927279,test
44250191,71366283,train
44532028,359537256,test
45074684,13891750,train
45150957,326725787,train
45910441,95459395,train
45925214,243703984,train
45988324,26207523,test
46084515,19569903,train
46568312,159510012,train
47122652,15586353,train
47171152,123634035,train
47196269,186147560,train
47352240,275800186,train
47355037,275800186,train
47356837,275800186,train
47472308,275800186,train
47894831,229773689,train
47952869,77521333,train
939657,5076827,train
17629651,33510,train
22435019,5076827,train
22599828,15102235,train
26865836,196609694,train
31961126,209374833,train
36354114,93532582,train
39086606,109261731,train
39867650,39399272,train
41499023,326725787,train
41940447,318692171,train
42389365,24191602,train
42708464,336961245,train
43699905,227596527,train
43883517,350711081,train
44085498,315449,train
44227450,26254138,train
44699042,361973567,train
45179714,125775383,train
45309385,2005159,train
45672270,328977827,train
45754095,49618416,train
45822263,49618416,train
46213647,170568130,train
46216709,170568130,train
46603498,9919913,train
46897706,260415060,train
47099416,34144194,train
47173798,364858042,test
47308677,109261731,train
47315013,109261731,train
47727457,49618416,train
47797017,367517348,test
47798131,367517348,test
2183423,5414067,train
4026150,16514175,train
14804661,92493393,test
18523182,57060982,train
18873598,120762452,train
28250448,14214034,train
39911299,251564307,train
41964132,229332707,train
43266587,51548122,train
43711900,1493123,train
45053379,363294652,train
45380564,111989832,test
45699760,369951498,train
45752267,51548122,train
45968007,3947310,train
45973589,23355480,train
46754860,13762763,train
47792569,363294652,train
54544,256161,train
74240,389924,test
163814,627217,test
219066,447754,test
272044,1195295,test
506571,2349977,train
567073,2789268,train
783202,4129805,train
797972,3882661,test
828553,3882661,test
1182189,2987524,test
1411811,4129805,train
2551299,3173210,train
3576160,18008945,train
9944860,663517,train
11716127,24715671,test
12403252,67069129,train
13006399,810050,test
13941236,21466891,train
14121640,16283468,train
16202962,105828180,test
16793649,108249932,train
18445522,14664356,train
22289185,24715671,test
22489858,180380802,train
23500252,683387,test
24970982,4303181,train
27250960,303926,train
29054973,188741104,train
29855428,7849770,train
30093843,2286764,test
30584992,15570509,train
32844072,80933709,test
33900911,131171018,train
35671265,42730216,train
38088253,30272105,test
38151002,240878,train
39507054,626289,train
39837361,48194192,train
39868724,6725872,train
40115863,66987805,train
40754637,69269813,train
40873601,3106679,train
42926509,7526370,train
43303056,75395247,train
43315528,51548122,train
43315639,51548122,train
43316108,51548122,train
43611394,1662605,train
43626575,7526370,train
43780482,37916100,test
43974889,43252773,train
44131715,118744531,test
44375564,183423525,train
44697574,1765894,train
45075497,62773733,train
45075714,47539363,train
45528671,70319786,train
45744619,51033911,train
45782812,360207269,test
46071395,46389451,train
46126820,99683151,train
46259894,106932872,train
46381154,32218896,test
46403181,106932872,train
46408534,2987524,test
46412138,33817759,train
46662832,197334240,test
46725873,4519060,train
46734278,3720000,train
46798137,301049251,test
46978495,44460139,train
47287837,381833215,train
47595646,4295671,test
47785690,131171018,train
47853890,48194192,train
128975,256161,train
380416,438133,test
652515,1475015,train
741712,3882661,test
1355654,7356377,train
1513777,8083094,train
1591811,8265050,train
1979076,7503643,train
2128761,407078,train
2214710,7503643,train
2267692,7503643,train
3248010,1588656,train
3468914,17477908,train
3624387,4666670,train
3636967,7503643,train
3642801,2052361,train
3710685,15789646,train
3970936,1475015,train
4225738,835105,train
5423135,11650470,train
7768661,39921605,train
9477489,49123284,test
11739071,61391963,train
13559208,81335,train
14471418,60535711,train
15815905,55149412,test
16777938,57657144,train
16851711,24758130,train
17625485,7824337,train
17856672,53978622,test
19068933,133123832,train
19699039,24835386,train
19861740,24838049,train
20286539,9909455,train
22224072,13097902,train
23489726,9864136,train
24644837,9864136,train
26380347,53179388,train
26803876,2052361,train
28177443,19791955,train
29392426,4666670,train
29990168,9864136,train
30805617,180380802,train
30806012,180380802,train
32223787,67649769,train
32544596,9864136,train
33191754,40949032,train
35805262,10745276,test
36031802,1936974,train
36383943,185936267,train
37319043,135282026,train
39194327,21170120,train
39909275,229332707,train
40133775,229332707,train
40134329,229332707,train
41078301,1805361,train
41395400,229332707,train
41761564,69269813,train
42728079,22245722,train
42904989,23792039,train
43150846,78228363,test
43516670,144183112,train
43629409,60787,train
43722421,74906838,train
43938848,69269813,train
44591618,164292046,test
45334925,10745276,test
45512906,368401747,train
45746777,229332707,train
46080480,50831521,train
46330984,18836774,train
46744904,2378528,train
46932036,6575447,train
47097053,139931346,train
57166,272006,train
1475661,7897301,train
1668328,8265050,train
9025565,7503643,train
11553357,3483450,train
19582132,5447617,test
45214547,80828698,train
45927567,3179866,train
727646,1570677,train
18689705,123472158,train
18873930,120762452,train
20857108,120762452,train
24799807,120762452,train
26357145,120762452,train
26357377,120762452,train
27459543,17477908,train
32160889,162280872,train
33218283,162280872,train
40705032,162280872,train
40946694,162280872,train
41507050,162280872,train
42045379,162280872,train
42195148,162280872,train
44330459,2119276,train
46352839,162280872,train
46352910,162280872,train
44288,193637,train
191541,926539,train
652648,1475015,train
652691,1475015,train
728764,1475015,train
740947,1475015,train
1145288,1475015,train
2134697,2119276,train
3026848,1475015,train
3041973,1475015,train
3048234,1475015,train
3091202,1475015,train
3121851,1475015,train
3339399,2119276,train
3581153,18038832,train
3652120,1475015,train
3653996,1475015,train
3751048,1475015,train
3791244,2119276,train
3808620,1475015,train
3817216,1475015,train
3818279,2119276,train
3849347,1475015,train
3866843,1475015,train
3915796,1475015,train
3983643,1475015,train
4338177,2119276,train
4392351,1475015,train
4509500,2119276,train
4621217,2119276,train
4621713,2119276,train
4848528,1475015,train
5231817,2119276,train
5316908,1475015,train
5358354,2119276,train
5443318,2119276,train
5454050,2119276,train
6051782,2119276,train
6180762,1475015,train
6908209,2119276,train
7839096,2119276,train
8752714,1475015,train
9149930,2119276,train
10017087,50760546,train
10034817,51501835,train
11243953,51501835,train
11244568,51501835,train
11602050,61391963,train
11609108,61391963,train
11620062,61391963,train
11651554,61391963,train
11652872,61391963,train
11674309,61391963,train
11687738,61391963,train
11697308,61391963,train
11739168,61391963,train
11739698,61391963,train
11751327,61391963,train
11837962,61391963,train
11840404,61391963,train
11863468,61391963,train
12091679,61391963,train
12431649,51501835,train
12672036,1475015,train
12702291,51501835,train
12851015,61391963,train
13445057,51501835,train
13544120,1475015,train
13881920,2119276,train
13959538,61391963,train
13959891,61391963,train
14280778,46164403,train
14602894,61391963,train
14721931,61391963,train
15035050,61391963,train
15827829,51501835,train
16041091,53179388,train
16177837,61391963,train
16213157,50760546,train
16377899,53179388,train
16378007,53179388,train
16525573,50760546,train
16722564,53179388,train
16810907,51501835,train
16992922,53179388,train
18706893,51501835,train
20720290,61391963,train
20897776,61391963,train
21199630,61391963,train
21566103,61391963,train
21892834,61391963,train
22020696,24715671,test
22100970,61391963,train
23131496,99683151,train
27910119,99683151,train
31459394,51501835,train
32012198,50760546,train
32160897,162280872,train
32358081,162280872,train
39128021,162280872,train
39196417,162280872,train
39211315,28823649,train
39541215,2119276,train
44529377,69269813,train
45598105,51501835,train
45698974,51501835,train
45913172,51501835,train
46259983,51501835,train
46279631,51501835,train
46378227,51501835,train
46432272,51501835,train
46832577,27181542,train
46848948,27181542,train
46984809,27181542,train
47760654,27181542,train
47772705,27181542,train
47906243,27181542,train
47918234,27181542,train
47996633,51501835,train
66741,327673,train
5588253,28974263,train
13046279,364558,train
13743350,5490071,train
15178725,96341353,train
16365302,24074171,train
17192309,66978896,train
20641332,108894035,train
22192616,160326327,train
22266234,91167002,train
32315112,73066515,train
42137992,108894035,train
43081581,180525963,train
45937961,9501531,train
12366408,66807700,train
26598477,56338076,train
30927746,66807700,train
37773891,2313878,train
40332564,50760404,train
4813767,3040277,train
8183854,43172104,train
20278540,16664390,train
25971027,195049060,train
36112186,271641582,train
39133377,4796523,train
40171561,308198882,train
41872097,237240617,train
43497020,346907585,train
43526120,345220925,test
43921782,31677836,train
45859101,62025273,train
74821,394640,train
2164398,1284306,test
11927032,12986134,train
35317010,258467515,train
35863336,2542371,train
38870540,297656889,train
39179129,300626523,test
39198133,300787611,train
41103579,3026424,train
41323959,8108782,train
41588916,218260240,train
42133680,119204214,train
42134605,119204214,train
43881057,57066783,train
44684083,110017360,test
45091233,96741258,train
40823324,41573197,train
42689679,167577042,train
42743290,297961512,train
42899689,4850567,train
43398367,7241906,train
43451371,297818,test
43639024,32124464,train
43954900,6946421,train
44461473,89420538,train
45223724,10223071,train
266964,1399910,train
721762,3726366,train
1025847,62316,train
1190476,6507583,train
9078066,47343188,train
23251775,9837019,train
28096425,155702726,test
31106857,29851816,train
31920388,14053042,train
34316038,1242636,train
37493620,162714234,train
38898269,297904807,train
40140523,309828516,train
40308991,43172104,train
40372892,4021487,train
40409517,312486695,train
40670872,10736621,train
40697753,22805880,train
41289276,1609359,train
42621413,1520391,test
43299277,10782510,train
44095335,171995295,test
44247459,112522169,train
31670041,4333246,train
40449700,3691863,train
42113651,120343382,test
412061,2051075,train
643877,731352,train
3883020,12556197,train
9905142,15869370,train
11123966,20794193,train
12713090,23919461,train
13027365,48804458,train
15423731,48804458,train
17872922,30494797,train
18375685,76225580,train
29958350,12784820,train
31316889,40245658,test
32854456,22171095,train
34908810,9880282,train
40682851,136081476,train
3605524,17958831,test
6014926,820011,train
14104044,84914817,train
14182564,84914817,train
20688624,979144,train
22082903,156047478,train
31036861,908906,train
39355155,89439538,train
43956795,352021160,train
46432057,24954668,train
38386908,1730026,test
39535849,303764720,train
43635474,92742240,train
45883258,24954668,train
62903,306605,train
235281,1232627,train
253590,1331850,train
344092,1745402,train
699472,3587751,train
3161739,14736455,train
4096910,20412513,train
4270499,22171095,train
4823910,10503302,train
5210286,8353665,train
6334236,32901759,train
8951763,31752474,train
11460993,60278793,train
14058880,9273392,train
15191179,38790056,train
17812919,6430476,train
21457703,6945444,train
22292617,4520714,train
22689939,167258458,test
23355035,428643,train
23744530,3447309,train
25407116,191804394,train
27893211,6842719,train
31097104,1000278,train
33492587,13442714,train
33875614,16439835,test
34332734,1478269,train
34944389,13463015,test
40340626,219980360,train
19159,73051,train
231194,1204785,train
753991,1884204,train
922764,1204785,train
4480793,23249630,train
4567518,23671946,test
5298458,2730883,train
5411787,21327210,train
14850904,92963740,train
15913986,2270624,train
20271739,147513,train
24223602,182086879,train
24866378,69469129,train
25334775,191173797,train
27874237,42273,train
32108317,16543733,train
35707945,104151293,train
29302018,93732420,train
1225110,2888900,train
2538248,9743617,test
4025329,9743617,test
9050105,47219962,train
9078222,47219962,train
18386915,32706119,train
20895434,32797377,train
29549783,222430446,train
43721585,27844914,test
374548,1884204,train
4154042,200501,train
4481474,23249630,train
13417071,76451668,train
15535391,5503249,test
26893802,5503249,test
41552266,306971742,train
46731336,59905333,train
47227788,356315174,train
8672280,4068325,train
22000430,159154462,test
26785,42273,train
13507377,32706119,train
17864665,4059918,train
30766643,230049837,train
37939102,20236928,test
38726243,14613015,train
41348970,239396147,train
102995,178043,test
585937,2888900,train
7562552,39639169,train
17043121,21959207,test
18226108,57641560,train
20194264,59359620,train
21392488,118697704,train
30131807,226414996,train
32044146,138150256,train
32332890,27364574,train
33011936,20983,train
33553737,76451668,train
34197844,758052,train
35871036,226414996,train
39863817,306971742,train
22142636,40875021,train
34078420,119816199,test
34150118,40875021,train
43379173,159369488,train
89621,209460,train
227715,209460,train
1970574,579495,train
5392416,27927011,train
7680504,1550888,train
9300556,1550888,train
16067542,31378,train
21355102,1978457,test
29505792,183707967,test
29544793,222461823,train
33248031,178833771,train
44568671,248161322,test
44568674,248161322,test
10157256,28722501,train
37551957,229858536,train
39534587,261464666,train
40142179,261464666,train
40142491,261464666,train
40757318,237336458,train
41899357,261464666,train
41909552,261464666,train
43123104,159811367,train
44485607,159811367,train
44489216,159811367,train
45356456,146345538,test
1223230,6672450,train
14599247,62661922,train
21204007,153166469,train
27333008,18884557,test
29176205,63896964,train
30663246,229577914,train
32743677,1245423,test
34019859,256870762,train
36355730,230252627,train
37394047,253873710,train
37464929,15472556,train
38186924,5292893,train
39466783,45065985,train
39678744,667926,test
40060332,64983879,test
40697974,3675496,train
40750841,279648327,test
40888693,318425752,test
41480537,273057459,train
41752630,176373543,train
41984737,127700756,train
42757120,64323488,train
43449275,3311657,train
43452323,345374604,test
43516325,25103935,test
43558157,95057884,train
44988192,570281,train
45067198,285078514,train
45334075,366465658,train
47951404,110115422,train
938075,5065725,test
1145088,6278387,train
1364278,2125633,train
8831792,46257760,train
16185252,105687783,train
19865000,24274035,train
27583483,4565786,train
35124311,202604552,train
35689855,17877302,train
38329522,291667745,train
39203297,299164175,train
39381486,5423999,train
41715665,92856848,test
42271050,701913,train
43576145,347766482,train
43652436,5037071,train
44497672,222645551,train
45012433,285078514,train
45189458,48863753,train
45581490,63853,test
45617541,16828535,train
45784511,371173367,test
227495,959931,test
40093753,11816779,train
36516786,75981130,test
39195247,257808847,train
39457521,17048194,train
43069218,22887458,train
43556494,38001914,test
403712,528594,train
4814553,321660,train
13604994,78704485,train
34107684,12162311,train
35424418,23455550,test
36963544,97366994,train
37327134,281015475,train
37913275,16740191,test
38098602,6154819,test
38978583,1584008,train
39723526,66371088,train
40392107,24016274,train
41767810,329966232,test
42982616,7409877,test
43489019,3829233,train
895368,4770121,train
973653,4770121,train
2835711,3237504,train
3675957,2076525,train
7871985,5577926,train
10701027,345252,train
19271040,289199951,train
19700585,1384111,train
21435800,289199951,train
22031456,160495098,train
23513769,337693208,test
23514938,337693208,test
25740704,375177301,train
27406558,8245652,train
28954400,1633246,train
33558241,4770121,train
34754120,2126399,train
34974475,263504959,test
38929251,24880134,train
47080168,42298262,train
1929321,9991075,train
12834648,70060476,train
14519882,70060476,train
14648838,33403059,train
17824129,102763353,train
18023284,36457711,train
20887028,260958,train
21038703,40800717,train
23128247,140293912,train
23565616,40078965,test
26109380,4426065,train
34722584,70060476,train
35965985,263994272,train
38779756,296574695,train
45546612,35622276,train
46420303,114828297,train
2801214,14325632,test
8680417,12190039,train
18785349,126897352,test
19179372,126897352,test
22295591,70079814,train
24857723,32844422,train
35743508,267405973,train
2305170,11774081,test
2814931,14399467,train
3067093,3541594,train
3939041,284199,train
16101054,13224803,test
16914299,26538766,test
20783811,1911615,test
23647298,142765455,train
29917648,9059810,test
38070409,74944205,train
43390526,317899464,test
43391075,317899464,test
250537,1313306,train
363016,1834769,train
1076324,3864301,train
2983952,11018460,train
4312431,1834769,train
6747106,2388537,train
6807079,7853731,train
10233563,4227531,train
11802086,62852828,train
13667739,8457214,train
15483385,70668167,test
16205272,104238268,train
16441625,1239078,train
17295864,72215470,train
17345954,4916916,test
20522971,104238268,train
24538110,12156706,train
27795695,24589216,train
28432700,2770596,train
34256176,41124793,train
38551651,70505953,train
39772675,28783846,train
42776325,72108830,train
45335425,70668167,test
2571283,5140244,train
2777003,14202520,train
3952093,20484008,train
4189428,21734605,train
5285553,2423067,train
6862191,17782625,train
8054277,42535703,train
9997449,23863809,train
10833173,1334808,train
12494415,67651553,train
14088558,37073646,train
15827538,6119933,train
19133567,110888907,test
20406782,60350045,test
21935727,1341264,train
22086471,3965297,train
22665392,6787261,train
23593710,17494958,train
24082591,44303500,train
26014359,43463232,train
26450570,188393472,train
29078405,44129118,test
33995646,67651553,train
43772737,267112113,train
59855,288031,train
293837,1495502,train
6896715,10489933,train
11844776,3864301,train
12725523,6472334,train
20071750,3309814,train
20788473,312035052,test
24038899,10828579,train
25864886,226563,train
28284019,10828579,train
29875799,32162351,train
30272649,16099130,train
33579970,64898741,train
42999798,23376733,train
46281718,2851409,train
597624,2954680,train
641768,3206521,test
1476238,7324189,train
1716640,9051298,train
4339924,22530714,train
7884922,7139819,train
11730504,11292325,train
16678888,1380312,test
20941726,67268840,train
36228538,12776694,test
37718774,9878986,test
40948910,319053984,train
386799,1935605,test
19384126,11370189,test
21649172,4431637,train
24326705,178244787,train
31400403,16683574,train
34302049,17831516,train
99662,524730,train
549873,2702563,test
1057022,5822377,train
1132201,712590,train
1147507,5523186,train
2165107,10533538,train
2243321,11457662,train
2255549,7145048,test
3220725,15646137,train
3511778,17681072,train
6729589,6386894,test
8502814,8636732,train
9217592,881301,test
13788013,10371038,train
15721376,69652097,train
16364067,1528114,test
16396119,52780335,train
16412250,19294443,train
19651861,138331581,train
19673318,138526119,train
19787716,1804766,train
20382522,13246721,train
21220573,85318599,train
21309659,154201505,train
21310073,154201505,train
22789686,168032685,train
23017828,1466422,train
24154729,37995238,test
27871248,106063627,train
27936288,211034625,train
29922930,64802660,test
29923198,64802660,test
29966643,5523186,train
30737643,1466422,train
31069988,17494958,train
31148287,23901417,train
31418014,5637331,train
35085042,189994854,train
3701890,3146957,test
37217357,280209639,train
10362017,53329690,train
22446079,3812968,train
24962583,18767788,test
36181000,30730392,train
36639320,231357949,train
37732641,1862040,train
40078748,309202628,train
40159237,152375172,test
40302355,257908724,train
60457,99212,train
168810,747698,test
490278,2424873,train
528615,2597207,train
721719,3726131,train
731316,3805397,train
1034143,4830615,train
1180618,6459215,train
1322917,7179629,train
4047795,16236095,train
6523389,8593176,train
10827775,5075049,train
19876096,5109037,train
28276940,96328752,train
29320834,9006067,test
29944625,225139503,train
172499,823006,train
521807,1628629,train
5919967,6312657,test
11302422,36752187,train
13746082,80499661,train
16994272,570464,train
23256946,3732261,train
36064099,175271914,test
39780144,273632292,test
18354627,359307,train
36168631,4169722,train
38269872,5362783,test
40010639,2162887,train
616249,3054174,train
1939757,10033884,train
40636994,25668817,train
2736911,3758251,train
35643772,21918321,train
39530302,21894865,train
1240625,6762538,test
5641888,5788510,train
11959356,11079691,test
26496511,2610706,train
39502006,25860327,train
40357574,10870163,train
40677711,3799437,train
41506868,326556777,train
21393427,22924270,train
35580936,267713201,train
36944146,8190017,train
37426635,282195828,train
39775445,207141784,test
40003458,9817255,train
40529314,119341880,train
41021580,261682551,train
9348145,2820971,train
11295356,59023532,test
11502990,60592809,train
17785926,6734081,train
33559330,206031174,train
35836471,269114687,train
37306472,1708612,train
37489260,150285481,train
38626897,295015902,train
39386879,19831141,train
40200193,4579864,train
39399809,302643033,train
39523142,303643917,train
39712342,28153261,train
40136352,11356488,train
40197148,278964509,test
40946832,4218449,train
42227393,2130954,train
42708978,340198326,train
42954820,193877,train
43439113,342156685,train
45178902,364865455,train
46116837,7951073,train
47448218,1740955,train
36203757,29590865,train
37563800,283760063,train
43117248,73961308,train
43301098,7593283,train
43604253,61287970,train
43637634,50893272,train
46561315,1602951,train
47844727,633001,train
815544,4284566,train
24473997,118750983,test
37363912,140264403,train
38042273,680557,train
38355263,291891514,train
39273246,301511694,train
40508388,45002777,test
40780235,2519289,train
43069606,342832579,train
43303571,258270733,train
43357908,3509546,train
43366580,45317933,train
43404491,1113737,train
43457328,16311985,train
43457379,37968302,train
43804955,162394023,train
44035127,136080466,train
44035162,136080466,train
45019450,27287776,train
46583888,18940662,train
46625878,7812935,train
46900879,378877200,train
47766650,13317697,train
47942452,2148069,train
47990083,230670639,train
48000739,7087479,train
48016092,387005139,train
2344869,5868807,train
3626950,18270307,train
7694852,21570720,test
16383827,52594785,train
19459060,10902665,train
23078904,334485,train
26842032,7420919,train
31687693,21106043,train
34818678,89144846,train
37879861,73967303,test
39634835,29290530,test
40054196,308924881,test
40227162,25129166,train
40451341,305029354,train
40472747,3806936,train
40848201,67050284,train
40886760,70638340,train
40896294,261682551,train
40923448,149380359,train
41010459,319453843,train
41502557,161768861,train
42495863,338416949,test
42900476,41196179,train
43043396,868804,train
43072325,14988945,train
43258270,156777540,train
43318365,344973251,test
43580746,283771279,train
43596622,4960457,train
43654099,107188703,train
43879299,1695873,train
43958041,352038498,train
44186033,188901948,train
45177570,37771318,train
45471237,119140065,train
45977458,82736320,test
45986600,109266340,train
46045434,156849025,test
46089752,26309,train
46430844,375649922,train
46523580,67747906,train
46727487,373073512,train
46892859,378824641,test
47292815,13525359,train
47450842,97039063,train
47900461,262780130,train
47956172,4486811,train
48008436,386999487,test
48011827,5059855,train
701918,327033,train
6152725,31916657,train
12812577,69852641,train
24607763,118029044,test
32080210,29278028,test
33162983,9293730,train
33467176,148725429,test
35635841,267989178,train
36064676,271300364,train
37057382,65608448,train
37058304,65608448,train
37084479,110359,train
39299540,301720129,train
40347199,148725429,test
43130776,341908723,train
43578161,110359,train
43736437,312349731,test
45994531,349820814,train
46727804,154396250,test
46941182,373734101,train
9289159,43963802,test
37022153,65608448,train
37084569,278938434,train
37397088,9293730,train
44569866,345033748,train
44569940,345033748,train
68765,282655,train
258838,1360198,test
552639,2518984,train
644833,195137,test
725509,3752523,test
794427,4185135,train
2080861,10630723,train
3678829,17051201,train
5031178,21721684,train
6594861,34501360,train
6827028,10630723,train
6863691,700224,train
7498271,35819315,train
8533225,1420715,test
9328578,43963802,test
10983794,6187360,train
11438189,4422962,train
12400242,67045498,test
13980860,32772480,train
14281526,86209218,train
16333020,106837455,train
18874394,62734,test
19227532,134601877,test
20459818,134428157,train
21015347,102618751,test
21054012,48638439,train
22582841,163829123,train
23506770,5977578,train
23651443,32772480,train
23935141,282655,train
25255214,849248,train
25257884,9293730,train
25354678,107437866,train
25389925,7076239,test
25999678,7772526,train
26558970,143979755,train
26845561,78643953,train
29097472,157397904,train
31932152,57885474,train
31933373,78643953,train
32342911,190921808,train
32406935,131476075,train
32487006,244082709,train
34474349,256533375,train
34547230,120622978,train
34650619,261412334,train
35459644,1355112,test
35498737,259325636,train
36102578,271568898,train
36457700,66993395,train
37967241,287848650,train
38019993,287848650,train
39302944,107462006,train
39472394,49553194,train
39563416,34457315,train
40365807,69533355,train
40369846,2495677,test
40380307,309612914,train
40565096,264774047,train
40928399,314364722,train
40988010,147791016,train
41285370,2521127,train
41336712,2521127,train
42249658,254422852,train
42507723,19258174,train
43227650,67122613,test
43451168,7580102,train
43466988,9407935,train
43485988,330311549,train
43559840,229470652,train
43757883,161863161,train
44466661,10194781,train
44683797,302885,train
44747618,3256433,train
45000145,215488365,test
45384737,102618751,test
45401318,365794493,train
45580394,144683380,train
45697674,219517861,test
45698750,219517861,test
45742729,9293730,train
46154796,373960546,train
46246632,9293730,train
46603440,215488365,test
47551311,383843731,train
47772073,218680954,test
47907266,383843731,train
4557370,7257731,train
13857003,12485770,test
17778366,10910171,train
19098733,82920107,train
29847492,159598333,train
29945246,224489730,train
30681498,157337532,train
31667621,204811322,train
31715312,204811322,train
32933643,159598333,train
35603341,159598333,train
36917552,267272502,test
37740667,159598333,train
37826179,286310789,test
39224657,248494593,train
39289019,267272502,test
39369799,13461496,test
41668852,157337532,train
45994519,278664795,train
46599715,12462016,train
815465,4284154,train
4668252,23772724,train
4831795,323771,test
6362061,3716641,train
6880480,36053172,train
7331958,2282450,train
9349010,3716641,train
11753010,62535444,train
12867918,9293730,train
13170159,62535444,train
18869228,9293730,train
19382819,9293730,train
19731551,9293730,train
20825876,116839989,train
22747209,8113165,train
23369991,174180669,train
23451337,83786650,train
25537456,56283770,train
36060576,271275048,train
36302523,271275048,train
36783928,15880141,train
37010648,47634529,train
37147093,271275048,train
37332720,9293730,train
37349383,271275048,train
37390067,271275048,train
37717323,271275048,train
37807246,271275048,train
37808381,271275048,train
37942657,271275048,train
38846563,271275048,train
38846643,271275048,train
38847411,271275048,train
39435705,23772724,train
39435765,23772724,train
39524646,1479833,test
40178609,271568898,train
41082801,321252889,test
41107092,321252889,test
41109712,321252889,test
41127989,321252889,test
41131891,7652744,test
41133580,321252889,test
41134098,321252889,test
41153731,321252889,test
41153993,321252889,test
41531671,321252889,test
41789758,23772724,train
41867299,23772724,train
42274209,23772724,train
42311578,23147135,train
42688012,9293730,train
43669374,348619646,train
43701283,348619646,train
43702545,348619646,train
43703359,348619646,train
43815770,348619646,train
43844044,348619646,train
43895124,348619646,train
43928714,23772724,train
44281187,348619646,train
44304516,2644100,train
44631766,23772724,train
45062813,69687579,test
45275194,23772724,train
45622205,154385604,train
46280898,219517861,test
46333357,44950152,train
47076840,83786650,train
47746723,219517861,test
47887785,10194781,train
107895,3088389,train
1336230,7245581,test
1478946,7245581,test
1479283,7245581,test
3060297,7245581,test
3636601,7245581,test
10149453,12485770,test
10268073,7245581,test
13912712,9293730,train
16122082,7245581,test
18199525,80479138,train
18386307,7245581,test
18425106,22541573,train
20698477,83786650,train
23467610,45842148,train
29959581,225252724,train
34537321,83786650,train
36589562,271275048,train
40345364,48593753,test
44799074,219517861,test
45270796,83786650,train
45380846,83786650,train
45688475,219517861,test
13108345,22541573,train
13448568,22541573,train
16764130,41578662,train
18423938,22541573,train
24157110,28422,train
37085182,48593753,test
39189765,48593753,test
45311238,142295011,train
45413905,17490089,test
45466241,83786650,train
45492428,22541573,train
45579970,22541573,train
45595551,9293730,train
45685929,112723048,train
45767972,22541573,train
45846335,83786650,train
45981169,97055824,train
46103580,22541573,train
46327016,22541573,train
46503667,17076357,train
46920019,11555466,train
47046782,1806934,train
47052940,22541573,train
47094403,113542014,train
47944236,129333453,train
940115,5067409,train
3339273,7245581,test
13108573,22541573,train
15767826,22541573,train
19787245,9293730,train
31018261,5117643,train
39781222,38284667,train
41792404,51672812,test
44799007,219517861,test
637641,3181056,test
1336223,7245581,test
4530432,7245581,test
12832899,22541573,train
14726699,66949758,train
19240100,29735603,train
23523123,112843970,train
31695085,13419129,train
37282117,78408136,train
37291686,250993231,test
39480252,16851857,train
40002645,72610885,train
43894383,348619646,train
45581463,22541573,train
3922417,7245581,test
3957619,12485770,test
4845237,12485770,test
13073569,22541573,train
15767882,22541573,train
16174233,9293730,train
19841625,30868859,train
20772650,83786650,train
21091355,83786650,train
45482929,83786650,train
45581450,22541573,train
286662,1491538,train
607781,2874433,train
705997,240048,train
16158270,105310740,train
19118963,9293730,train
29729728,2299134,train
31572850,274333,train
34141423,257770997,train
35867917,158458681,train
37120610,49863381,train
45689161,22541573,train
46411236,51637918,train
241862,1269455,train
2254817,9420221,train
5897622,17266994,train
14139553,9293730,train
22282585,107296819,train
25970374,9293730,train
37200571,48593753,test
43293165,853508,train
46082304,219330477,test
3808405,15449599,train
11655500,61842904,train
13522948,22541573,train
22399103,4010883,train
28587663,2947400,train
37250030,48593753,test
40503392,51237443,train
45138618,48593753,test
46256756,55280870,train
47140000,5992443,train
43654490,253549192,train
45656211,112469733,train
3492910,17266994,train
5020687,10366837,test
6703001,32432748,train
13183672,1363435,train
16677866,107296819,train
17370778,1339545,test
19001879,132576479,train
20589880,5305576,train
20968166,116404073,train
23027784,56283770,train
23581343,27482280,train
23861367,21721684,train
26002246,83786650,train
29313881,86156456,train
37260106,37718300,test
43723972,9158874,train
65425,314941,train
67151,327033,train
4643199,13347167,train
13636887,79089979,train
43357832,66125531,train
45530663,22541573,train
302238,1556814,test
303264,1556814,test
305245,1556814,test
2551532,13063145,train
2619802,13347167,train
4440020,195137,test
6958924,36489857,train
8975190,46901221,train
8975201,46901221,train
16288338,99494083,test
17418177,95341719,train
19449463,8292927,train
29965497,67987135,test
30887578,67987135,test
31255471,9293730,train
33049409,95320637,train
35673265,268353279,train
39839498,266092932,train
40781102,72687291,train
41215964,81636631,train
43542791,55170899,train
45688889,219517861,test
18349549,46128489,train
19018768,185745,train
19414281,4040993,test
24622772,1303459,train
39553672,23772724,train
40261940,23772724,train
40474055,43963802,test
40887882,23772724,train
40912721,7022470,train
41895103,23772724,train
42941437,23183510,train
43277508,4381983,train
43414717,345986317,train
43690836,163626113,train
43893972,3664686,train
44195061,150883804,train
44207340,17658487,train
44275638,9172532,train
44910381,261167972,test
45348615,1921481,train
45530812,22541573,train
45530831,22541573,train
45530908,22541573,train
45689278,22541573,train
45752398,25008662,train
45767833,22541573,train
45791404,114548258,test
46102747,3738167,train
46241504,22541573,train
46326832,22541573,train
46492242,56771130,train
46503134,22541573,train
46528494,22541573,train
46532605,62095551,train
46566048,16139880,train
46582009,83799519,train
46641129,19740343,test
46682763,150428984,train
47239227,9472223,test
47296916,381930015,train
47310530,32332007,train
47311675,1543205,train
47403343,326708037,train
47726896,18516768,train
47782915,13716326,test
47904701,294141144,train
268362,891267,train
302309,1556814,test
794425,4185135,train
1073780,1149419,train
15495132,9293730,train
22401504,163855521,train
26148245,196549213,train
36114337,33949788,train
36697196,275820610,test
40618583,1364042,train
40704904,23772724,train
45181832,364597810,train
43390534,2050608,train
29313398,4555996,train
30348624,227872371,train
39244920,21543930,train
39878798,23772724,train
350525,74777,train
4936254,22087408,train
10341262,23772724,train
28794872,114022893,test
29095217,24738407,test
39505950,300441683,train
39769551,73564528,train
39837617,245003299,train
257097,315401,test
808139,3467798,train
1018529,5606448,train
4309648,13063145,train
4828336,7552191,train
4963237,310670,train
6066563,19810363,train
9359564,19195540,test
9374263,48638439,train
9836940,10664416,train
14043464,869880,train
20017121,82119233,test
22699847,134428157,train
23728057,15681707,train
25032319,30736639,train
26570316,15175378,train
26803556,801975,train
27477710,157337532,train
29546751,67987135,test
31201905,226664611,test
31234062,40822420,train
32595490,245003299,train
34317590,283944,train
34618352,261167972,test
35347616,259669775,train
38910508,142352236,train
41159201,44431356,train
182095,872805,train
1114409,265152,train
2107696,9265204,train
4688418,23772724,train
9634588,8132053,train
13745575,1571120,train
14109544,5302735,train
16467731,108055585,test
20040078,142352236,train
21216288,5022142,train
23105764,156948703,test
31082686,105310740,train
32342394,190921808,train
37085302,278330859,train
37316929,159598333,train
39331263,155297,test
39561110,303344746,train
43213097,5302735,train
44004162,352617669,train
4822181,23772724,train
14012274,83786650,train
36945647,159598333,train
2520075,238113,train
6115341,24216745,train
18489929,7740184,train
31409739,20233597,train
39548285,22541573,train
47784414,74160727,train
32023,137974,train
82550,448312,train
148825,718349,train
437352,290662,test
3522244,922478,test
3554204,17151730,train
4637014,12459436,test
4714854,23772724,train
4783809,177846,train
16860045,97127885,train
19135125,129123,train
21025488,151421618,train
21783251,158725307,train
22511108,128338539,train
27375052,206313609,train
28736904,4443863,test
30764476,159598333,train
33169141,219333557,train
35007394,259669775,train
36456548,13108199,train
37909386,9293730,train
39114301,299909340,train
40277968,3894843,train
42030455,333057838,train
42514191,338498911,test
44118529,73122401,train
47070508,16022036,train
8182759,3538661,train
8702690,25104068,train
179741,314941,train
1258651,6854750,train
3445138,17051201,train
3626426,13347167,train
3818322,1464358,train
4767748,24597265,train
4792705,3471761,train
5706280,13347167,train
5967998,29278028,test
7799045,3467798,train
14093957,76628403,test
16861543,4381778,train
17383253,9293730,train
17943732,6397629,train
19738695,24559181,train
21173134,142352236,train
23432542,56283770,train
23437788,56283770,train
27651236,191849342,train
29305952,220763958,train
29878723,2494204,train
32987685,8033432,train
34093881,253448038,train
34969461,1849974,train
35344556,266092932,train
36182794,266092932,train
36914033,159598333,train
39839293,266092932,train
41319343,980101,train
42779913,170654081,train
46688810,374308047,train
3600108,7076239,test
4621213,23899821,train
4908331,25266756,train
12307809,26535250,test
13970217,80479138,train
18874640,13347167,train
23277230,128579948,train
30231630,227037845,train
31895980,33614329,train
34278935,256966373,train
37371179,42197611,train
38617814,26644197,train
38849102,297452190,train
38983890,77226038,train
45203962,132844782,test
46088307,8222437,train
466277,815977,train
2154567,9430366,train
2739793,14019268,train
4089102,21183428,test
11653081,282655,train
12561681,68094795,train
13042637,9427289,train
27982303,70007560,train
31624317,154302755,test
34410542,253448038,train
39136584,45578040,test
121861,611716,train
417685,119588,test
14070671,83377687,train
18917771,131858158,train
23565676,161899037,train
29635732,63227531,test
31883127,6833598,train
37094830,24999007,train
38704145,19813456,train
38725189,284090766,train
40930849,145563103,test
42938939,341887879,train
12985547,13347167,train
13846099,12528462,train
21548054,15508421,train
27573483,1180925,train
33654747,6136511,test
36001938,55711801,train
38624089,293765336,train
39717041,305256600,train
40339942,309612914,train
40397394,176809727,train
40533508,27198421,train
41012815,78643953,train
41848581,16022036,train
42034928,23772724,train
42444354,23772724,train
42451008,23772724,train
44089440,18764403,train
44117480,26343039,train
44293422,2267153,train
44456806,359185391,train
44949328,77171171,train
45176684,364844663,train
45530652,22541573,train
45752068,23772724,train
46401349,349820814,train
46417232,349820814,train
46608176,3984431,train
47293809,8997485,test
2173203,87773,train
2619549,13347167,train
2636532,13347167,train
12806016,69794747,train
14807716,49704571,train
21263872,21942287,train
25276349,10457323,test
29189777,219924114,train
34473821,79461666,train
34481828,46574899,train
34673353,261560877,train
35653330,20514946,train
35934279,507966,train
36794104,276558543,test
38747830,204348856,test
39535314,2723138,train
45456352,307197943,train
45480607,153392552,train
46698888,204348856,test
46797479,9293730,train
47078699,380496008,train
74333,331328,train
248865,417504,train
302280,1556814,test
310796,1385157,test
779838,4040811,train
896777,2415588,test
982038,5378922,train
1534212,7365834,train
1735804,1755097,train
2012750,10355206,train
2093064,7245581,test
3068145,13347167,train
3556577,7245581,test
4517848,7245581,test
4948928,914838,train
8703711,40828217,train
9750139,50292584,test
10096352,12485770,test
12015378,50292584,test
15158194,7245581,test
17267017,95341719,train
17554981,5162192,test
17866206,114736959,test
18240963,114736959,test
18586873,129062212,test
18823971,13347167,train
21148292,22541573,train
24772022,1640651,train
25047693,189356812,train
29034966,145002203,train
30737221,198406576,train
34738463,4852748,test
40223498,189055563,train
43929933,218680954,test
44958482,34441607,train
45149497,6195035,train
45543348,219517861,test
46355090,371552251,train
9162161,914838,train
14213699,22541573,train
20212322,83786650,train
24582148,9121940,train
42603690,171812142,train
45688536,219517861,test
46412967,310205815,train
47748175,297257047,test
21667615,78251,test
22514245,3169482,train
22610279,32301367,train
29232638,167636238,test
30162689,1556814,test
32572929,73049484,train
33771250,53481729,train
33797564,73049484,train
37337364,130978871,test
39663574,5507412,train
41181646,52717549,train
41642106,171812142,train
42323675,114022893,test
42507357,13095310,test
43912376,11995969,train
43957400,352028298,train
44139096,267272502,test
44419919,306670535,train
45606691,369403022,train
45653546,142525342,test
45822475,51501527,train
45825906,350871958,test
45970489,8276361,train
46413593,292936703,train
46568968,376562453,train
46623212,376896330,train
46764867,47149850,train
46924559,379096117,train
47009616,260396179,train
47100407,350871958,test
47587720,17227473,train
47748559,38663754,train
47768102,27482280,train
47784339,385129361,train
47842019,385129361,train
47919922,219330477,test
47983124,381930015,train
24358619,106837455,train
28307645,40031815,test
40641542,315145052,train
41430275,13419129,train
45172904,66842467,train
45512279,11760331,test
45993212,2394164,train
46073026,37085128,test
46398317,37779571,train
46879413,27970259,train
47369499,257070,train
47451563,139705209,train
47718177,315145052,train
47903698,219517861,test
89427,116599,train
2447298,5165749,test
2607741,13347167,train
15553633,29611911,train
17651665,106837455,train
22108130,106837455,train
23579705,9428025,train
38603451,13347167,train
38924473,23772724,train
39435760,23772724,train
39435773,23772724,train
39435811,23772724,train
39878837,23772724,train
40563247,45922975,train
42434849,9121940,train
43245711,10459563,train
43278189,3233986,train
43387363,23772724,train
43928617,7486327,train
44019029,5726298,test
45069853,4056243,train
45117874,50465868,test
45449265,22541573,train
45449352,22541573,train
45449393,22541573,train
45481225,22541573,train
45481829,22541573,train
45492242,22541573,train
45530938,22541573,train
45530954,22541573,train
45530985,22541573,train
45531011,22541573,train
45531058,22541573,train
45579953,22541573,train
45581228,22541573,train
45581273,22541573,train
45581317,22541573,train
45581457,22541573,train
45689199,22541573,train
45689225,22541573,train
45689270,22541573,train
45689285,22541573,train
45737154,6494415,test
45767789,22541573,train
45767809,22541573,train
45767847,22541573,train
45767883,22541573,train
45767893,22541573,train
45767999,22541573,train
45768037,22541573,train
45768074,22541573,train
46009777,22541573,train
46019862,22541573,train
46254621,22541573,train
46326778,22541573,train
46326821,22541573,train
46503124,22541573,train
46794371,152994552,train
46833784,298280633,test
46870412,52049429,test
46876494,22541573,train
47052710,22541573,train
47052722,22541573,train
47052736,22541573,train
47052753,22541573,train
47052801,22541573,train
47052989,22541573,train
47101625,22541573,train
47117781,22541573,train
47405521,29755711,train
47486809,22541573,train
47495050,230815594,train
47747788,185725011,train
47885578,22541573,train
47943586,57388124,train
47954077,22541573,train
47993937,22541573,train
45893765,22137000,train
253471,417504,train
253800,417504,train
3663984,13347167,train
5439372,19066350,test
8816070,40236486,test
13467270,76840954,train
2055050,10525320,test
2525956,7365834,train
3968610,20567256,train
4885569,17056215,test
9117817,46644337,test
16725326,106837455,train
17267665,95341719,train
22734483,45241930,train
25234732,1497427,train
28361060,10164435,train
44798678,219517861,test
26301165,50366054,test
39576696,271275048,train
45530791,22541573,train
35742752,36489857,train
2620068,13347167,train
3600496,12485770,test
7933257,109981,train
3522513,17739111,train
3923128,13347167,train
8472812,9295237,train
10824871,12485770,test
37253210,61842904,train
41963212,204348856,test
44565901,34113764,train
44998371,286310789,test
253803,417504,train
838070,240048,train
1098863,2413714,train
2607583,13347167,train
2863408,13347167,train
4656361,8291260,train
10939344,914838,train
13582811,78408136,train
14506036,1215853,train
22567255,8299661,train
29074233,49745989,train
36560083,264393536,train
37091323,270284224,train
40101435,236595718,train
40897425,168240837,train
41596532,327930312,train
266155,1385157,test
16476482,22541573,train
33960097,44918139,train
42838791,7652744,test
384264,1923644,train
416557,2714164,train
3832863,18094896,test
10385262,53462017,test
26134096,156948703,test
28014842,137358866,train
28054965,52675311,train
30788330,37883321,train
36220419,272419087,train
38128306,221851804,train
43315659,15942273,train
18160364,106837455,train
18488833,10285950,test
182177,873273,train
1221332,3757699,train
3696043,807340,train
8806104,7650414,train
9422573,248490,train
13408222,27277459,train
16451907,1223281,train
22231811,17430718,train
24965929,1180925,train
25112819,12104046,train
32392636,331328,train
38293596,22646790,test
40535156,122853875,test
211078,306739,test
253466,417504,train
253475,417504,train
253806,417504,train
253811,417504,train
294227,417504,train
294242,417504,train
294259,417504,train
294280,417504,train
700916,3595395,train
727512,417504,train
727547,417504,train
1467106,7858405,train
1974700,1556814,test
3081771,15681707,train
3685704,2640773,train
5144689,26597048,train
9113032,15175378,train
12385002,66949758,train
13358786,45853010,train
17842111,122044895,train
23509707,112843970,train
25296394,191085997,train
25518572,8997485,test
27227103,122044895,train
28911848,191085997,train
29105563,24738407,test
30851304,227872371,train
38494298,20587708,train
40404676,131697576,train
60611,292204,train
246916,3647,test
346579,1757016,train
698132,3577509,test
3529888,9952523,train
7066414,13347167,train
7072541,35819315,train
7516218,60046,test
8668418,22251283,train
14262383,86887132,train
16201959,67523,train
18560569,9727058,train
21210250,79753770,train
21589780,114811999,train
22785118,126501524,train
27731269,126501524,train
30171467,226664611,test
36151001,209921907,train
36296958,272966057,train
41353712,322739195,test
16405590,22541573,train
38771017,286310789,test
40890824,318453838,train
41402463,286310789,test
42193393,8691394,train
45924706,157561573,train
46490730,376047482,test
47052953,22541573,train
32965,137974,train
43726,191091,train
48719,221873,train
69894,352168,train
135465,663879,train
249804,1309145,test
295998,568585,train
613528,2518984,train
848220,4425694,train
850198,4439578,train
2754179,13347167,train
2987465,13347167,train
4507262,2282450,train
5756464,13347167,train
6384275,252121,train
6559926,26270573,test
7498074,13347167,train
12653025,1223281,train
12883073,21315876,test
13491503,77317167,train
13857312,12485770,test
14823415,5478078,train
15039238,9472223,test
15781324,61842904,train
16194651,105762561,train
16260496,20844522,test
16659292,17085442,train
18617676,129333453,train
19368455,70154608,test
23760365,105310740,train
34384645,219738858,train
34784621,35253342,train
35385249,739539,train
38875424,9293730,train
39508726,6114916,train
40159565,92185816,train
40504835,313357538,train
40816022,315824,train
40885057,82889379,train
41108306,10921790,test
42622550,7652744,test
45214872,24041353,test
45268539,73564528,train
45595421,51237731,train
45944408,94597331,test
46021228,364597810,train
46284400,374715102,train
46330286,22003269,test
2817967,13347167,train
2872353,13347167,train
2979097,13347167,train
2995209,13347167,train
9543678,49413208,train
10096515,12485770,test
12888052,22541573,train
132516,85330,test
253815,417504,train
684808,3491890,train
776257,4094151,train
1036734,5707409,test
1955844,1308525,train
2298373,10149317,train
3068852,13347167,train
5695055,13347167,train
5806416,12484957,test
5859030,13347167,train
6438456,33614329,train
6956731,13347167,train
8951083,46785121,train
13346741,3256433,train
13754150,80479138,train
13885829,80479138,train
14215652,57283593,train
14855614,92067070,train
16802965,25233493,train
18411446,10366837,test
18867401,128579948,train
21398486,4058709,train
24806110,187536544,train
25072401,116839989,train
28888147,43825799,train
29230470,219738858,train
32533738,219738858,train
34085654,7910657,train
35050365,1889080,train
35455986,63227531,test
36975376,71289710,train
38815987,296980707,train
40787065,8312621,train
71812,369015,test
489018,864370,train
609559,3647,test
1137587,354887,train
2071420,10590692,train
8470974,2742979,train
17561119,80479138,train
18215065,10366837,test
18306444,114548258,test
21399110,1016005,train
24524252,296491,train
25669472,121851703,train
30468550,6407054,train
35688480,6430819,train
35944866,270372514,train
37155251,279498742,train
40910681,152994552,train
41008859,319990351,train
43786439,125838151,test
43898866,170392882,train
3630309,12306481,train
5117177,7243674,train
8167884,43108922,train
12452110,12327430,test
15746736,101772343,train
17478780,118400082,train
20826700,116839989,train
24541153,30895980,train
24912129,4407432,test
25340516,128579948,train
28611271,150439529,test
29567482,3472283,train
29775040,149929,train
43220447,238380801,test
45766243,29131657,train
45865497,69794747,train
1144861,252361,train
12267599,12879538,train
12344456,40040638,train
15222861,33614329,train
17266124,116404073,train
37252251,133197429,train
40582472,179746154,train
45510110,44385159,train
46993669,13750109,train
294263,417504,train
1818820,9524360,train
13674349,62028227,train
13688888,79753770,train
15663513,68094795,train
15984984,9737900,train
19200270,131858158,train
20134453,8760900,train
21694908,801975,train
23376196,3806282,train
27394897,206313609,train
29984938,1428501,train
38297641,291188797,train
40467488,182475381,train
42772944,92127706,train
6912211,21183428,test
7843604,41329387,test
11565841,60687546,train
13358265,60380241,train
13436143,22459945,train
22862877,8997485,test
22972832,161899037,train
23769218,161899037,train
24057278,161899037,train
24162261,83377687,train
26682755,161899037,train
26874462,1339545,test
29453598,221851804,train
43728551,37787619,train
66974,329436,train
263888,1384559,train
684991,3491890,train
2442276,12485770,test
12832371,22541573,train
13545453,22541573,train
13891485,22541573,train
16323724,106837455,train
16440966,1514814,train
17796112,63970,train
18169166,106837455,train
19764868,106837455,train
22397381,66658078,train
23073608,14235190,train
23768711,161899037,train
27029421,19433714,test
27373231,196557649,train
27429817,161899037,train
30109697,1385157,test
30562230,4929016,train
33428552,219738858,train
36709021,115063482,train
37971614,20587708,train
38723925,7658427,train
39298937,301718444,train
39612323,3811358,train
40231754,8815907,test
41372828,180267038,test
41634451,328405822,train
42338062,41329387,test
43163079,171812142,train
44397304,358285408,train
45203126,201813089,test
45353408,4771202,train
45414252,204348856,test
45414303,204348856,test
45532748,8651852,train
45789923,364597810,train
46142050,9040227,train
47522984,377399196,test
33156,128669,train
955153,5165749,test
9106756,1692708,train
9181806,47232411,train
9768199,50366054,test
13466302,26297742,train
15188621,61842904,train
17731252,9263625,train
20211446,9428025,train
26149494,196557649,train
30378982,3042136,train
36021063,4089511,train
36385310,273547720,train
37187163,48593753,test
37215555,1639309,train
38645666,274605727,train
39129462,39176428,train
39673135,4847184,train
40341041,264850701,train
40798553,22251283,train
43691688,844318,train
43767934,145002203,train
44295072,22352499,train
44449976,20978948,train
44975642,204348856,test
45133294,305090694,train
45400472,8255401,train
45464537,16571217,train
45659035,1676172,train
45914463,204348856,test
45924235,9144345,train
45969002,97510645,test
46356044,115660483,train
46637225,9240896,train
46646817,51426218,train
47078436,232396958,train
47100985,301334288,train
47196201,103841276,test
47472801,17076357,train
47531267,14368977,train
47922935,133197429,train
39267,168417,train
342027,168417,train
12585015,18901504,train
23465912,175116422,train
27188155,192554415,train
30232126,107915864,train
35490967,27636707,train
41632917,23815582,train
41666895,48805583,train
42925669,113723310,train
45483532,368030000,train
22929963,169808541,train
38126285,279451591,train
44248261,184912193,train
45880381,371948297,train
46991304,349884444,train
37563649,279451591,train
38163009,26529889,test
40467580,313104002,train
45811492,347577280,train
702551,3606458,train
14140552,2928701,test
14276565,87073749,train
17317366,116870039,test
19265766,134901180,train
33470580,19931875,train
38070329,288121891,train
40040311,253839975,train
41720265,329448933,train
43517333,176022663,train
37151506,279451591,train
47396113,382617662,train
47553112,382617662,train
11553360,42619297,test
14261749,86077156,train
42202440,334591997,train
44685557,358356356,train
45782880,334591997,train
13184122,73717067,train
13766273,65058834,train
38407984,279451591,train
43553577,58212294,test
43667745,57186170,test
44573189,20676068,train
46643074,22577148,train
46966506,378137600,train
46966740,378137600,train
47357446,54971095,train
47492660,125711943,train
47735517,4039777,train
47843155,378137600,train
47843253,378137600,train
887355,4705358,train
43624165,292219806,train
43624168,292219806,train
43624173,292219806,train
43624174,292219806,train
43624183,292219806,train
47463307,136912820,train
37521555,279451591,train
37561277,279451591,train
37564148,279451591,train
39832583,27438191,train
40924272,26681738,train
43098254,230670970,train
44418054,2343858,train
44948233,491967,train
44998151,94514185,test
46173352,19872325,train
46242547,42502558,train
46290688,177038905,train
46679008,377261591,train
46687219,377261591,train
46769205,23615410,train
46889163,16529156,train
47156759,22866409,test
47206059,51339469,test
47272247,357734210,train
47305727,66195454,train
47528001,165704386,train
47537093,71579273,test
47846577,3627786,train
47900402,366546827,train
47943228,33626735,train
47944478,96471332,train
44475971,306912176,train
44578561,26529889,test
47020867,24041334,train
47022095,24041334,train
47031087,24041334,train
47106347,1387341,train
47292906,219519216,train
47499157,383405212,test
47887610,241583701,train
169483,807642,train
12462883,65970539,train
28656606,3606458,train
34972982,113723310,train
36803276,4264890,train
37362079,279451591,train
37561932,279451591,train
41905845,265693500,train
42427593,43194795,train
42439366,75981937,train
43317855,2394401,test
43742075,806776,test
44207647,265693500,train
44576210,33231749,train
45001292,8504385,train
45400513,232747773,test
45446232,91742625,train
45557629,4199653,train
45828893,74036751,train
45924305,100718,train
46102949,41658748,train
46294829,57256221,test
46469028,16685178,train
46546969,2313422,train
46665892,28576844,train
46776231,377649431,test
46789948,1570801,train
46814731,4642186,test
46853882,378230523,test
46875608,8139878,train
46903283,139306955,train
47021309,24041334,train
47068172,24041334,train
47316061,305718497,train
47475669,118807951,train
47706983,41658748,train
47736076,125711943,train
47746271,4267083,train
47874684,255795,train
48016231,85894644,test
742026,132132,train
755528,3684360,test
29152320,219347424,train
43004379,107915864,train
12604187,18901504,train
37522712,279451591,train
1043493,1680212,train
21726358,74541079,test
37357947,279451591,train
38484860,279451591,train
38902678,270414511,train
45828915,370035324,train
47237353,70164346,train
8069030,42619297,test
34043476,48201791,train
39670769,109442039,train
44244261,230705060,train
25354569,134901180,train
47250002,37273608,train
28418722,214424497,train
35874311,8923129,test
37390815,279451591,train
39685422,4039777,train
43185808,23815582,train
44257354,352040465,train
45983645,372755385,train
24834309,6194487,train
515015,2536060,test
4717296,24009463,train
17073870,41398005,train
24806098,75981937,train
38787352,55527442,train
41194774,254372359,train
45830828,33532130,train
46903319,378230523,test
22409383,3532263,test
39835444,306498876,train
852118,3259274,train
19192001,41398005,train
22020038,47414802,train
39189831,210408018,train
46001873,58108641,train
166006,791287,train
9093866,47414802,train
23221581,41398005,train
38483921,279451591,train
2319863,4480488,test
2769505,4480488,test
17716523,41398005,train
44306565,1387341,train
47456474,70164346,train
1905865,2332618,train
3265982,16516195,train
6004567,28720717,train
25209619,158461160,train
30156697,27636707,train
30875053,230670970,train
33574976,246224359,train
40030014,308732654,train
47226137,51339469,test
27834462,2598844,train
47028581,24041334,train
144087,616825,train
263005,1380060,train
624222,3097033,train
2310594,4148248,train
7806322,37915862,train
13474455,57186170,test
16735133,182670,train
20523741,141027957,train
29573034,141027957,train
35026161,113723310,train
35452335,54526346,test
46942559,9620852,train
46987549,10533381,test
819416,4103779,train
2349715,11998560,train
5432089,23334165,test
5993541,4562182,train
6103273,4562182,train
17122439,115057851,train
18018752,63749946,train
18715285,63749946,train
23727037,127345864,train
28965609,96479013,train
29260051,187908347,test
33412533,251704655,train
33787433,251704655,train
33788019,251704655,train
35428298,266627618,train
39074638,7289570,train
45623300,24407883,train
46901919,892811,train
47395232,382617662,train
47705603,384296947,train
13606307,2368191,train
31453103,194014767,train
36354043,270278177,train
40426424,113723310,train
44807786,284790520,test
3758686,19242857,train
9730432,1021060,train
10279086,52862385,train
24366897,183886601,train
31466176,14855509,test
46265763,374607003,test
3585452,17943391,train
38479781,279451591,train
43624209,292219806,train
45478992,60134224,train
12039894,34861728,train
28389715,203564743,train
32643993,160356,train
46493830,25993522,train
1776732,7379093,train
2936517,686494,train
3664473,17228147,train
6887755,21426910,test
7975360,12986426,train
19731225,71097702,train
33012494,196273418,train
34649031,214187963,train
38075485,289003559,train
100368,526105,train
658366,3319410,train
1887600,9819089,train
4637053,24009463,train
7456166,36849759,train
9167889,17943391,train
11496607,60542135,train
13294007,75029289,train
19250742,58782992,train
20886228,142286413,test
22107514,128466802,test
22717766,158461160,train
27166808,48201791,train
32113235,229149668,train
32195520,241583701,train
33982630,27636707,train
34275040,125398274,train
35835936,22550881,train
35989097,200927536,test
36301344,200927536,test
37806229,272536186,train
43870744,3178090,test
46972160,378230523,test
38404346,279451591,train
44187777,6760095,train
289665,1503831,train
895386,2265770,train
1217046,645887,train
4498927,23334165,test
5892693,29739883,train
12495831,22527211,train
13378609,45937956,train
13953083,15396656,test
14962871,12568628,train
18506359,123953239,train
24206044,12986426,train
30948025,193626078,test
30980594,28720717,train
34508183,214187963,train
36057961,271094569,train
36839655,85867497,train
40141307,12913455,train
41547677,3245431,test
46133039,97538710,test
3554230,7157099,train
6758849,35384978,train
45838885,177038905,train
12317903,1512462,test
12810210,140226,train
18942119,4264890,train
21097166,25321849,train
24392338,160356,train
29814549,187908347,test
39526252,42676520,test
40056707,308942350,train
40425416,239388167,train
1040156,3740730,train
3895930,20166817,train
38021936,279451591,train
39599755,304267739,train
40929480,37273608,train
31796691,231212364,train
34228220,174816758,test
36298671,266627618,train
37683223,284790520,test
39034248,299128204,train
50447,9744,train
504437,2356449,train
846190,3159197,train
1077179,5927702,train
6013186,31175000,train
8620134,17428203,train
8760442,45937956,train
9240067,20761853,train
10527274,54283244,train
11437634,44502437,train
13375898,75981937,train
16545876,10028635,train
17153913,2800064,train
30670056,14559352,train
30705353,229836139,train
30941454,231212364,train
33061311,7289570,train
33387469,45690587,train
34415992,4834868,train
34652720,175116422,train
35485149,28982848,test
35570515,265662009,train
35915030,270144441,train
36222367,272342845,train
38296895,210109752,train
38839128,130064298,train
22697211,41550565,train
25802121,4264890,train
38488020,279451591,train
40337032,68335750,train
42982980,10786181,train
43621244,292219806,train
44488609,358356356,train
45518765,8207362,train
46290693,177038905,train
13997552,44502437,train
15814037,102357305,train
26200249,102410496,train
39313969,299128204,train
39872100,2928701,test
40816977,139528206,train
41033426,320413124,train
45783587,139528206,train
45842314,293238741,train
1983531,5586949,train
4698707,5352419,train
4756578,24544724,train
17617905,13561853,train
20253237,140299690,train
21634979,32203986,train
37262517,30080463,train
39629775,53610697,train
41149321,10413872,train
44301041,9814074,test
46221765,51595867,train
31961184,197355864,test
35880719,269885851,train
35944364,244536777,test
40536570,20911595,train
43778233,1826093,train
44713810,9141890,train
45272941,12505849,train
45533433,284868432,train
45682803,73435830,train
46671880,52676089,train
46917210,121674388,train
46950008,379446535,train
47159537,380332619,test
47290538,381859774,train
25073191,5975227,train
27079708,28428979,train
39833359,306482362,train
44102245,151150981,train
45064453,363643848,train
45546689,39762329,train
46490808,21130734,train
47396746,382617662,train
47397326,382617662,train
47397498,382617662,train
47493324,382617662,train
6549256,4388132,train
18855710,131357064,train
35286246,265662009,train
35287089,265662009,train
37878418,8429207,test
39028402,299080216,train
40343900,15282203,test
42095151,991082,train
43788963,15473881,test
44404006,192091686,train
44522852,360106411,train
46275383,107090124,train
46471076,9667472,train
46508684,16096674,train
46596321,376734323,train
46964389,379247545,train
47078812,15282203,test
47567206,383989633,train
40621087,305152466,train
47596675,36086910,train
4357892,22727798,train
7615693,39940356,train
987616,4018660,test
2738377,14011859,test
11901356,30733725,train
28462669,70380039,train
47903958,386108490,train
3430612,17289499,train
6048583,31389734,train
6478459,18897568,train
25100219,65178149,train
38329501,1318137,train
166983,795640,test
7663043,30219359,train
13332859,70713032,train
13668941,79492070,train
26756546,77106920,test
101053,530032,train
3227002,2941712,train
6898240,11395856,train
9843884,50686888,train
16164399,2892288,test
28722807,3017533,train
29077027,13832446,train
112100,572527,test
804194,4232762,train
1260727,6866620,train
5248975,9423379,train
6784873,2903840,train
6938827,36381094,train
8390906,10953390,train
8594833,9737872,train
19056212,35078736,train
20190053,25415637,train
20901715,1961411,train
23002904,61849126,train
25168638,415605,train
26126894,17444700,train
27401585,2420988,train
29158689,41209536,train
30567064,107053688,train
1886294,9813350,train
3171234,2416036,train
5523654,28645131,test
18523629,3413858,test
19361969,135703190,train
21391447,4853070,train
24780232,17778872,train
32285578,242330603,train
33858603,15347665,train
36359810,273038911,train
39362271,287238606,train
43424333,70936,test
46011321,63501385,train
47721712,16106875,train
2723554,13937830,train
5015281,25870353,train
6688617,35008385,train
9668948,13197498,train
9791355,50463621,train
13208233,6357668,test
16720574,110825940,train
16829867,37832982,test
18669019,23149564,train
19638414,138197456,train
20981032,31825764,train
21783298,11387702,train
22194314,25275947,train
22290370,11680404,train
23041312,40811074,train
24377526,917666,test
25056684,129823499,train
25180572,119609345,train
25948509,195040579,test
26571706,199808815,train
29681538,202478509,train
33184311,249846765,train
33962961,16881166,test
34868325,34655986,train
35651376,15200548,train
41009788,26288674,train
43384033,26378238,test
44003386,28195793,train
45437667,365145291,train
2440173,3948178,test
6357527,18762837,train
10070693,51651427,train
13572291,48681901,train
13623747,78931932,train
13998064,47988409,train
25155302,46200692,test
2531865,4517005,train
6399305,264659,train
8200729,43224924,train
19408844,2102686,train
19549547,102926533,test
22164208,274583,train
26164606,196660011,train
33094364,28770493,train
39723500,305308677,train
27883,120223,train
135706,665013,test
1566326,7776144,train
1646910,2899693,train
2272872,5175067,test
2748094,14058714,train
2776119,14197781,train
3452835,666862,test
4500272,2829908,train
7870442,25613217,train
9844482,9523962,train
10534018,17500155,train
12962798,321386,train
13410478,43311385,train
13689706,46083939,train
14741343,6658730,train
14826900,25161779,train
14961122,34642159,train
18948184,132103681,train
20044214,19474504,train
20454481,6010437,train
21771502,35169885,train
24676594,186501476,train
25602541,192997396,test
28344821,57827692,test
29782013,39052053,train
30322497,137665954,train
32820888,41330382,train
36255515,66486652,train
36447795,274035866,train
206316,1014639,test
265145,1390947,train
393094,1965972,test
3136535,15414317,train
4039789,20945243,train
4225745,21930475,train
4773286,322079,train
5534660,28699661,train
5679938,1303542,train
7205212,35651880,train
9365176,48593893,train
9885815,42453789,test
12967227,71315006,train
13992742,83549989,train
15252848,52183380,test
15997880,103981529,train
16354659,93211521,train
17405812,117685023,test
19093551,1295284,test
21399131,155031529,train
22393526,33787022,train
23311374,1119739,train
23505465,161326060,train
24580422,10574166,train
25075529,164668733,train
26135711,76237449,train
26519461,187139932,test
26717498,51278311,test
28763093,27815282,test
30183115,39329047,train
30675713,72944476,train
33155086,190643075,train
33760723,211400652,train
35599507,57067644,test
37916121,275435375,train
43500300,342140677,train
47886493,36737423,train
1901357,9872650,train
4356396,20539345,train
4379307,11742895,train
7652936,18985761,train
12761563,32201215,train
12812370,9631746,test
13497362,75310656,train
13961209,83183600,train
14091664,24176743,train
14167287,3602785,train
14894267,10459594,train
17405699,117684552,test
19224930,21812461,test
21997804,812331,train
22245314,29001464,train
23921536,57192926,train
24915761,2642222,train
27548651,11963116,train
29964348,2039658,train
31099533,202478509,train
31233576,76901881,train
31639432,37277862,test
35903152,7074749,test
35988369,6230673,train
44560793,8333776,train
11157167,17259339,train
13064913,3872251,train
16053121,104400415,train
16526927,71490429,train
16554288,3543739,train
17522686,25227079,train
17568638,3095778,train
18329309,27670418,train
20013291,88022215,train
22846744,168946125,train
24019698,100965471,train
24137748,181858292,train
24922519,25347213,train
26272421,197294267,train
26840646,21924395,train
26939704,449601,train
40726123,4913166,train
43542753,268944588,train
44227581,331334325,train
45225223,20808122,train
142069,277747,train
285515,1486107,train
842494,148545,train
2081177,542611,train
2232600,11395220,test
2574386,9090698,train
3556241,636319,train
3685433,15817252,test
3687172,5771331,train
3800549,810266,train
4044625,20971414,train
4076084,7116594,train
4757212,10563051,train
5105514,26380626,train
5110541,1965783,train
5392517,1509452,test
6106142,2077383,train
6355217,33108060,train
7111775,37252712,train
7194972,22502429,train
7221712,92436,test
7480520,15887987,train
7636280,40058595,train
7780335,7285322,test
7900437,32828988,test
8173232,14196588,train
8257903,43549138,train
8257999,37376980,train
8538668,6193870,train
9175459,10621862,test
9334228,1423321,train
9615209,49746656,train
9759525,50331528,train
9939029,5417308,train
10885211,15651999,test
12406683,25095488,train
12558102,68070597,test
12979100,14885449,train
13221331,67439911,train
13258556,5189524,train
13830463,20549983,test
16238620,31391525,test
16301464,66271966,test
16706521,110686573,train
17233611,6705828,train
18049856,51926018,train
18253938,23168773,train
18481196,1750685,train
19317002,21383358,test
19403353,14404488,train
19911716,8258751,train
21112746,49046009,train
21175822,152885643,train
22191302,6317137,train
22214594,81503286,train
22308180,2424166,train
23469548,39147880,test
25236812,80078342,train
26679556,4231845,test
27425011,10428298,train
27567414,13322259,train
28045230,133792790,test
28443430,1820586,train
28536219,3690070,train
29119411,56648414,train
29299404,13646328,train
30559544,195024580,test
31147386,9664155,train
31540573,6259917,train
33685563,35842670,test
34274062,133465194,test
37054496,22445947,test
47185178,35129440,train
47703791,145342126,train
61167,295760,train
471845,2220859,train
1487222,1308282,test
1789715,6989380,train
2033224,10437461,train
2690370,480923,train
4857075,4306959,test
7241020,6697833,test
15665485,8164085,train
20195539,143817547,train
26229979,150482926,test
29464708,104675082,test
29825825,224350246,train
33315368,1207422,train
40127447,167769340,train
1863930,3351261,train
6305027,309393,train
6747308,3282552,test
7200503,8920465,train
19170051,90227099,test
19588045,8002158,train
21063162,33009,train
25138975,81754218,test
26691866,3664407,train
27904413,9021276,train
34471524,159014432,test
456457,1594083,train
695216,3558158,train
813793,4276374,train
849703,145609,train
2100887,10545523,train
3628328,1279211,train
3677995,9553177,train
4582785,13161042,train
7973730,5828974,train
11546336,36176203,train
12226927,38969372,train
14169399,84985477,train
16100652,88191,train
19049402,105642760,train
24103428,179351232,test
26256921,124693842,train
265506,1392440,train
1426004,7670501,train
2769718,14163479,train
4663807,4098538,test
7734176,40645778,test
369671,90488740,train
2046789,1442412,train
2151106,6542088,test
3219654,16304160,train
3891370,20136355,test
4060993,21064077,train
7124926,2055744,train
11120851,46980935,train
33985846,235218603,train
127387,23276,test
320877,1366194,train
829083,4345735,train
841075,4392420,train
1291245,2078796,test
2010624,10346273,train
3694441,1010344,test
4082357,3801427,test
4787201,7365719,train
6654984,5417600,train
8986585,46946480,test
9392042,9703540,train
9533058,24120376,train
11814079,411437,train
15665152,19282734,train
15894242,1683860,train
17569080,42555896,test
18842882,57821225,train
19018157,132698746,train
20607037,47267079,test
21264068,7784696,test
22247923,68112758,test
25033659,64542737,train
25135607,31612339,train
26663507,1116256,train
27389854,206400943,test
28312557,46594996,train
30020524,36560763,train
30706240,35179914,train
31761417,123060492,train
33970684,256510832,train
34063075,191988723,test
261194,696482,train
261781,1359519,train
281521,70614,test
785166,2840710,test
995169,189552325,train
1013648,5018907,train
1227528,3086048,train
1284776,6989825,train
4273931,22188911,train
4937135,25439443,train
6609293,26228337,train
7803475,25847311,train
9138319,2264413,train
9839378,5657756,test
12321626,38353649,train
12405814,1468472,train
13465546,9904775,train
13520598,12267269,train
15359350,16378714,test
15726990,15600805,test
16100819,4198285,train
16237242,3088873,test
18875740,11163128,train
18907303,15942750,train
21648513,2347173,train
21783724,2101238,train
22323960,16787192,train
22752094,33995259,train
25281618,117341696,train
29621716,29746291,train
35488159,242361272,train
820801,25632,train
5823337,30224326,train
6968737,36538690,test
7733315,3010260,train
13659914,15588105,train
23613805,176651039,train
35114189,1788010,train
35548551,11397354,train
16394824,107398940,train
18223667,15069930,test
19248688,1241818,train
19720877,7627586,train
21254718,56197328,test
22534758,23949144,train
26166987,5161217,train
258690,1359611,train
3623946,18254730,train
5188746,5896802,train
8069316,7363236,train
12496037,23870466,train
13325664,38403770,train
14125913,21592879,train
15974157,1753251,train
19861834,17820666,test
20474033,94408885,test
21982534,58847382,train
22453638,164537600,train
24086178,6523823,train
24372429,26018691,train
25512049,2441040,test
28913683,40681070,train
30527061,229072295,train
30748302,55398056,train
33014255,53632978,train
33826205,57920236,train
34495704,160349432,train
34508048,63554174,train
478832,2371814,train
600877,2973437,train
1150869,6142196,train
2309363,11793333,train
3970224,1033829,train
4839323,988069,test
5550492,28778783,train
7222833,6403403,test
13614714,78722739,test
13912926,1287719,train
15604993,100593354,train
15663543,48498971,train
19141833,4331581,train
19456350,126144914,train
20223912,13032983,test
20424288,625403,test
22162513,2946216,train
25745458,2483350,train
27573767,49283943,test
28270998,647528,train
29222825,101036928,train
30035973,160493366,train
33047896,3141293,train
149287,720320,train
544039,2674637,train
1352676,7342138,train
3583605,18051675,train
3838056,4091348,train
3971580,17576229,test
4198391,7805184,train
4792219,11479819,train
5386402,4624753,test
5826468,27894798,train
5857515,2171626,train
6041875,30354475,train
6303611,6283678,train
6509750,696487,test
6544899,34233009,train
6947196,36425465,test
7228397,700231,train
7293506,2993160,train
7988491,83834,train
9381449,27499750,test
9426406,12241602,test
9520489,14466771,train
9772177,50384225,train
10190411,52336636,train
11593365,10703999,train
12294008,27742760,train
12519774,2593193,test
12757980,69391155,train
12863594,70321716,train
13083030,37093995,train
13109326,72874879,train
13767238,24908787,train
14953958,86919833,train
16725879,6437545,train
17904788,12194903,train
18520274,128557920,train
19626535,22347382,train
20479561,112176192,train
20685890,63510347,test
21966418,160233319,train
22969403,52949531,test
23158770,172145021,train
23612855,99256824,train
25535697,7710878,train
26125349,502897,train
26277801,187960424,train
26388810,424656,test
26771228,144674348,train
27906875,1358304,test
28940279,40742174,train
29453268,221853540,test
30509099,474940,train
30531585,6349101,train
30815183,230516915,train
31057603,20287808,train
31294712,1180631,train
32633622,27736765,train
32729130,50333451,train
32764445,5313154,test
33689844,17844480,train
34316671,2736812,train
35282511,10746551,train
36137531,14499116,train
36358910,160175680,train
36392805,1137008,train
40962319,1434956,train
42652883,68536641,test
42965775,1142839,train
44308220,5017967,train
45884646,33188,test
45990139,372805273,test
46355720,4006238,train
46757493,377872896,train
46788208,12950608,test
47034944,380184937,train
47101251,36057973,train
74860,394752,train
145064,404424,test
400039,1488809,test
794281,2275401,train
1449546,7779204,test
2028677,9852787,train
2081408,318435,train
3171480,6183406,train
3272721,4080758,train
4766468,24591281,train
6558125,28305098,train
7764285,489734,train
10625484,4274594,train
13685871,2438907,train
13688739,79752355,train
13777303,70181692,train
13893861,82302838,train
16312536,106742582,train
17702057,26177358,test
18758370,130524170,train
19209436,87259106,train
19439790,24464178,train
20520689,146504288,train
20541892,146677115,train
21009737,2506798,train
21767672,27293055,train
21926117,42135378,train
21961462,56067189,train
23772336,27974352,train
24580838,185512151,train
25157795,4294646,train
25262795,102888703,train
25767382,11309938,train
29850004,224498087,test
29981728,38392972,test
30912652,17139611,train
32724719,42164373,train
33379269,251468079,train
33961505,2513294,test
34255740,141713689,train
37588730,852282,train
39422362,18780264,train
42890474,122377983,train
43421180,346048673,train
44462674,359292637,test
46161668,66821136,train
61509,23619,train
276216,1440691,train
503585,2483766,test
591710,2920855,train
690349,3540041,train
832772,4358812,train
840667,4390058,train
1598863,8523970,train
3840000,19783353,train
4041189,19755511,train
4204302,17550546,train
4708314,1265619,train
5213963,26975156,test
5217507,3510638,train
6660046,333376,test
6940108,13031379,train
7615409,39938343,train
13017016,69841552,train
18090927,686339,train
18592160,23356363,train
20227210,1553230,train
21935608,5448955,test
23091135,5117805,train
23372015,17314413,train
24560314,19703783,train
25589726,75569180,train
26683178,13093738,train
31262833,1879438,train
31305551,2108671,train
33155909,249637449,train
45068785,43684878,train
239826,1257760,train
3741530,19131844,train
5708360,2946319,test
6967861,36534042,test
7257311,14726038,train
14417576,57910970,test
17133664,45409030,train
18102867,3632170,train
18236192,125977647,train
18288371,8008110,train
18596546,24338366,train
19164752,71864947,train
19621610,105620723,train
23230395,84529,train
23375874,38386349,train
26710580,22800762,train
27903413,210783572,test
30292232,8120005,train
30707586,13223221,train
31094549,2359328,train
40158792,310019068,train
212544,1096084,train
280315,1151818,train
292637,1021834,train
380730,1317588,train
423275,2105276,train
544331,2676438,train
752366,3956850,train
794535,4186145,train
840794,4390881,train
973128,434473,train
1171955,4922378,train
1354250,1631330,train
1398609,7553984,train
1559912,8301763,train
1806651,3267818,train
2165933,11051885,train
2201581,11231506,train
2262868,11163915,train
2641540,13524185,train
3393999,2443535,test
4216183,14565233,train
4261951,8533891,test
4447904,23083111,train
4720789,855266,train
4839932,24907501,train
4841187,14923355,train
5791540,30046603,test
5850978,2843970,train
6043671,16458904,test
7339802,38452274,test
7664263,25266538,test
7982720,41112084,test
9726143,37803660,train
10233905,14590096,train
11959165,13209857,train
12389931,5017615,train
13314206,2383846,train
13316577,7333982,test
13614923,305207,train
13959712,9792941,train
14103576,6442022,train
14231418,746006,train
14789008,26759986,train
15693558,19153021,train
16289292,3018866,train
17107656,65971028,train
18229365,6358504,test
19163623,115256,train
19847087,114596544,train
20055786,142502018,train
21198038,42905152,train
21397638,50086945,train
21695415,42237462,train
21959796,90956690,train
22371868,13753058,train
23252265,4220920,train
23556041,58114733,train
24541262,5997182,train
24801968,39774366,test
30112494,225971717,train
30273352,128293264,test
31669717,225612108,train
32468788,33783958,train
32860541,16279317,train
33331140,85518733,train
34544360,997892,train
35195090,17151691,train
37998221,2268292,train
25355845,21705284,test
26053340,18824752,train
26779665,47733373,train
31682228,237569289,train
42251657,57401970,train
32329,139853,train
804388,4233879,train
1352657,7341851,train
1633924,8680097,train
1736064,721267,train
1913722,9926905,train
2060720,9563358,train
2447868,6717488,train
4564292,23659408,test
4961949,1649951,train
8131995,42942193,test
8339140,43956548,test
11161984,3547964,train
11282788,3925093,train
12007258,59489089,train
12619450,1539941,train
13100152,620810,train
13163474,16205472,train
13265459,40863393,test
13299818,17265086,train
14772328,62126843,train
16402623,3125516,train
17735101,25651976,test
18225729,121400000,test
18253324,19377326,train
19948170,136300221,test
20033770,15899162,train
23037039,25001097,test
26747129,201116493,train
32783284,246589575,train
33267401,11939341,train
33708931,1693671,train
39277878,7560581,train
39423751,58069023,train
637426,1993811,train
2958912,15100977,train
3662091,18556644,train
4417912,21571748,test
9133959,3092054,train
16885058,47792689,train
19248044,952909,test
19760412,12326863,train
22250584,53693534,train
24907355,39190931,train
30528541,95575605,train
33560707,110448579,test
46645811,16501061,train
46834761,378375077,train
46852430,378375077,train
1959024,10124193,train
2458811,4549281,test
2783468,3187645,train
3510929,130216,train
4932139,25404246,train
5761908,29879873,train
7091390,14329995,test
9698691,50084137,test
12649685,6389984,train
13289643,74981965,train
13305621,1331063,train
13356452,69373508,train
13997539,83611052,train
15423552,98853519,train
15531352,94100727,train
18347330,36678842,train
18407251,10335937,train
18549136,7810471,train
18680331,71515912,train
19224202,6001984,train
19241136,5374258,train
20740322,147647020,train
21926279,6999831,test
22227015,4332666,train
22339264,4534686,train
23560164,38202756,train
24097816,2163683,train
25336605,69825290,train
25841768,159204067,test
26278372,17084566,test
29339032,117380551,train
29939030,42213050,train
32733884,103240731,train
34023558,88602231,train
34997894,263670476,test
35160406,264797492,train
35376453,234383668,train
36765969,18167085,train
43777496,59449336,train
46392811,375537559,train
47861514,218521242,train
48031890,146343834,train
1559435,5191738,train
1691798,8937205,train
2405505,12294891,train
2447460,12386614,train
6085109,8448216,train
9753018,1527888,train
11210829,58389790,train
12466578,11613981,train
12955281,25733361,train
13395955,34468399,test
13767337,1777689,train
14549287,11302433,train
20780311,106863782,train
21390016,2762154,train
22250309,62048197,test
23461056,11262267,test
24246039,106309624,train
24498037,45823593,train
28131704,30476503,train
35115893,2429094,train
35605017,49188828,train
35936654,9618786,train
38697036,31481921,train
25406,105538,train
148201,715807,train
263232,1381171,train
287421,1495141,train
397297,1982209,test
442649,793225,train
600286,1036617,train
654232,3291022,train
1032611,5682003,train
1245977,6789857,train
2263248,11557572,test
3080233,15674437,train
3453488,2533026,train
3603134,17898189,train
3757178,19233588,train
3827442,1484799,train
3880588,4084075,train
3944627,71418,test
5939117,9087121,train
6534409,34174768,train
6642103,10025306,train
7500270,21742272,train
7734226,9639313,train
8525292,44225290,train
8593798,45226868,train
8951480,46787065,train
9127011,19627702,test
9145070,3025128,train
9470677,49083612,train
9735503,166014,train
10070145,8820573,train
10822131,24304455,train
12542909,67758079,train
13511347,13616834,train
13912267,79675471,test
14485082,23727216,train
14490720,34264721,train
14499400,2024671,train
15085230,5437444,test
15798969,58390804,train
16018227,99487833,train
16360727,106193743,test
17667639,43907907,test
17809161,1872051,train
18392140,2828476,test
19520991,47988208,train
19751205,55148803,train
19912332,19113311,train
20401541,3697130,test
21727923,90333053,train
22146614,141895258,train
22277909,132464629,train
22294297,4085770,train
22436899,72390391,train
23821848,14934881,test
24356861,6517654,train
24700984,52575889,train
27700366,89332421,test
29902562,8830191,train
30444003,8144643,train
30687132,12101562,train
30691909,1319214,test
31056942,1407079,train
32340585,17174170,train
33954574,23066402,train
36604373,71007971,test
37359571,51328968,train
43189098,95107611,test
271694,1387370,train
696593,3228992,train
2236458,11418277,train
2906314,195783,train
6388315,9815198,train
8541831,44967011,train
8757726,123367130,train
11032957,57254931,train
12170307,64652921,train
15189639,96347002,train
15536769,27443229,train
16396507,1175504,train
16477061,3428943,train
16720039,3676370,train
20206499,4281324,train
21241079,57169534,train
21364473,1282611,train
21603461,26917353,train
22078453,15021288,test
26425943,50361964,train
27927068,8171440,train
30593615,22374232,train
34108545,218940337,train
34285510,23831365,train
40409945,4672767,train
40587185,181161462,test
40696690,315642866,train
43443260,210257450,train
44036098,540137,test
46992342,87120461,test
48026999,86609657,train
62468,304081,train
250323,1311870,train
408491,2034361,test
474283,950232,train
521018,2562882,train
628078,3119145,test
719329,3711499,test
1956726,2301618,test
2115784,10787148,train
2687083,5283121,train
2739420,3130728,train
3930878,20364466,train
4887727,3339901,train
5640394,240584,train
11522815,60753668,train
12825700,5346314,train
13093642,72296750,train
13532128,3239574,test
14056307,32919123,train
16353229,106949780,train
16504513,5179443,train
16511493,108433379,train
16916708,13896771,train
17458415,118208750,train
18005789,766182,train
18194429,125565839,train
18477519,9667737,test
18751261,130452689,train
19172071,14271995,train
19384034,135877454,train
19820146,3171141,train
20031317,142263776,train
20394850,145328112,train
20738762,9326099,test
21212488,11951550,train
21266810,19985344,test
21457933,1285768,train
21467409,155885449,train
21550933,70844761,train
21816757,159023062,train
21838962,6874341,test
21964623,160353062,train
22084212,159586124,train
22214383,130528939,test
22233024,23261539,train
22403335,163877894,test
22928216,169340719,train
23129919,171888683,train
23595013,5709606,train
25226728,78705600,train
26121109,33592161,test
27111588,2234119,train
27363454,23341244,train
27437662,206774126,train
27988990,211393353,train
28253864,14933692,train
29413438,4932876,train
29774846,17910174,test
30066459,10273945,train
30088906,226088610,test
30417368,129732248,train
30710954,192137090,train
32549617,244602318,train
34101162,22553662,train
35539397,70327134,train
36840098,61978844,train
37216267,42300406,train
37357770,281458215,train
38377425,292256329,test
38639569,145698412,train
40631655,79371852,train
40920279,110001541,train
43936926,146155698,train
47252278,24922345,test
557487,2740824,train
818325,4298167,train
846457,945407,train
875111,2908554,train
1998026,10294707,train
6101104,9107715,train
6491278,818508,train
7059663,29204097,train
7900575,41657584,train
13569725,19417913,train
16283830,49883421,train
16480673,19578509,test
19123146,201735,train
20164634,12586279,train
21588805,37880566,train
23275013,756577,train
25842535,35967771,train
27529458,33389621,train
28290447,213650814,train
29776064,51338091,test
32165540,801538,test
34259388,17770682,train
34934005,1094258,train
37056637,118983907,train
45752780,65775049,train
94209,503800,train
95747,509341,train
246351,1292250,train
249414,1306587,train
261259,1370358,train
263502,1382749,train
302758,8605,train
403668,2013117,test
526923,2589521,train
568684,2798644,train
592853,2926593,train
820218,337159,train
992977,4000059,train
1003754,5520355,train
1029808,5293735,train
1420295,2357027,test
1727923,2510744,train
2057295,10534508,train
2095959,10692401,train
2454507,9991763,train
3476105,5810978,test
3623201,14273136,train
4362474,13481367,train
4393519,6032373,train
4430819,23002143,test
5309343,27502743,train
5567401,134936,train
5602200,24665235,train
5770483,29936494,train
6169897,10720264,train
6225968,19007308,train
6570718,9630921,test
7143587,37410263,train
7271876,38073985,test
9025421,4422465,test
9216014,1208962,train
9810403,50539867,train
11689818,22808020,test
13463768,23121273,train
13490372,39177865,train
13632675,7408231,test
13687060,21419119,test
13980280,83403037,train
14672067,89532341,train
16158478,40539659,train
16321376,43610994,test
18123155,124886133,train
18180304,7598580,test
18585546,21372426,train
18610543,75567007,train
19134850,2539165,test
19317196,12624062,train
19891590,325862,train
20085462,89691323,train
20941086,53953736,train
21867598,130183779,train
22203734,90285941,test
22277436,138200407,train
22615655,2495580,train
23742000,50003794,train
23937502,17772042,test
24116969,162290659,train
25885192,89886720,test
26258306,22090713,train
26871281,440022,test
30182093,12827163,train
30437417,1627760,train
31866909,169318289,train
33010488,13833292,train
35387219,535999,train
36639611,564647,train
41362108,134950380,train
43214847,8117134,test
43686165,49188828,train
45275570,63306191,train
46566516,16005076,train
47554243,22481132,train
20913,79402,train
64015,146944,train
289020,347036,train
513343,2528671,train
563442,2770788,train
564649,2777118,train
757007,2124690,train
831911,4355788,train
853900,4459052,train
900503,4634013,train
1722358,1147942,train
1843955,9634183,train
2279335,7009234,train
2584131,11273677,train
2771877,14174901,train
2897714,7853680,train
3808093,19569660,test
3835334,539204,train
4454400,454009,train
4508885,301549,train
4578471,4263114,train
4785105,18156463,train
4813819,16419236,train
4873207,12708335,test
4891172,14813211,train
7024538,16112564,train
7041968,36926132,train
7158417,15878233,train
7460009,37077716,train
7726296,7375767,train
8428777,1905482,test
9061117,4087778,train
9260951,3509166,train
9489073,49181430,train
9714880,50152355,train
10546729,1520623,train
11971580,5388411,train
13065655,72398084,train
13113422,72918560,test
13845597,81730337,train
13978228,32704515,train
13999070,83632643,train
14167763,85734571,train
15833015,18351549,train
16164856,12610226,train
16218094,1873123,train
16575174,60591318,train
17415890,9558820,train
18874825,1396546,train
19212985,38655309,train
19315138,5060814,train
20018667,23587319,train
21679639,4696622,train
21878449,2946041,test
21932977,45697173,train
21984342,156831639,train
22142173,844422,train
22304757,134031945,train
22460607,162100686,train
23627589,170444830,test
26358694,10763733,train
26717562,102763548,test
30735584,67748738,train
30968359,30770117,train
31058866,23662073,train
32463707,58483,train
32531179,45499169,train
33787438,131544841,test
34478412,10376488,test
34980397,82182158,test
35831970,129623629,train
39532714,32924585,train
40054504,214173940,test
40493748,10076276,train
45955552,13668221,train
47831310,50923500,train
298999,1480364,train
459066,2282355,train
491942,1995093,train
703745,3597177,train
1294721,306825,train
1301321,2214774,train
1831227,6499364,train
4931807,25401356,train
5141379,21112602,train
6326959,16152105,train
8146444,12796091,train
18840688,34676783,train
18949137,33683538,train
24203680,9756051,test
25280641,10240682,train
37878596,1252733,test
72190,373085,test
188674,909234,train
208148,1024355,test
277883,950657,train
516461,2542895,train
517654,78742,train
655472,326329,train
782063,4125000,test
784088,1506795,train
818451,4298896,train
856440,627898,test
1981669,10226006,train
2238300,249753,train
2735650,13968910,test
3013668,15358791,train
7742486,40695843,train
9370370,48618336,train
11296590,59032240,train
16163725,68544687,test
19084168,6219701,train
19440924,50386076,train
21633621,1679545,train
21799111,17692768,test
21977987,16775193,train
28634470,25617559,test
33312951,10533936,train
98663,520279,train
170420,812814,test
189787,915640,train
707658,3619590,test
796232,4194142,train
1093977,6010467,train
2880336,14720647,train
3440741,17339848,test
4821786,1543006,train
5720569,29661897,test
6269439,32800,train
6620407,31880074,test
7808266,40080883,train
8485057,10364617,train
9633920,7631412,train
10301359,40826687,test
12181549,808189,train
12220661,65217454,train
12560110,20907226,train
12892861,70594777,train
13170825,27556149,train
13547426,68733807,train
13548357,19163998,train
13784458,10411030,train
13907872,60922011,train
16670882,12096316,train
18415505,11191325,train
21039236,1026622,train
21057693,37212082,train
22468075,24707177,train
25469769,6436957,train
25949359,46976642,test
31687149,32552738,train
36228780,211353297,train
38664426,167510916,test
289703,815741,train
638894,1182294,train
992891,458021,train
2571224,13165300,train
6243991,1892681,test
6478214,29766266,train
12846584,70164336,train
15234771,85923274,train
15482082,25673940,train
18992110,12420115,train
19035295,93356179,test
20017636,15520689,train
21486134,29656088,train
22387870,6504866,train
23096661,490608,train
25187314,65633521,test
25554120,192793716,train
25719757,1741498,train
26009952,39535251,test
28286952,92769975,test
30209908,38649650,train
35080347,117317499,train
35807543,73349476,test
287408,1495090,train
290123,639526,train
326832,668564,test
437906,2175110,train
614269,3047107,train
667375,3376141,train
758919,3999634,train
785978,953375,train
842167,2257960,test
892463,1758019,train
1291561,7022451,train
1724731,9090698,train
1782872,9358396,train
1861493,9710466,train
1954653,10103520,train
1956467,1500550,train
2037632,1415489,train
2051013,10511044,train
2210663,6447944,train
2331148,3627104,train
2468186,4665764,train
2537745,4106281,train
2627940,2818232,train
2935456,10395636,test
3056451,15559190,train
3929669,622694,train
3930149,92782,train
3948939,20464791,train
3985673,6337882,test
4386718,22502212,train
4644828,805843,train
4718031,9633085,train
4863176,25015010,train
4891616,25168328,train
4996027,45384,train
5500197,6050250,train
6132230,6976808,train
6197119,26908204,train
6692574,22727131,train
7397237,38757107,test
7760545,40812784,test
7900722,37728157,train
7919094,41757762,train
8403327,15928518,train
8474806,44630169,train
8513839,2876700,train
8609130,2520559,train
8840563,42621530,train
9280902,1747007,train
9404709,2743716,test
9609825,27158859,train
10031678,46540057,test
10176552,15312592,train
10200715,569864,train
10726217,42197214,train
11301136,59066199,train
11396922,2821175,train
12485134,5206786,train
12740726,11526146,train
13199140,73924316,train
13739108,44941423,train
14253050,20852937,test
14317995,8049219,train
14783267,950826,train
14961253,94196548,train
15289231,27227850,train
15800923,25495114,train
15949915,103545877,train
15985264,103862923,train
16011595,24404906,train
16960374,30097523,train
18003918,10549792,test
18050153,10621137,train
18626606,129179250,train
18745767,2469662,train
20321803,1468617,test
21460319,3249409,train
21499536,8132596,train
21596214,7138636,test
21816519,24123958,train
21981313,44102819,train
23154138,3202437,test
23683924,6238348,train
23694603,1006421,train
23905542,1630247,train
24992558,12633660,train
26809805,19955930,train
26832236,177478860,train
27278546,34745760,train
28339611,25300542,train
28687609,11160056,train
30528692,18294695,train
32454559,55202404,train
32567344,39329872,train
32587884,244920495,train
33348833,117792931,train
976242,854208,train
999984,5468033,train
2127713,8384058,test
3595574,18115545,train
4359921,22240236,train
11346699,2207585,train
11478813,60409176,train
13783769,5684580,train
18946117,590825,train
20588062,147092207,train
21728589,158219768,train
21825897,30185313,train
21951184,59394680,test
22005812,839702,train
22310190,163103487,train
22735497,12150056,train
22751906,167019780,test
24378935,182490482,train
26838387,201829594,train
27807509,209979150,train
29701921,223511106,train
35132775,52071286,train
35463466,266800773,train
35605837,51020118,train
37498923,15546865,train
37563625,266413128,test
38131474,265248832,train
38279139,16756301,train
38908049,171521049,train
40920440,24413323,train
41775678,285042037,train
41852184,6200411,train
42074095,60654393,test
42270013,7098925,test
42412690,27477584,train
43247902,229498124,train
43655614,302678860,train
43929508,4283974,test
44645897,127375531,train
45591267,151574296,train
45854693,371750770,test
11304836,6761373,test
13814227,28345063,train
21662950,152639417,train
21851700,15907782,train
22760853,10385345,train
23437204,347953,test
25870840,48414103,test
28133596,3638277,train
28461152,17215073,train
31823858,198674748,train
34595632,261008318,test
35265230,109828555,train
36885269,34670790,test
39815289,22936344,train
40087383,188390380,train
41216339,96303866,test
45250981,20909506,train
27006,115560,train
27759,119900,train
74680,265109,test
270345,1415590,train
272026,1423613,test
841484,2682735,train
1781786,9352452,train
8985316,46941561,test
16423876,107417836,train
16969156,113460991,train
21038881,78107584,train
27578298,506194,train
28311763,34607882,train
28937536,70636634,train
29422942,221635816,train
34384958,57412032,train
12343,47727,train
118061,2248897,train
140973,686147,train
579251,388608,train
853142,4454372,train
2208545,4906960,train
3153464,16003147,train
3283409,16593547,train
3512620,617127,train
3884105,20084270,train
4815028,24797535,train
5434654,28193427,train
6316005,656798,train
6678082,34371968,train
9050373,1393469,test
10522830,1855214,train
11147993,57954654,train
11359148,42389158,train
11940117,27488921,test
13222669,5955262,train
13911835,17927023,train
13997894,83616984,train
15485880,99434002,train
17539808,1704042,train
18682184,114128146,train
18922939,15553988,test
20960203,150761245,train
21473761,51547093,test
21964596,1020357,train
22205280,14142169,train
22878715,126407919,train
22971074,19074249,train
23756498,74033494,train
26635476,57322447,train
28285760,213615269,train
28456148,3334537,train
31175570,29129194,train
31511088,167383560,train
31542692,64091336,train
33486731,21877010,train
33632312,184472924,train
35387629,258374626,test
35996222,270796745,test
36549754,274761756,test
45926163,74222537,train
24285,97797,train
5478741,28411613,train
17106473,14927662,test
21110709,59959974,train
43432211,345690575,train
2135489,8624212,test
21530044,7114486,train
22923312,20413013,train
23497936,154955520,train
24162064,182092241,train
32225485,9091410,train
34507048,61257899,test
35164294,264829290,train
37833923,282450479,train
39226459,55347886,train
635114,3158530,train
1043046,2335804,test
1598785,8038118,train
7688839,2060383,train
9219049,47938832,train
11909308,4392739,train
12267734,4899404,train
17209680,1226375,test
18059239,27159049,test
18142309,32166735,train
18836532,131180798,test
19717723,49656804,train
23128460,5669820,train
23644523,11243113,train
27426767,5699385,test
27455308,206889476,test
34228147,123724346,test
34358402,259393574,train
34976735,115167208,train
37087668,18139801,train
38780326,33681829,train
41637801,281003986,train
1702533,8335875,train
14972714,26502234,train
16004740,17108681,train
26039252,195689083,train
26374486,198340695,train
31379967,235008186,train
32586373,244906527,train
546573,1792568,train
752616,3916070,train
5547081,6289792,train
5985742,31074353,test
18327630,125545452,test
20303629,1001819,train
66008,322884,test
2799018,7028387,test
4047791,20987992,test
4378951,510577,train
6198343,1245722,test
8806783,8115401,test
10132356,21247379,train
13182531,73732590,train
30158735,146638424,train
31236046,233665357,test
33117486,249297875,train
34151410,257842396,train
34343752,5007316,train
27644,119510,train
62427,303882,train
83847,410094,train
747605,3665794,test
818084,128256,train
1346003,5605755,test
2223247,11111521,train
3700364,7644834,train
6000785,31150792,train
6421257,18096636,test
16613394,109653516,train
17906420,6899124,train
18719526,20662116,train
19803462,139871790,test
19981649,10286572,test
22012650,2502124,train
22143436,22967048,train
24889615,188169807,train
25774787,61981690,test
28462562,63659318,test
29409313,11433245,train
33928971,158709729,test
34230593,113927793,train
34444541,210008453,train
34511726,260475429,train
35463986,4333612,train
38978229,8704042,train
39509523,303537032,train
798429,4204890,train
997404,5480570,train
3187925,11249746,train
5028135,3560446,train
6103146,182477,test
7842276,7634973,train
10407271,53582731,train
16558246,109036773,train
18455236,3470710,test
19949138,16596728,train
22812324,33822427,test
28912768,10448306,train
30712682,133972014,test
32010491,29326732,train
33611062,11870917,train
35422845,266590338,train
43785672,5328880,train
504322,471928,train
535352,2630351,train
971247,5308961,train
1101035,6048514,train
2492275,4543994,train
2739978,14020493,train
3562245,8924899,train
4199782,21789707,train
4603012,45609,train
5510725,7580514,train
5621141,23747060,train
8369401,31104953,train
9563868,49513668,train
9839017,3510997,train
12871708,70396243,train
13055856,72287701,train
13642019,14607718,test
13936824,73843068,train
14878046,2909294,train
15230962,5382399,train
17366807,40438814,test
19176390,134114121,train
19748676,138579344,train
20418684,33827790,train
22997928,170574337,train
23466099,18458368,test
23801381,3481977,train
24441912,9949215,test
28985708,218474205,train
29384622,221366300,train
29489893,222098649,train
30822664,88814777,test
31448783,5945241,train
32287174,242348374,train
32669154,225322104,test
33248625,593135,test
33423101,51419167,train
33589468,109567034,train
35289004,119846581,train
35319305,13667544,test
35978071,30873670,train
40838018,17211451,train
41621752,327539522,train
45224099,365337143,train
46090949,204138652,test
463107,2301624,train
484312,2306962,train
690934,570988,train
3131756,2213809,train
3609762,18189519,train
8972957,806818,test
15247747,96159925,train
24308928,65421561,train
33740240,1426459,train
34202651,652539,train
38778791,208918394,train
1934512,2317686,train
20393120,29967049,train
26085247,196059058,train
31965215,27867038,train
36428199,26973868,train
141154,686768,train
6848,15991,test
396636,1981742,train
1056445,1600541,train
1551044,8261145,train
1944155,7720086,train
1975999,10200352,train
3987571,20670026,test
4881420,25112856,train
7202170,37711914,train
7545750,39539952,train
11724873,62359474,train
13729876,23424348,train
15431463,2000143,train
15486072,19977987,train
16212767,6082745,test
16361439,48952468,test
16683957,19233325,train
18908490,7093861,train
19359445,135680128,train
19734565,139138585,test
19924521,53710434,train
21965119,17271293,train
21966432,160369263,train
26421624,198666761,train
27612667,10511660,train
27906833,66744930,train
29705049,82286,train
30512507,38249006,train
30551807,229229020,train
33471012,252181650,train
33706354,149707913,test
36442,137432,test
25951687,12302023,test
27506113,41950627,train
32019847,238136541,test
37366694,257837216,train
40182762,70860515,train
41410961,6327460,train
41871626,331107830,test
43497405,28150114,train
45002564,196298726,train
45049542,6933609,train
46349352,62176119,train
492810,2435523,train
11422056,59996301,test
18408236,124287074,test
30674463,229284767,train
31293545,3951033,train
37633552,18999923,train
38604580,201109483,train
20234674,143977790,train
29153170,219678120,train
21804600,158781381,train
94477,478395,train
255601,1343630,train
667502,2390260,test
1053523,4128399,train
1134365,6012816,train
1142034,1474508,train
1403870,7576337,train
2385779,12186466,train
2453730,10232293,train
3283028,16591767,train
3760158,10491406,test
6040757,23713669,train
8206060,3039478,train
12190495,66127,train
14214403,128480,train
15379574,98308046,train
15381675,98341498,train
16279328,1154016,test
16780469,6263861,train
17526131,118839909,train
18763188,169653,test
20665380,8502406,train
21883309,158444643,train
26201913,1260391,train
31359053,234823585,train
32012464,239978864,train
33222609,44851966,test
35772374,264272029,train
36223669,41932662,train
36948978,277755975,train
37593685,41525,test
38813941,2578638,train
42493970,317005,train
28831635,46641887,train
40941841,411039,test
40943649,319004394,test
42670184,324311285,test
43803619,350196855,train
47182378,154214561,train
41042530,320636215,test
6795231,1295985,train
13361785,9949656,train
19822902,1451743,train
28050441,211893857,test
28164678,212741420,train
19602515,11758216,train
23070522,60373268,train
30535905,229124258,train
36602789,275129226,train
6895123,7107154,train
13911729,70834,train
16778711,2938381,test
18753645,130473272,train
24206202,182472967,train
27491339,120643397,train
29332969,28214995,train
34655633,261462426,train
41237808,323494574,train
155296,656841,train
1669149,8838470,train
7415905,38850307,test
19691108,31582668,train
19824236,8154922,train
22586049,10057035,train
22986908,28811902,train
24801589,3082771,test
30710462,6451056,test
31410637,70184008,train
33237562,234588422,train
40966210,77409890,train
42137211,41834661,train
42157848,1378368,train
45470308,61685550,test
18127,69829,train
28907,124352,test
59014,282927,test
68735,342054,train
117425,593115,test
201992,988350,train
221097,1146744,train
228317,1191142,train
258930,32613,train
262343,1376385,train
357509,684129,train
550777,2707053,test
594732,2938302,train
665394,1139222,train
666315,1486465,test
755477,839626,test
772362,2631234,train
772679,4076876,train
788005,4153591,train
873465,3588693,train
925730,4980428,train
1021491,5622682,test
1032127,5679237,train
1446483,5283769,train
1570204,377151,train
1596314,4327300,train
1640995,8313953,train
1817510,6957798,train
1925224,9946315,train
2209835,8811222,train
2292366,440396,train
2601464,13322744,test
3241858,1866033,train
3281660,418289,test
3379914,9317567,train
3818298,3856533,train
3980487,3424328,train
3989564,1272714,train
4363228,3905383,train
4563401,22885233,train
6360639,3320288,train
6898600,32775769,train
6922490,742729,train
7749069,40735098,train
8290210,41152325,train
8313370,3473097,train
8474859,44631190,train
8987606,46951225,train
9341144,377783,train
9509218,49275064,train
11005300,57107571,train
11049502,36369973,train
13009244,10458139,test
13094329,372206,train
13154343,13739649,train
13398340,5917464,test
13854483,14470110,train
13901170,82398569,train
14023652,70260014,train
14301857,47901176,train
15399031,86592511,test
15895829,4012934,train
16271818,10263854,test
17239321,6489574,train
17448930,118110284,train
17539385,7070648,test
18610539,34361146,train
19348689,7969715,train
19528326,89022528,train
20688422,1393089,train
20689395,5402500,train
20836787,123370360,test
21275837,4976240,train
21583199,37750296,train
22001621,103863147,train
23979192,15538912,train
24374487,33587458,train
24709525,17923141,train
25124293,1546476,train
25257443,190823422,train
25492295,8067740,train
26494242,10577999,train
26886071,5073548,train
27131137,49786789,train
29566272,2897622,test
29584789,41233448,test
29605532,2681144,train
30586563,107374902,train
31087285,219113745,train
32045812,47732926,test
34675072,261559275,train
34933891,35514248,train
35033674,18506733,train
35251947,248880851,train
35604447,267860635,test
35877016,6489574,train
37671932,19702766,train
38676196,13200526,train
39025553,4561720,train
39961750,248707422,train
40261482,79440569,train
40278866,49588596,test
42205919,18825679,train
42646388,11376150,test
42921971,23485989,train
32559129,127667513,test
33528376,243489234,train
39543637,50045329,train
43910583,279775863,train
46135884,40396791,test
46750078,377816349,test
162508,776645,train
1709089,3093378,train
6939597,2723812,test
7048398,21323838,test
18522547,128424841,train
21664152,124409689,train
26333975,2033628,test
26587430,52538564,train
31543246,236422290,test
208122,1024248,train
460999,128890,train
3836199,19758179,test
12584072,68252461,test
19566557,8306638,test
19715121,34899836,train
20230482,144138036,train
23642287,270404,train
27237325,205144781,test
29776797,224029433,train
37009724,108157733,train
40511861,313638262,train
22958680,170092307,train
65660,320538,train
121687,262812,train
859023,1536441,train
3175088,16100913,train
3678796,18693665,train
13260699,74643411,train
13355002,75730551,train
19734117,139135366,train
21138717,70307900,train
24621401,42795691,train
30105137,226205088,train
32297005,242438900,train
33020831,45927588,train
35162513,264814648,train
41725492,295596237,train
16584033,4965665,test
19966023,8977208,train
40973488,2637165,train
43141206,7228431,train
43298710,305240193,train
43309826,305240193,train
43485997,24051501,train
43509536,71482332,train
43715171,1479666,test
43724181,349248391,train
44011596,305240193,train
44012037,305240193,train
44063431,45068560,train
44207491,305240193,train
44208457,305240193,train
44448566,38347589,train
44478978,280926705,train
44483933,305240193,train
45218458,15856385,train
45281397,305240193,train
45363361,281091706,test
45652061,28815081,test
46382794,2891331,train
46734129,329941458,test
47219783,154215237,test
47355083,16240783,train
47785146,377992297,train
2392051,132244,train
4730857,24429897,train
29513249,222249366,train
43085143,64211106,train
43309759,305240193,train
43314501,305240193,train
43898057,290177485,test
44009745,305240193,train
44010441,305240193,train
44010749,305240193,train
44011796,305240193,train
44014824,305240193,train
44014945,305240193,train
44132284,305240193,train
44135526,305240193,train
44205461,305240193,train
44207621,305240193,train
44477118,15538490,test
45380675,130122334,train
46543415,15819815,test
47017046,380077547,train
47264963,305240193,train
47306921,305240193,train
47455634,5281273,train
47506678,305240193,train
47506778,305240193,train
47757632,6755968,test
47811798,305240193,train
47924321,119059138,train
47977023,33786332,train
26025770,4392159,test
34706349,10032016,train
39985482,1694794,train
43703566,39352797,test
43971504,10461232,train
45219107,365279318,train
45842472,38795245,train
46039453,10571365,train
46044690,46948694,train
46393355,375418894,train
47037451,164338652,train
47052038,112573606,train
47390691,339532633,train
47718567,367368693,train
47736171,12541502,train
47737131,27068617,train
47805581,365989993,test
47905850,386139954,train
47973190,17565034,test
16756678,50282911,train
46020971,26414193,train
46153625,3284026,test
46485865,7524977,train
46872148,236567207,test
47035599,380204733,train
47205210,4253785,test
37750997,95303084,train
39606116,6230230,train
46951217,273925772,test
89205,257306,test
242643,1273825,train
249704,966806,test
274995,1437621,train
455734,2265389,train
526532,2492286,train
531258,2609535,test
581180,2775107,train
1291261,7020798,test
1604489,8548453,train
2466687,8778997,test
2563967,257315,train
3279671,109738,train
8838957,10595200,train
10229444,24884472,train
17329090,116992515,train
17943407,3463177,train
18024561,47536613,train
19407992,8304751,test
19703922,2262180,train
20385467,740812,train
20982734,5668108,train
22017432,9605757,train
28136160,17101801,train
32244865,53931758,train
35680174,268405137,test
37060607,278744903,test
39149013,300293489,train
39610836,293157326,test
39950097,3610129,train
42431100,25116430,train
42810278,13325584,train
43142085,251991421,test
43751271,8041720,train
45206350,50524402,train
311003,72747,train
11991426,1598283,train
18026087,123978791,train
24016145,41561905,train
39390945,186120177,train
41774468,186141107,train
44131826,25597316,train
874706,4616773,train
2404708,12290324,train
10230429,52539349,test
16186637,28722598,train
19225682,26656760,train
20780688,52287004,train
21365714,154700793,train
25071113,104921994,test
25626932,182272609,train
40569773,314368230,train
44611550,22337277,train
47289019,29571112,train
66718,136227,train
225976,1177947,test
235960,1236817,train
849409,4434798,train
2238389,11430355,train
3303165,4279827,train
3420390,17212510,train
3829609,4928083,train
5479460,28414787,test
5604704,19523446,train
7071657,4909308,train
7462019,39085295,train
8520094,44862166,train
8621133,41420696,test
10452541,3370169,train
11011567,22861935,train
14521738,22593050,train
15561163,100202479,train
15899432,103129069,train
17735760,9215977,train
21923649,8494658,train
22358421,163489115,train
23109325,86575539,train
24798903,21764391,train
26560159,16782911,train
30043966,133723890,train
30236202,8998154,train
30826725,20780113,test
30939313,129324501,train
35508218,155137506,test
37835602,286448524,train
40611604,258806401,train
45907409,53972872,train
46436269,375692991,test
45236489,358151054,train
8571594,45112353,test
9708577,50126257,train
23792656,176001804,train
25137152,189982777,test
29929702,225033890,train
33046604,65613634,train
35546352,103336088,train
36198348,6801314,test
36943029,75268330,test
570750,2806561,train
1771965,9306716,train
4331684,22487371,train
9809911,50537550,train
10709249,35761677,train
13749474,40507839,train
16749005,110062117,train
19342192,28283044,test
19554564,612563,train
19888622,140470401,train
21969058,16864813,train
22387499,68554866,train
23747957,36052067,train
26554937,10457300,train
32549155,244596528,train
33785477,254771644,train
38213232,110871178,train
39585946,304162990,train
205867,1012691,train
351530,1747222,test
4742068,22616989,train
6029809,4049004,test
6477272,6696648,train
14952649,94118056,train
18196880,5378851,train
25277640,190962476,train
25918623,7558748,train
44996513,68421703,train
46643830,49105391,train
67288,101597,train
2249464,4358264,train
6900168,2831384,train
9051437,14544355,test
10636997,54917558,train
11147376,22218564,train
13877683,57994,train
14470437,29997245,train
14987516,94467583,test
15328271,77665938,test
16347171,19655631,test
21501622,975030,train
22448487,4823243,test
22705115,47412299,test
22852435,169012324,train
25101744,26555925,train
28364513,206459807,train
30279712,225367154,train
33526710,252628456,train
34420574,259838485,test
34465119,6167891,train
35584546,267744284,train
40734111,83102592,train
42535595,338790934,train
18211687,7225546,train
18634121,276078,train
30512304,228980689,train
32666157,776290,train
45653461,57962324,train
46488145,31704698,train
31555,135619,train
99085,522164,test
276317,130901,train
1550558,6044644,train
10429566,52616278,train
16215826,105328014,train
18432894,6455775,train
20663542,147807102,train
25765042,1290870,test
30129315,19539210,test
30715085,57046582,train
30998033,231503052,test
32165550,68959402,train
38087804,151698195,train
45698590,80470317,train
46445285,375749410,train
560867,2035021,train
2314398,11246260,train
3531190,1457351,train
5944460,17300177,train
7369427,6486116,test
13532647,26923140,train
17314298,31857792,train
18151035,3639678,train
23649906,177036542,test
25190223,187312369,test
28385105,49804236,train
33691396,15729463,train
34329708,9811865,train
9657,21904,train
21456,42032,test
46544,8198,train
190974,874471,test
222304,1153993,train
303462,1562045,train
627432,3114411,test
713891,3675389,train
1646838,8739354,train
1881846,586409,train
4277980,22209733,train
4410626,22893493,test
5168749,10433019,test
7318332,38337856,test
13436258,5944946,test
14282864,64480098,train
15952702,1499220,train
18068913,23944472,train
20705094,32689791,train
21772083,26744799,test
24596989,12292581,train
25127253,38844508,test
25814039,193983914,train
25979705,8881505,train
34596809,261012432,train
35284618,265648986,train
44140576,11258413,test
158176,573065,train
408983,520189,train
780858,4118217,train
873701,699759,train
2385344,179296,train
4554577,22568612,train
8089270,42718751,train
10835801,12353168,test
16172073,105572605,train
16333607,32946808,train
17844130,101127101,train
20605308,147256218,train
20619757,123849755,train
22187361,202285,train
22230294,1391186,test
23870093,6570552,train
24946871,6636303,train
28197084,34590955,test
30003453,218627196,test
30689655,13108315,train
31697123,237715800,train
34371018,85165113,train
34500384,14758945,train
37365947,3895748,train
44912102,2878399,train
46177376,36579830,train
1305346,7096964,train
57297,199392,train
453255,2252261,train
513688,2530670,train
802677,4224513,train
1876811,9774018,train
2781747,309329,train
3580577,18032197,train
3587219,8483704,train
3791325,3028267,train
4162292,21601222,train
4694480,24268565,test
6056028,10622869,train
7310835,3390947,train
7601870,35102629,test
8595149,45231777,train
10282307,18272255,test
10741931,55532612,train
11591364,2487433,train
12071038,64676041,train
12885472,2629017,train
12955346,12160792,train
14205634,1534634,test
14222252,86415678,train
14507274,849356,train
14911767,3609819,train
15095005,24696055,train
15360687,1454772,train
16063885,83278784,train
17602108,119623927,train
17934924,2587680,train
19380186,13669059,test
19472799,5992129,train
22047491,10694936,train
24449621,184653310,train
27836864,45155504,train
27919104,219313,train
28101132,44174247,test
30087377,14379366,train
30089412,156481014,train
30132508,182990602,train
30443032,10458297,train
34313601,29659188,train
35012500,137890627,test
36847500,11787695,train
37722378,235719,test
38820519,109276977,train
39524724,275078128,train
41764922,329941458,test
41939024,87490804,train
274743,1436404,train
321136,1644999,train
659952,3166753,test
1593444,8289606,test
8536270,44941648,train
13004996,71717596,train
13244254,10110888,train
14915099,7216016,train
18303895,126592760,train
19470210,10856865,train
19912065,141025502,train
20333831,145082728,train
21771881,158634669,train
22567430,165853174,train
23271535,122726779,test
23973305,88394152,train
24850009,19508332,test
25395740,17788946,train
28031322,196770644,train
29256358,141853769,test
30674177,51908924,test
30909287,22323,train
31743178,234592314,test
31878988,30214212,train
33133219,109448921,train
33852604,112909067,train
34335995,16143307,train
34910158,2492400,train
38316335,78706106,train
40897658,95303084,train
42018495,2648341,test
42808686,4313527,train
43373399,267689,train
47508411,1609585,train
3490317,15697051,train
11378564,5120972,train
15758526,9718720,train
19476873,76785138,test
21817889,158764663,train
24992835,157402346,train
26332468,4694251,train
29701014,223504937,train
33735398,22736811,train
35029551,29001886,train
37623723,1187935,train
42940158,341898315,test
44213572,34550387,train
83446,454756,train
560078,2753256,train
846854,4422368,test
2243180,11457317,train
4013339,2090439,train
5146173,26606802,train
8385447,27382789,test
8595346,642004,train
9589133,605354,test
10251082,14084903,train
16242765,104177785,test
18506841,75279920,train
18806323,130897041,train
19530067,18940748,train
20086190,28695008,test
21199546,55430096,train
21247657,51846382,train
31339496,131808888,train
32081249,240594389,train
33138874,249500015,train
33154427,82524498,train
33469797,252171508,train
34155626,14929050,train
35009512,31607477,train
36813643,276702827,train
39585440,304156529,train
40228281,74250362,train
40615016,2125208,train
42058731,11866840,train
43395757,3247979,train
44687476,427019,train
45074529,2079332,train
106647,552679,train
268868,1408733,train
765569,4036700,train
4277724,6894447,train
7094112,12749467,train
7557546,9443343,train
7894007,41619645,test
9751043,393473,train
13639075,79114007,train
14802396,42569610,train
15819665,30593595,test
20714171,148307318,test
21184012,16024560,train
21458689,155791040,train
23692933,170534355,test
23727923,116067987,test
27697284,875439,train
28715862,202950759,train
35829570,393473,train
35865346,269763887,train
37210590,34188807,train
38779099,1227833,train
38900328,297919768,train
39576019,1779177,train
39603782,153513107,train
45825796,14139236,test
46159103,112932058,train
351859,417652,train
450577,2237267,test
761606,1292205,train
1110484,1690569,train
1378165,7465509,train
2748064,6055938,train
3551778,1439449,train
6327601,32931660,train
6492185,33929905,train
11732961,5362257,train
13332816,7653249,train
13373300,8190806,train
13396969,96755,test
14088971,84737060,test
14203693,1756362,train
14316284,1483451,train
17515391,10896859,train
20177584,712992,train
20615932,73498715,train
22356845,7416563,train
23870798,52443525,train
23917121,179765779,test
25188064,11501956,train
25802893,5772223,train
27107124,204018218,train
29008767,35594087,test
31978518,51414586,train
37280518,247584029,train
38385758,9836692,train
46346997,57202615,train
17446640,118084951,train
28324221,875830,train
20958075,2492369,train
38980221,4414774,train
67299,330347,train
75635,401696,train
100186,526805,train
1300216,2135948,train
1302684,3003533,train
1325911,7165563,train
1428359,7681637,train
1734724,8910286,train
1921859,9959323,train
3450210,17389236,train
6078234,31425596,train
13724284,9243105,train
14710763,91522394,train
15421244,98828133,train
15952447,97148702,test
17142987,78154356,train
20309089,101776118,test
23686606,4810688,train
28219460,6928558,train
29995362,173990320,train
30198386,226769067,test
30494093,115355850,test
32548384,244581878,train
33155771,3401286,train
43847085,68225611,train
2019755,10383481,train
8860450,12838732,train
11716677,23902914,train
13434959,2559697,test
14322869,2370635,train
16226219,59101644,train
20016090,94543144,train
20047896,27559992,train
21427369,109909474,train
21505197,3900540,train
21740324,24477433,train
22107142,161497828,train
23580002,176245949,train
23597076,176279414,train
24670846,186362905,test
25108878,32361189,train
26327970,1290628,train
29262039,37154382,train
34256727,49216953,test
35287849,265678295,train
40823172,344583,train
41375164,325305411,train
43496286,18694441,test
45253125,120745552,train
13292087,5960476,train
21700378,18743582,train
22881110,120981856,train
26322941,27600568,train
28583186,2646237,train
30588700,92612757,train
30906210,10672594,train
30981245,17981316,train
31582797,2903063,train
33710554,254107226,train
39242143,131914,train
40350195,10771121,train
40425172,127292,train
40657002,16963843,train
40731114,642004,train
43527094,185029671,train
44416142,642004,train
45750069,45958654,train
45823183,14561264,test
46801420,80107020,train
47172118,4658415,train
65834,321934,train
1228561,2305477,train
1401826,7566397,train
2159193,11012377,test
3839364,9332835,train
4845083,23123980,train
6582467,2566034,train
6921831,36279488,test
6965441,19228782,train
8155028,43052750,train
9741431,946656,train
10319699,40501530,train
10686958,8784903,train
11412980,59922151,train
16005960,104060705,train
16024539,1622733,train
18077042,121093001,train
19226317,26814623,train
21935921,3484920,train
26250574,9962257,train
27054756,146271052,test
27527902,101144679,train
28737860,333712,train
31189979,40231738,train
31211176,25137,train
32612167,245164958,train
38001419,180746404,train
38522224,293791261,train
38827003,7121164,train
43509142,60639497,test
43657397,29582882,test
43931057,1930204,train
44698756,9683962,train
45593059,24827152,train
45814284,62826467,test
45924276,44745096,test
45958158,372574956,train
46303610,17647550,test
46640047,29582882,test
47003580,7396182,test
476899,2363997,train
1320550,7169746,train
1348118,7309232,test
2043060,1499286,test
4859903,15398647,train
8075854,42660040,train
14929615,30283008,train
16229585,2279300,train
20035466,53630880,train
20135558,143186772,train
20325804,145011016,train
27287158,606154,test
40208122,45174355,train
40586837,290908,train
44334202,2368753,train
16259620,12031931,test
1928570,4393792,train
15938836,103450258,test
20816828,149294813,train
21676677,758152,train
26291721,197675041,train
30570796,10529251,train
38999408,230366042,train
43163186,6384454,test
45143238,364572188,train
45969792,199204383,train
47358818,110506181,train
239934,737845,train
1396458,1517723,train
3067244,3241305,train
8045552,42488595,train
19330743,125231390,test
27315942,205813359,test
28613110,215951448,train
39551462,303884392,test
846275,1732005,train
5247202,172672,test
9185329,17615713,test
23582566,109327526,train
24186601,20367358,train
32749511,246290852,train
33133218,249286477,train
38996102,144687633,train
39699690,204248415,train
2794762,251842,train
46568271,42767903,train
1617443,2240143,train
4250746,22057975,test
4274595,22088164,train
6627752,25599307,train
8304809,43443842,train
9725232,290908,train
13378820,10859834,train
14142298,46667080,train
15478604,36861300,train
20896858,71375344,test
41710457,329320254,train
17037,66035,train
2093304,9791461,train
2381302,12126255,test
2863530,14636480,train
2883054,5117939,train
2995000,1971142,train
4060446,21060554,train
6328394,8876603,train
7228259,37101663,train
9596854,21498793,train
10205130,52430092,train
13914201,324628,train
16055506,104558512,train
16771876,87795401,train
18455830,60160069,train
20685563,143315723,train
21313640,10500831,train
21869409,157842225,train
22152376,161770518,train
22569493,28574655,train
23393043,59089906,train
24493475,185022050,train
28155197,208079253,train
29261640,140640991,test
32365337,242571852,test
34788893,39831146,train
36150813,271910029,train
36551363,44781865,train
37213808,280167425,test
42689810,340064506,train
44154912,44201154,train
790953,4167027,test
123784,617990,train
524111,62508,train
606269,3002643,train
2791446,7069480,train
4387152,22262958,train
12846048,23144316,test
17339881,115854410,test
22203719,156983314,test
26220343,2747221,train
31540929,28035940,train
41726620,204092320,train
1347204,7309232,test
1743379,9177920,test
4227499,2811458,train
9902932,6079156,train
11399898,23590752,train
24156857,3156480,train
32355657,230191262,train
239899,1258363,train
543792,865264,train
812671,4271822,test
816888,2805766,train
957002,5202854,test
1939283,7329934,train
4377929,7245580,test
7749239,10784441,train
14516582,89680675,train
16066223,1713011,train
17219303,1700359,train
18139171,5736671,train
19425570,84803093,train
22108932,142724947,train
23747164,83824521,test
25193004,6387541,train
25737165,73456844,train
30361847,40480205,train
35030571,49292377,train
42274866,43825948,train
3440135,7356757,train
13155269,62660832,test
16846366,436642,test
41799372,330257584,train
453161,2107905,test
25734018,34758216,train
28310943,212649635,train
43689531,18550483,test
57618,274557,train
65615,320761,train
325429,92788,train
918049,4929807,train
1973889,3020145,train
3780113,5785240,test
5772667,9518420,train
8071687,36481078,test
17286647,3407346,train
20572472,6918423,train
24140198,85506502,train
20821762,127726348,train
24632456,186148178,test
25033991,189249070,test
27863860,106651452,train
44659585,185022050,train
45987191,372781964,test
140133,622866,test
232612,1217241,train
503790,2484654,test
2186699,11126880,train
4121363,21380762,test
4678943,6778700,train
4786675,23852000,train
6464881,18412434,test
14284714,38179715,test
18112181,16970101,train
20651581,101533618,train
21932460,160055033,train
24284744,123362684,train
29987114,15238188,train
30708846,1535115,test
44021024,333916875,train
45048099,34571042,train
45115299,50681880,train
533168,2620162,test
4573728,23708028,train
8151183,5983145,train
9356909,9038714,train
26559313,155924492,train
27131607,204248415,train
27891791,205188960,train
29016146,218680572,train
29702007,8533032,train
30231880,2647893,train
31223352,233534153,train
34234215,258468184,train
34600024,261036755,train
39725042,305323614,train
45556429,22821442,train
287845,1496847,train
7426597,38902136,test
13333542,75478154,test
14109485,67252331,test
15774629,101883929,test
18356695,5143286,train
18385188,127341412,test
18957522,37100193,train
21161561,24088306,train
25328184,1417893,train
30786156,105154396,train
34393812,95688223,test
35454756,39275815,train
37113582,1692144,train
40816175,28980313,train
46690252,9152003,train
9544242,17888644,train
34859647,180740272,train
5588684,489950,train
9116126,3883685,train
12333456,66566329,train
12542544,64837317,test
13153265,41084247,train
16620235,109734523,train
18271763,8165015,train
19767924,139127299,test
20997574,40507331,train
31311422,234357462,train
39363832,40619768,test
39634340,54657257,test
41270387,53771409,train
45912697,254509494,train
33009,143027,test
94783,473113,test
663608,3351317,train
1856027,267955,test
1936633,10018391,train
4016173,9639040,train
4102208,21279472,train
4262707,22124628,test
5065185,10428997,train
6887127,36089395,train
7323905,2303270,train
10096707,51813565,train
10165064,39603281,train
10487548,587918,train
14294585,24103270,test
15085833,5525273,train
17223109,10160214,train
19222766,9963151,train
19239282,612818,train
21010586,151284868,train
21296642,2738309,train
23221495,172736191,test
26894016,5778935,train
28608920,141300,train
30712164,229885031,train
32990934,236657029,train
33169786,1602809,train
36819630,188207570,train
43467768,349772,train
43907479,351491173,train
44019886,13502865,test
44434069,10711933,train
44600878,21176915,train
45956901,232078815,train
46542097,18686315,test
15862199,102811343,train
21421657,155255550,train
31119965,228900167,train
405025,2018042,test
958444,5214644,train
1130680,55176,test
1847389,9371210,test
4000621,1542375,train
9899132,9995094,test
11905096,63506844,train
12966225,71312760,train
13000020,1422833,train
25135765,23454048,test
28490526,39477098,test
31074425,232152341,train
33089083,249030378,train
33800548,96219565,train
46354006,215575720,train
46976246,92888775,train
47474703,3769020,test
2949128,15049157,train
6377161,14141873,train
6994259,36673376,test
9712682,2412806,train
10165663,52183960,test
13427412,3156684,train
16616853,16392320,train
29038532,182306283,train
29758404,223886475,train
29905155,201940587,test
39674685,215199591,train
40453546,312977896,test
46704738,52691527,train
46869482,377696966,train
419373,2085639,train
808774,4255290,train
811198,4265697,train
1456352,838704,test
3090474,15718962,train
10791008,55841172,train
12343098,66640174,train
20184035,143700620,train
21090094,152045247,test
22169350,83926842,train
23131354,109719378,train
23377781,174255459,train
23496215,175448639,train
31059276,231468237,train
31638687,237201559,train
33235936,250252296,train
37582488,139724098,train
37586370,253111673,train
41749492,214596396,test
45562289,26633737,train
46893234,326923699,train
4059620,2788262,train
6892731,36119026,test
34340887,259261655,train
41745187,329696628,train
46501021,376108202,train
46522892,27497250,train
47099708,380619211,test
31085582,4181784,test
35907916,116703956,train
41123504,1220317,train
41979598,2915108,train
42114192,224735872,train
43628389,7044448,train
45319200,212479990,train
45365757,6099991,train
45659431,221623897,train
45830845,21742914,test
45964931,371248512,test
46024257,28375297,train
46046875,70816385,train
46279588,4464764,test
46357127,59089906,train
46375046,9471525,train
46397683,10515064,train
46495181,376076401,test
46708308,116556033,train
46832306,95958773,train
46894593,376076401,test
46913873,378956905,train
46924834,3605048,test
46964548,303911109,train
46972926,11615439,train
47295535,42767903,train
47510760,383187802,train
47544939,383775795,train
47714171,231468237,train
47735289,279201,train
47736609,384613357,test
47849159,2845014,train
47882781,33072483,test
47891434,249307011,train
47949514,355773591,train
30440427,228552300,train
31168852,232578558,train
46469353,347548987,train
46837067,194164323,train
46891496,347548987,train
47392956,375204509,train
47714958,375204509,train
47833525,167815785,test
47834203,375204509,train
1948494,9950152,train
2599963,13314076,train
11046443,17171841,train
17641625,836353,train
18239876,125589679,train
18559902,125021178,train
20285397,4345263,train
21607905,81908583,train
26361306,123648417,test
27775893,209719391,train
33363084,242175033,train
38261351,286136716,train
38721740,9656110,train
42746488,340446368,train
43993168,352422868,train
46354444,266533448,train
46494268,376070574,train
46548426,271930810,train
46848440,194974261,train
47834911,249636556,train
233189,1220414,test
917058,4924435,test
4720460,1887912,train
6436950,3563303,train
10576404,10406845,train
14815997,3979831,test
21935551,88713943,train
23480048,64076428,train
24376945,21766565,train
26890426,41556599,train
27933429,35335572,test
28635287,216086952,train
33712513,40832103,train
33780377,194716858,train
33964812,10714783,train
35192077,201074848,train
37320967,24458604,train
39693650,3152519,train
43488465,5561950,train
43759349,227041748,train
44357656,154373742,train
45698174,17948159,train
46239364,32010452,test
46260153,266533448,train
46355196,266533448,train
46633584,7062448,test
46770163,104725530,train
46826044,108160091,train
47363022,247649713,train
47421273,3850747,test
47939451,350991731,train
1101224,2571,test
2000576,10263251,train
11190831,18833883,train
14665418,22935573,train
17265284,116396065,test
19101254,1131421,test
23478580,9287155,train
32222587,241764251,train
35376476,266316634,test
37003767,2155360,train
39054711,95525455,train
41616614,328102314,test
45236188,41760536,train
46153756,347548987,train
46375503,375310869,train
46375830,375310869,train
47096161,5817443,test
47823611,329090139,train
47919938,375310869,train
47920106,375310869,train
47989788,255853430,test
47989968,255853430,test
6342801,19904371,train
14129429,85235313,train
25998057,195403895,train
29653847,223198021,train
41011491,159239228,train
43831744,350313177,train
7116071,36903907,test
12723698,1420603,train
13246278,6787564,train
28602842,215869827,train
29942196,224715959,train
33859371,255675063,train
35378514,265372312,train
38438875,126912742,test
41786442,330157466,train
43543993,353990,train
45505393,25596933,train
45704426,288246705,train
46552194,89571568,train
46839924,346741549,train
46888254,25311373,train
47355990,32162495,train
47412929,382749079,train
47467278,375310869,train
898534,1928378,test
4077090,316474,train
19829900,123634626,train
41450400,326180718,test
46168609,139712252,train
46540759,80708568,train
4666584,24144577,test
5915351,30719563,train
18789421,130774685,train
19386444,22462,train
22749967,24467449,train
27262079,119826595,train
32426202,9289171,train
40943894,319005512,train
45203115,139712252,train
46832297,101311747,test
993040,5454862,train
6124097,3035426,train
16829324,4094013,test
24324891,19557813,train
24752128,5383703,train
29779937,194954408,test
40633980,9371252,train
45518443,7561215,train
46942439,379357130,train
17531292,105225699,train
26058634,195831428,train
26689797,28713609,test
33992212,2992287,test
38456362,25171838,test
40291267,135424480,train
6865662,29480685,train
9614785,6040624,test
13684217,432107,train
22587295,21784449,train
23839013,148130073,test
23899280,316474,train
27730757,7087709,test
33883497,255882354,train
35335762,6645403,train
36236022,272545283,train
37156713,112284085,train
38576601,29033142,test
39812616,10625941,train
42643177,61172932,train
43595754,73493521,test
44643892,312288,train
45896593,364376879,train
46050285,313739011,train
46193931,632334,train
46413614,375310869,train
46923174,344525630,train
222913,1157620,test
276994,1446764,test
902482,4822847,train
3236385,16376419,train
4579151,23736673,train
10881164,56376946,test
10945985,37941354,train
11767644,62634797,train
14178226,55229297,train
14968403,49508002,test
19140331,32866694,test
21738886,158334115,test
28224871,187148732,train
28257309,213426241,train
30327469,224001464,train
34838079,259968021,test
42878855,340799243,train
45635854,23080071,test
46190783,104538243,train
5661603,27755788,test
23751923,8080852,train
24772454,34948714,test
30147658,5834807,train
32161408,131995652,train
41936946,67666629,train
43831333,350313177,train
45058130,77496064,train
479285,2374190,train
37946308,45537941,train
45622515,369577892,train
47271391,375731958,train
19812,74857,test
139624,680818,train
230321,1203500,train
729841,73549,train
849603,4435623,train
980561,15742,test
1974685,428210,train
2651810,13574223,train
4734544,23992867,train
4956896,8951256,train
5965198,1566167,train
7561847,10095503,test
13525459,6327837,train
20846687,57160283,train
22173625,161976329,test
23274386,123736313,train
30326749,1370324,train
32806692,9089718,test
34981661,263566379,train
35766431,433917,train
36178860,60139158,train
38281533,291007533,train
39151564,28013110,test
43431228,254074080,train
43473890,346638859,train
45986080,372772583,train
46003758,397386,train
2793355,8127120,train
6897066,7895505,train
7329917,3557752,train
23521529,16919097,train
23786577,55598152,train
28522394,215277711,test
30715422,5953913,train
31537305,47920629,train
34065631,5452701,train
35233611,149609987,test
36600226,11243357,train
36798303,1407104,train
37937485,277685266,train
42564611,64433079,train
43525694,135943556,train
43745010,45608767,test
44319716,357482672,train
45538489,40490199,test
45669902,137495932,train
45723295,14415354,test
45723553,370621832,train
46033425,365585457,train
46116724,4646401,train
46137867,11904916,train
46223516,13619313,train
46324257,836353,train
46338192,68629582,train
46413181,375310869,train
46617745,17827404,train
46643336,374862747,train
46672848,3264855,test
46771659,31557132,train
46904014,28076036,train
47093493,3420445,train
47232956,311340454,test
47269422,80282164,test
47332264,71976249,train
47338012,197737782,train
47372086,261852064,train
47490558,280046064,train
47594250,375310869,train
47837342,309308928,train
225354,1158300,test
1444924,926743,train
5567278,2306485,train
46900688,129414853,train
83243,453519,test
245574,1288460,train
531455,1445298,train
941179,4085497,train
1195260,6532132,train
2291893,11708293,test
2771126,2333018,train
6516344,25865233,train
9733280,11763414,train
10386341,53468381,train
13315551,8387315,train
13586214,2954749,train
13810190,81270132,test
14255485,5682956,train
14336338,13547493,train
14556661,90125781,test
15581667,25079418,train
21423426,10391716,test
24656865,186029613,train
30892407,230868224,train
31212456,233436938,train
39700849,305136585,train
42248312,173729,train
44963888,119920654,train
115748,585166,train
200955,568325,test
850712,4442608,train
5163921,22775663,train
8776479,8822845,train
9137533,872528,train
19911921,15932734,train
21516275,156352453,test
22292865,132130978,train
32338134,13543967,train
33831129,8860345,train
37086914,14022130,test
42076501,246481831,train
45717987,25439245,train
43431973,3607695,train
44888330,78082564,train
45175117,4176838,train
45951517,372522022,test
82638,449787,test
103161,465278,train
258688,436599,train
284855,1482460,train
1745358,9186542,train
2482036,12697791,train
3519172,17719747,test
13770996,4923567,test
15262831,97086824,train
17331192,10291534,train
19568922,2498007,test
19944880,5350896,train
21515431,48053679,test
23054855,7216788,train
25071168,150440720,train
26719426,180775831,test
29180542,219879114,train
32723619,111466,train
35907127,265498730,train
37204742,280046064,train
37674994,284718664,train
274376,1434931,train
876355,3994331,train
2087970,10658486,test
3360420,16953405,test
4350120,21457707,train
4902143,557918,train
8183563,10963050,test
10252921,52705961,train
10329264,53153865,train
16643778,109705262,train
16758426,7265267,train
17568601,14759473,train
18728971,10113673,train
22481014,30052646,test
23060192,19930911,train
33705993,1224409,train
37489767,117265117,train
40428792,50603437,train
40732157,316222128,train
41568744,327546875,train
42791410,4297109,train
43604573,4440389,test
45535172,3532592,train
47537276,50921963,train
150989,727084,train
452541,2248545,train
801281,1010338,train
857810,4487224,test
1478315,1834942,test
1802838,2019832,train
3666653,17544112,train
5520934,28629958,train
9540414,2027404,train
9934696,51006349,test
16493057,69398683,test
19296720,135136607,train
19529637,3412684,test
20209878,56985517,train
21141576,152530167,test
21570741,67974923,train
23107316,171678641,test
24959305,3440653,train
27141013,204346423,test
27194690,18908626,train
34745490,262035496,train
34909594,8092286,train
36255541,25323622,train
37807043,286136716,train
38469091,77085687,train
741346,1099464,train
5590262,669773,test
9710620,7027191,train
10803759,18575991,train
13640966,79141968,test
21011433,3917497,train
22142575,1776666,test
23976700,7988008,test
27659585,45336046,train
29309886,194964826,train
30506672,24419496,train
33040208,24520756,train
33156988,61256671,train
35316405,6946573,train
37424933,258230385,train
40740458,4468045,train
42176736,334369591,train
42988932,245238363,train
43371304,428210,train
43797042,1692046,train
44639591,286136716,train
45005050,49412548,train
45192589,364993512,train
45253787,365617467,train
46310277,69074662,test
46546450,17399047,train
47001322,16308791,test
47015466,52917571,train
47432094,382731052,train
18617195,1599261,test
